id,stem,choices,correctKey,rationale,module,topic,skillArea,sourceType,locale,published,sourcePdf,solutionPdf,itemIndex
bank-cielene-1-t1-01-45230188b3,"Matúš vyhral cestu po Európe. Páči sa mu Bratislava, nepáčia Benátky. Páči sa mu Krakov, nepáči Kyjev. Páčia sa mu Antverpy, nepáči Amsterdam. Páči sa mu Budapešť?",A. Radšej by šiel do Prahy|B. Nie|C. Áno|D. Možno,C,"Obľúbené – Bratislava, Krakov, Antverpy majú párny počet písmen, ostatné nepárny. Budapešť má 8 písmen, preto sa Matúšovi páči.",M1,T1,VSP,bank,sk,true,VSJP8_Test-Cielene_1-g1iqhp.pdf,VSJP8_Test-Cielene_1_Riesenie-lq1nyo.pdf,1
bank-exam-x5-t1-01-4d08a57411,"Pokúste sa odhadnúť, odkiaľ môže pochádzať nasledujúca poľská veta: Na szczęście trzęsienie ziemi nie pochłonęło ofiar, nie ma także doniesień o większych zniszczeniach.",A. zo školského poriadku|B. z novinovej správy|C. z reklamy na nábytok|D. z kuchárskeho receptu,B,"Indície: trzęsienie ziemi - zemetrasenie, zniszczeniach – zničenie. Úryvok sa teda pravdepodobne týka novinovej správy o zemetrasení.",M1,T1,VJS,bank,sk,true,1_VJSJP8_Test_X5_Exam-vhpcld.pdf,1_VSJP8_Test_X5_Exam_Riesenie-qaqtdt.pdf,1
bank-t1-01-e2e72873f9,"Ktorú dvojicu slov možno doplniť na vynechané miesta tak, aby vznikol zmysluplný text? Sir Isaac Newton je jednou z najväčších postáv v dejinách ľudského _______ a od neho sa vlastne počíta fyzika ako novodobá veda. Nadviazal na výsledky svojich ______ – Galileiho, Keplera, Descarta a ďalších.",A. žitia – kamarátov|B. počítania – kolegov|C. filozofovania – obdivovateľov|D. poznania – predchodcov,D,"poznania – predchodcov (ľudské poznanie/nadviazať na predchodcov – táto možnosť nám ako jediná ponúka správne vyjadrenie v danom kontexte ; slovo kamarát sa v takomto texte vyskytne zriedkakedy, ľudské počítanie nie je ustálené spojenie, na výsledky obdivovateľov sa nedá nadviazať )",M1,T1,VJS,bank,sk,true,VSJP8_Mudre-predplatne_1_Ulohy-zhbksb.pdf,VSJP8_Mudre-predplatne_1_Riesenia-eqakog.pdf,1
bank-cielene-1-t1-02-e83e3cc368,V grafe je znázornený stav a vývoj vybraných faktorov týkajúcich sa pandémie COVID - 19 na Slovensku. Ktoré z uvedených tvrdení je určite pravdivé? (Zdroj: Dáta bez pátosu),A. Najvyšší podiel pozitívnych bol dosiahnutý 16.3.2021|B. Počet hospitalizovaných mal od 14.3. do 17.3. klesajúcu tendenciu|C. Priemerný počet denných úmrtí za obdobie 11. – 13.3.2021 je vyšší ako priemerný počet denných úmrtí za obdobie 14.3. – 17.3.2021|D. Počet pozitívnych bol vyšší ako počet testovaných dňa 13.3.2021,C,"úmrtia za interval (aj vizuálne vidno, že úmrtia klesali)",M1,T1,VSP,bank,sk,true,VSJP8_Test-Cielene_1-g1iqhp.pdf,VSJP8_Test-Cielene_1_Riesenie-lq1nyo.pdf,2
bank-exam-x5-t1-02-f12476e7b7,"Prečítajte si krátky text v jazyku Interlingua: Ille esseva fundate in 1207 e ha obtenite statut de citate in 1880. Il es tle quatroe plus grande citate in le Regno Unite e ha un population de 435 500, e es a le centro del largo Liverpool Urban Area, que ha un population de 816 216. Le popularitate de The Beatles e le altere gruposs del genere musica beat de Mersey contribute a le Liverpool statut como un destination de tourism, tourism forma un parte significante del economia modern del citate. Aj keď tento jazyk pravdepodobne neovládate, pokúste sa odhadnúť, o čom text hovorí.",A. O zaujímavostiach mesta Liverpool|B. O úspechoch The Beatles|C. O vývoji ekonomiky v anglických mestách|D. O dejinách anglickej hudobnej scény,A,"Všímame si kľúčové slová, ktorým rozumieme: úvod hovorí o založení mesta (fundate1207 – založené v roku 1207, statut de citate – štatút mesta). Text ďalej hovorí o počte obyvateľov Liverpoolu i celej aglomerácie (Liverpool Urban Area). Síce sa spomína Beatles, ale najmä to, že prispela k štatútu turistickej destinácie mesta Liverpool.",M1,T1,VJS,bank,sk,true,1_VJSJP8_Test_X5_Exam-vhpcld.pdf,1_VSJP8_Test_X5_Exam_Riesenie-qaqtdt.pdf,2
bank-t1-02-4f666679d6,"Ktorú dvojicu slov možno doplniť na vynechané miesta tak, aby vznikol zmysluplný text? Aj zajtra nás čaká podobné počasie, ako bolo dnes. Ak sa vyskytnú _____, tak iba v horských oblastiach a to vo forme prehánok alebo ojedinelých _____. Stále však bude pršať nad Balkánom a zajtra aj nad západom Európy.",A. lúče – mrazov|B. zrážky – búrok|C. dažde – vetrov|D. mrazy – tornád,B,zrážky – búrok (zrážky sa vyskytujú vo forme búrok),M1,T1,VJS,bank,sk,true,VSJP8_Mudre-predplatne_1_Ulohy-zhbksb.pdf,VSJP8_Mudre-predplatne_1_Riesenia-eqakog.pdf,2
bank-cielene-1-t1-03-b4064188e2,"skupina – Mexiko, Portugalsko, USA,... Ktoré z nasledujúcich slov je zaradené do nesprávnej skupiny?",A. Švajčiarsko – 2. skupina|B. Brazília – 2. skupina|C. Taliansko – 1. skupina|D. India – 3. skupina,D,BY nie je bratislavská ŠPZ.,M1,T1,VSP,bank,sk,true,VSJP8_Test-Cielene_1-g1iqhp.pdf,VSJP8_Test-Cielene_1_Riesenie-lq1nyo.pdf,3
bank-exam-x5-t1-03-44abf0a394,Zo štyroch podstatných mien sme vynechali všetky samohlásky. V troch prípadoch išlo o tú istú trojicu samohlások. Z ktorého slova sme vynechali inú trojicu samohlások ako zo zvyšných troch?,A. MTRK|B. HDNT|C. PNRK|D. BTRK,D,"Vybraná trojica je O – O – A. Vždy sa vo výbere snažíme najprv identifikovať slovo, ktoré je ľahko rozpoznateľné a následne skúšame, či daná trojica sedí do ostatných možností. A – motorka, B – hodnota, C - ponorka, D – baterka.",M1,T1,VJS,bank,sk,true,1_VJSJP8_Test_X5_Exam-vhpcld.pdf,1_VSJP8_Test_X5_Exam_Riesenie-qaqtdt.pdf,3
bank-t1-03-5200806fbc,"Ktorú dvojicu slov možno doplniť na vynechané miesta tak, aby vznikol zmysluplný text? Redakcia o letákoch zatiaľ síce ____, ale vzápätí po tom, ako ich dostala do rúk ich označila za jednoznačný ____.",A. nevedela – nezmysel|B. tušila – prípad|C. nereferovala – fakt|D. počula – trhák,A,nevedela – nezmysel (logické pokračovanie po „zatiaľ síce“ je „nevedieť“ ),M1,T1,VJS,bank,sk,true,VSJP8_Mudre-predplatne_1_Ulohy-zhbksb.pdf,VSJP8_Mudre-predplatne_1_Riesenia-eqakog.pdf,3
bank-cielene-1-t1-04-4557fa6487,Dvojica slov posteľ – spálňa je v rovnakom logickom vzťahu ako dvojica slov:,A. umývadlo – kúpeľňa|B. sprcha – vaňa|C. stôl – stolička|D. počítač – kuchyňa,A,"Posteľ sa nachádza v spálni, umývadlo v kúpeľni.",M1,T1,VSP,bank,sk,true,VSJP8_Test-Cielene_1-g1iqhp.pdf,VSJP8_Test-Cielene_1_Riesenie-lq1nyo.pdf,4
bank-exam-x5-t1-04-d135c838ed,"Slovné spojenie prídete k nám má rovnaký rytmus ako spojenie nádherne spí, ale iný rytmus ako spojenie moderný štýl. Ktoré z uvedených slovných spojení má iný rytmus ako zvyšné tri?",A. ponáhľam sa|B. vidiecky dom|C. odídu preč|D. nepoviem nič,D,"Všímame si krátke a dlhé hlásky v spojeniach. A: po-ná-hľam-sa (K-D-K-K), B: vi-die-cky-dom (K-D-K- K), C: o-dí-du-preč (K-D-K-K), D: ne-po-viem-nič (K-K-D-K).",M1,T1,VJS,bank,sk,true,1_VJSJP8_Test_X5_Exam-vhpcld.pdf,1_VSJP8_Test_X5_Exam_Riesenie-qaqtdt.pdf,4
bank-t1-04-4ef431f056,"Ktorú dvojicu slov možno doplniť na vynechané miesta tak, aby vznikol zmysluplný text? Lev sa od iných mačkovitých šeliem ____ krátkou priliehavou srsťou a koncom chvosta, kde má dlhú srsť. Už na prvý pohľad vidieť ____ dimorfizmus.",A. delí – bezprízorný|B. pýši – dominantný|C. marí – nadmerný|D. odlišuje – pohlavný,D,"odlišuje – pohlavný (od iných šeliem sa lev odlišuje; pohlavný dimorfizmus = samec sa od samice líši, je to vidieť)",M1,T1,VJS,bank,sk,true,VSJP8_Mudre-predplatne_1_Ulohy-zhbksb.pdf,VSJP8_Mudre-predplatne_1_Riesenia-eqakog.pdf,4
bank-cielene-1-t1-05-279c5b03f2,"Mám balík cukríkov, v ktorom je 20 citrónových a 25 jablkových cukríkov. Minimálne koľko cukríkov musím vytiahnuť z balíčka, aby tam určite neostal žiadny jablkový?",A. 20|B. 25|C. 35|D. 45,D,"Musím vytiahnuť všetky, lebo ten posledný by mohol ostať jablkový.",M1,T1,VSP,bank,sk,true,VSJP8_Test-Cielene_1-g1iqhp.pdf,VSJP8_Test-Cielene_1_Riesenie-lq1nyo.pdf,5
bank-exam-x5-t1-05-7e506f4d9a,"Pokúste sa odhadnúť, ktoré z nasledujúcich slovných spojení v holandčine, patriacej medzi germánske jazyky, obsahuje farbu.",A. goed kind|B. koud ijs|C. witte brood|D. hoog jongen,C,"Hľadáme slovo, ktoré nám pripomenie farbu – v nemčine alebo angličtine, keďže sa jedná o germánske jazyky. Witte brood – podobné white, weiss, znamená biely chlieb.",M1,T1,VJS,bank,sk,true,1_VJSJP8_Test_X5_Exam-vhpcld.pdf,1_VSJP8_Test_X5_Exam_Riesenie-qaqtdt.pdf,5
bank-t1-05-77d69a3592,"Ktorú dvojicu slov možno doplniť na vynechané miesta tak, aby vznikol zmysluplný text? Prečo ____ dvojicu elitných ____? Nahral si ich policajný kolega, ktorý spolupracoval s inšpekciou.",A. obvinili – vyšetrovateľov|B. podviedli – úradníkov|C. usvedčili – diplomatov|D. prepustili – kolegov,A,obvinili – vyšetrovateľov (ustálené spojenie elitní vyšetrovatelia),M1,T1,VJS,bank,sk,true,VSJP8_Mudre-predplatne_1_Ulohy-zhbksb.pdf,VSJP8_Mudre-predplatne_1_Riesenia-eqakog.pdf,5
bank-exam-x5-t1-06-764d99f855,"Aj keď pravdepodobne neviete po srbsky, pokúste sa odhadnúť, v ktorej vete je spomenutý člen rodiny.","A. Sahrana će biti sledećeg petka u jedenaest sati|B. Danas je lep dan, idem u grad sa prijateljima|C. Dal i mogu da vas pozovem na ručak sutra oko pola osam?|D. Baka je u avgustu napunila sedamdeset osam godina",D,"Keďže srbčina je slovanský jazyk, skúšame hľadať slová podobné slovenským. D – Babka v auguste dosiahla sedemdesiat osem rokov. Ostatné: A - Pohreb bude budúci piatok o jedenástej hodine. B - Dnes je krásny deň, idem s priateľmi do mesta. C - Môžem vás pozvať zajtra okolo pol ôsmej na obed?",M1,T1,VJS,bank,sk,true,1_VJSJP8_Test_X5_Exam-vhpcld.pdf,1_VSJP8_Test_X5_Exam_Riesenie-qaqtdt.pdf,6
bank-t1-06-9a7e73d7c6,"Ktorú dvojicu slov možno doplniť na zakryté miesta tak, aby vznikol zmysluplný text? Palina pravá je trváca veľká bylina (výška do 1 m) s hustými chĺpkami na striebrosivých osiach. Na Slovensku je ______ najmä v teplejších oblastiach; rastie ______ na vápencoch. Sušená vňať obsahuje pol percenta silice, ktorá má tmavozelenú až modrú farbu.",A. hojná – najmä|B. stratená – všade|C. horká – niekde|D. známa – vlastne,A,hojná – najmä – jedin é zmysluplné spojenie je „rastie najmä na vápencoch“,M1,T1,VJS,bank,sk,true,VSJP8_Mudre-predplatne_1_Ulohy-zhbksb.pdf,VSJP8_Mudre-predplatne_1_Riesenia-eqakog.pdf,6
bank-cielene-1-t1-07-29f99bdd23,Ktoré zo slov logicky nesúvisí so zvyšnými troma?,A. ropovod|B. vodovod|C. zvukovod|D. plynovod,C,"ropovod, vodovod a plynovod – technické dopravné zariadenia, Zvukovod – súčasť ucha.",M1,T1,VSP,bank,sk,true,VSJP8_Test-Cielene_1-g1iqhp.pdf,VSJP8_Test-Cielene_1_Riesenie-lq1nyo.pdf,7
bank-exam-x5-t1-07-51136bd573,"V ktorom z uvedených slov možno nahradiť otázniky písmenami (1 otáznik = 1 písmeno) tak, aby vzniklo slovo (v nominatíve singuláru) označujúce povolanie?",A. ??TOV??|B. ???VOK???|C. ??DIN???|D. ???DAV??,D,"Predavač. Ostatné možnosti zvyčajne majú menej alebo viac otáznikov ako je potrebné – B by mohlo byť advokát, C – hodinár.",M1,T1,VJS,bank,sk,true,1_VJSJP8_Test_X5_Exam-vhpcld.pdf,1_VSJP8_Test_X5_Exam_Riesenie-qaqtdt.pdf,7
bank-t1-07-6ca88115bd,"Ktorú dvojicu slov možno doplniť na zakryté miesta tak, aby vznikol zmysluplný text? Človek neandertálsky (lat. Homo neanderthalensis) je ______ druh rodu človek (Homo ). ______ je podľa náleziska Neandertal v Nemecku.",A. novodobý – schovaný|B. jediný – nájdený|C. vyhynutý – pomenovaný|D. nadradený – nazvaný,C,vyhynutý – pomenovaný – pomôže nám všeobecný prehľad a aj spojenie „pomenovaný podľa“ – nepovieme je schovaný/nájdený podľa,M1,T1,VJS,bank,sk,true,VSJP8_Mudre-predplatne_1_Ulohy-zhbksb.pdf,VSJP8_Mudre-predplatne_1_Riesenia-eqakog.pdf,7
bank-cielene-1-t1-08-579d519c71,Dvojica pojmov prvok → zlúčenina je v rovnakom logickom vzťahu ako dvojica pojmov:,A. voda → hadica|B. minúta → hodina|C. veniec → kvet|D. auto → cesta,B,"vzťah časti k celku, zlúčenina sa skladá z prvkov, hodina sa skladá z minút.",M1,T1,VSP,bank,sk,true,VSJP8_Test-Cielene_1-g1iqhp.pdf,VSJP8_Test-Cielene_1_Riesenie-lq1nyo.pdf,8
bank-exam-x5-t1-08-ce45328da3,"V ktorej vete možno v oboch zvýraznených slovách zmeniť poradie písmen tak, aby vznikli spisovné a správne napísané slová, ktoré sa významovo aj gramaticky hodia do vety?","A. Meteorológovia vydali TRAHAVÝSU druhého stupňa pred MIODPOŇVA|B. Novela AZONÁK sprísnila opatrenia proti MISTRÉZEXUM|C. Prejavy MUSIRAZ na internete nemôžeme VOTERAŤOL|D. Vzrastá počet VRATOMING, ktorí v Európe žiadajú o ZALYE",C,"A – výstrahu(a), povo(o)dňanmi, B – zákona, extrémistum / extrémistom, C – rasizmu, tolerovať, D – imograntov/ imigrantov, azyl(e).",M1,T1,VJS,bank,sk,true,1_VJSJP8_Test_X5_Exam-vhpcld.pdf,1_VSJP8_Test_X5_Exam_Riesenie-qaqtdt.pdf,8
bank-t1-08-8b84b69ad0,"Ktorú dvojicu slov možno doplniť na zakryté miesta tak, aby vznikol zmysluplný text? Caesar bol všestrannou osobnosťou, ktorá vstúpila do ______ i svetovej histórie vo viacerých súvislostiach. Na rímskej politickej scéne patril k ______ strany populárov, ktorí sa opierali o ľudovú podporu a tvorili protipól ku konzervatívnej aristokraticke j strane optimátov.",A. slovenskej – priateľom|B. rímskej – stúpencom|C. miestnej – manažérom|D. gréckej – vládcom,B,"rímskej – stúpencom – všímame si spojenie rímska politická scéna – priradíme teda prívlastok rímska a pri politickej scéne hovoríme o stúpencoch strany (nie napr, priateľoch)",M1,T1,VJS,bank,sk,true,VSJP8_Mudre-predplatne_1_Ulohy-zhbksb.pdf,VSJP8_Mudre-predplatne_1_Riesenia-eqakog.pdf,8
bank-cielene-1-t1-09-64ec88cd22,"Filip si vymyslel princíp, podľa ktorého ku písmenám priradil číslo. Tu je niekoľko príkladov: B → 0 A → 1 N → 1 K → 0 L → 1 Ktorému z nasledujúcich písmen je priradené zlé číslo?",A. X → 0|B. M → 0|C. S → 1|D. G → 1,D,"Prvá skupina – pridaním dĺžňa alebo mäkčeňa vznikne nové písmeno abecedy (A, Á, N, Ň, L, Ľ, Ĺ, S, Š), druhá skupina – písmeno v abecede existuje len raz (B, K, X, M).",M1,T1,VSP,bank,sk,true,VSJP8_Test-Cielene_1-g1iqhp.pdf,VSJP8_Test-Cielene_1_Riesenie-lq1nyo.pdf,9
bank-exam-x5-t1-09-f2327a0f8d,V ktorej z nasledujúcich možností možno z oboch slovných základov vytvoriť zmysluplné slová po pridaní predpony dis-?,"A. -harmónia, -patia|B. -téza, -komfort|C. -proporcia, -kvalifikácia|D. -kontinuita, -kurzia",C,"A – disharmónia, antipatia /empatia, B – hypotéza, diskomfort, D – diskontinuita, exkurzia (možno si pomýliť so slovom diskusia).",M1,T1,VJS,bank,sk,true,1_VJSJP8_Test_X5_Exam-vhpcld.pdf,1_VSJP8_Test_X5_Exam_Riesenie-qaqtdt.pdf,9
bank-t1-09-ada819ee01,"Ktorú dvojicu slov možno doplniť na zakryté miesta tak, aby vznikol zmysluplný text? Karibik (iné názvy: Karibská oblasť, karibský región) je oblasť v strednej časti Ameriky, ktorá ______ Antily a Bahamy a prípadne aj ich blízke či široké okolie; presná definícia je ______. Karibik sa považuje buď za súčasť Strednej Ameriky, alebo (spolu so Strednou Amerikou) za súčasť Severnej Ameriky.",A. vynecháva – jasná|B. obchádza – neznáma|C. zahŕňa – sporná|D. obmýva – daná,C,"zahŕňa – sporná (keďže sa uvádza, že súčasťou Karibiku je prípadne aj okolie, znamená to, že presná definícia nie je jasná ani daná.",M1,T1,VJS,bank,sk,true,VSJP8_Mudre-predplatne_1_Ulohy-zhbksb.pdf,VSJP8_Mudre-predplatne_1_Riesenia-eqakog.pdf,9
bank-exam-x5-t1-10-446189ffff,V ktorej z nasledujúcich viet je zakryté slovo kliesnili?,A. Urazení rytieri okamžite ........................... meče|B. Konáre nám ...........................výhľad na mesto|C. Celé hodiny sme si ........................... cestu džungľou|D. Ulicu po celej šírke ........................... policajné zátarasy,C,Správna odpoveď: C.,M1,T1,VJS,bank,sk,true,1_VJSJP8_Test_X5_Exam-vhpcld.pdf,1_VSJP8_Test_X5_Exam_Riesenie-qaqtdt.pdf,10
bank-t1-10-125f47eeb7,"Ktorú dvojicu slov možno doplniť na zakryté miesta tak, aby vznikol zmysluplný text? Neón (gr. νέος (neon) = nový) je chemický prvok v Periodickej tabuľke prvkov, ktorý má značku Ne a protónové číslo 10. Je to bezfarebný plyn, bez chuti a zápachu, nereaktívny. Chemické ______ neónu nie sú známe. Neón objavili William Ramsay a Morris Travers v roku 1898. Kvapalný neón sa používa v kryogénnej technike ako ______ drahšieho a ťažšie pripraviteľného kvapalného hélia. Neón sa používa aj ako náplň do niektorých typov laserov.",A. vlastnosti – druh|B. patálie – koncentrát|C. zlúčeniny – náhrada|D. látky – výdobytok,C,zlúčeniny – náhrada (drahšie hélium chceme neónom nahradiť ),M1,T1,VJS,bank,sk,true,VSJP8_Mudre-predplatne_1_Ulohy-zhbksb.pdf,VSJP8_Mudre-predplatne_1_Riesenia-eqakog.pdf,10
bank-cielene-1-t1-11-9fc891a8e9,"Nasledujúca postupnosť je vytvorená podľa určitého logického princípu . Čo by v nej mohlo nasledovať? mer, ven, zem, mar, jup, sat, urá,...",A. ept|B. kúr|C. ars|D. nep,D,"poradie planét smerom od Slnka: Merkúr, Venuša, Zem, Mars, Jupiter, Saturn, Urán, Neptún.",M1,T1,VSP,bank,sk,true,VSJP8_Test-Cielene_1-g1iqhp.pdf,VSJP8_Test-Cielene_1_Riesenie-lq1nyo.pdf,11
bank-t1-11-b5a130c09c,"V uvedenom texte je poprehadzované poradie viet. Keď vety zoradíme do správneho poradia, ktorá veta bude predposledná? V1: Samozrejme, má 200g mäsa, syr čedar, slaninu, plátky paradajok a omáčku. V2: Stále sa neviem rozhodnúť. V3: Budete si želať aj dezert za jedlom? V4: Máte Váš pravidelný hamburger? V5: Poviem Vám, keď mi prinesiete objednávku.",A. V1|B. V2|C. V3|D. V4,B,"V2 (správne poradie je V4, V1, V3, V2, V5 . Pozor! V tomto prípade sú vety V2 a V5 prehovorom jed nej osoby )",M1,T1,VJS,bank,sk,true,VSJP8_Mudre-predplatne_1_Ulohy-zhbksb.pdf,VSJP8_Mudre-predplatne_1_Riesenia-eqakog.pdf,11
bank-cielene-1-t1-12-12d25ed0a1,Tri z pojmov spája istá logická súvislosť. Ktorý z pojmov do skupiny nepatrí?,A. Fahrenheit|B. Ohm|C. Kelvin|D. Celsius,B,V Ohmoch sa neurčuje teplota.,M1,T1,VSP,bank,sk,true,VSJP8_Test-Cielene_1-g1iqhp.pdf,VSJP8_Test-Cielene_1_Riesenie-lq1nyo.pdf,12
bank-t1-12-0791796b1c,"V uvedenom texte je poprehadzované poradie viet. Ktorá veta do textu logicky nezapadá? V1: Používal sa ale iba do šestnásteho storočia, kedy už bola jeho odchýlka neúnosná. V2: Mesiac júl je pomenovaný po rímskom cisárovi Júliovi Cézarovi. V3: Ten za pomoci filozofov zmenil chaotický rímsky kalendár na takzvaný juliánsky. V4: Preto sa Októbrová revolúcia udiala podľa juliánskeho kalendára v októbri, no podľa gregoriánskeho v novembri . V5: Bol zavedený v roku 46 pred naším letopočtom.",A. V1|B. V2|C. V3|D. V4,D,"V4 (o Októbrovej revolúcii doposiaľ nebola zmienka, navyše pozor na „Preto “, ktoré na nič z možností priamo nenadväzuje)",M1,T1,VJS,bank,sk,true,VSJP8_Mudre-predplatne_1_Ulohy-zhbksb.pdf,VSJP8_Mudre-predplatne_1_Riesenia-eqakog.pdf,12
bank-cielene-1-t1-13-66b6b3ecca,Nasledujúci graf zobrazuje vývoj počtu hospitalizácií a priemerného ošetrovacieho času na Slovensku medzi rokmi 2001 a 2019 (zdroj: NCZI). Ktoré z uvedených tvrdení je pravdivé?,"A. Priemerný ošetrovací čas medzi rokmi 2005 a 2015 klesol o 1,7 minúty|B. V roku 2009 bolo hospitalizovaných dvakrát viac mužov ako žien|C. Priemerný počet hospitalizácií na 1000 obyvateľov bol najvyšší v roku 2016|D. Priemerný ošetrovací čas a priemerný počet hospitalizácií na 1000 obyvateľov od roku 2012 konštantne rástol",C,Správna odpoveď: C.,M1,T1,VSP,bank,sk,true,VSJP8_Test-Cielene_1-g1iqhp.pdf,VSJP8_Test-Cielene_1_Riesenie-lq1nyo.pdf,13
bank-t1-13-be82269c56,"Nasledujúca otázka sa týka predchádzajúceho textu . Pokiaľ vynecháme vetu, ktorá do textu nezapadá, ktorá veta bude posledná?",A. V1|B. V2|C. V3|D. V4,A,"V1 (správne poradie je V2, V3, V5, V1 – veta 1 u zatvára príbeh o kalendári)",M1,T1,VJS,bank,sk,true,VSJP8_Mudre-predplatne_1_Ulohy-zhbksb.pdf,VSJP8_Mudre-predplatne_1_Riesenia-eqakog.pdf,13
bank-cielene-1-t1-14-7f39682dda,"Peťovi trvá vypracovanie jedného príkladu z matematiky 1,5 – násobne dlhšie ako Tomáškovi. Artur počíta každý príklad ešte o 5 minút dlhšie ako Peťo. Ktorá rovnica vyjadruje popísanú situáciu?","A. A - 5 = 1, 5 x T|B. A = 1,5 x P + 5|C. T = (P – 1, 5) x 5|D. P = 1,5 x T – 5 x A",A,"Peťo = 1, 5 x Tomáško, Artur = Peťo + 5 Artur = 1,5 x Tomáško + 5 Artur – 5 = 1,5 x Tomáško",M1,T1,VSP,bank,sk,true,VSJP8_Test-Cielene_1-g1iqhp.pdf,VSJP8_Test-Cielene_1_Riesenie-lq1nyo.pdf,14
bank-t1-14-404be884d7,"V uvedenom texte je poprehadzované poradie viet. Keď vety zoradíme do správneho poradia, ktorá veta bude predposledná? V1: Predsociologické myslenie je tu tak dlho, ako ľudstvo samo. V2: Sociológia je vo všeobecnosti veda o spoločnosti. V3: Ako iné vedy, aj sociológia má dlhé dejiny, ale krátku históriu. V4: Lepšie povedané, je to veda, ktorá sa zaoberá skúmaním spoločenských javov.",A. V1|B. V2|C. V3|D. V4,C,"V3 (správne poradie je V 2, V4, V3, V1)",M1,T1,VJS,bank,sk,true,VSJP8_Mudre-predplatne_1_Ulohy-zhbksb.pdf,VSJP8_Mudre-predplatne_1_Riesenia-eqakog.pdf,14
bank-cielene-1-t1-15-bac86c9c22,"Nasledujúcu postupnosť sme utvorili podľa určitého princípu: rakva, hrôza, okruh, tatra, ... Ktorá z možností nasleduje v postupnosti?",A. Lopta|B. Hrach|C. Kôpor|D. Balón,C,"sledujeme polohu písmena R – najprv na prvom mieste v slove, druhom,...",M1,T1,VSP,bank,sk,true,VSJP8_Test-Cielene_1-g1iqhp.pdf,VSJP8_Test-Cielene_1_Riesenie-lq1nyo.pdf,15
bank-t1-15-e12e3ae69e,Nasledujúca otázka sa týka predchádzajúceho tex tu : Aké je správne zoradenie viet v tomto prípade?,"A. V1, V3, V4, V2|B. V2, V4, V3, V1|C. V3, V2, V4, V1|D. V3, V1, V2, V4",B,"V2 , V4, V3, V 1 (B – v text e ideme o d všeobecných informácií ku konkrétnejším , všímame si nadväzujúce spojky )",M1,T1,VJS,bank,sk,true,VSJP8_Mudre-predplatne_1_Ulohy-zhbksb.pdf,VSJP8_Mudre-predplatne_1_Riesenia-eqakog.pdf,15
bank-cielene-1-t1-16-72d73d6932,Slovné spojenie loď – kormidlo je v rovnakom vzťahu ako slovné spojenie:,A. kapitán – tetovanie|B. volant - auto|C. čln – pádlo|D. more – ryba,C,"hľadáme súvislosť: Loď sa ovláda kormidlom, čln sa ovláda pádlom.",M1,T1,VSP,bank,sk,true,VSJP8_Test-Cielene_1-g1iqhp.pdf,VSJP8_Test-Cielene_1_Riesenie-lq1nyo.pdf,16
bank-t1-16-68c1c4f17b,"V uvedenom postupe je poprehadzované poradie viet. Keď vety zostavíme do zmysluplného textu, ktorá veta bude predposledná? V1: Do stredu každého pridáme lyžicu slivkového lekváru. V2: Dôkladne zabalíme, aby plnka nevytiekla a opatrne vytvarujeme buchty. V3: Cesto pomúčenými rukami našponujeme, vrátime naspäť do misky, prikryjeme utierkou a necháme na teplom mieste aspoň hodinu kysnúť, kým sa zdvojnásobí objem. V4: Potom ho na pomúčenej doske rukami krátko premiesime a rozvaľkáme natenko do tvaru obdĺžnika, ktorý rozrežeme na 12 štvorcov.",A. V1|B. V2|C. V3|D. V4,A,"V1 (správne poradie je V3, V4, VI, V2 – postupujeme od cesta až k buchtám)",M1,T1,VJS,bank,sk,true,VSJP8_Mudre-predplatne_1_Ulohy-zhbksb.pdf,VSJP8_Mudre-predplatne_1_Riesenia-eqakog.pdf,16
bank-cielene-1-t1-17-0241e1f908,"Sirup sa môže zapojiť do súťaže „O zlatý vrchnák“, pokiaľ spĺňa nasledovné podmienky: obsahuje minimálne 50% podiel červeného ovocia, neobsahuje pomaranč a pri výrobe sa použilo maximálne 500 g cukru na 1 kg ovocia. Ktorý zo sirupov sa môže do súťaže zapoj iť?","A. Sirup Jahodová vášeň: Obsahuje 6 kg jahôd, 3 kg jabĺk, 100 g kyseliny citrónovej a 5700 g cukru|B. Sirup Malinová kvapka: Obsahuje 4 kg malín, 1500 g černíc, 1000 g hrušiek a 2 kg cukru|C. Sirup Višňový sen: Obsahuje 8,5 kg hrušiek, 5 kg čerešní, 250 g kyseliny citrónovej a 4700 g cukru|D. Sirup Čerešňová lahoda: Obsahuje 7 kg čerešní, 1 kg pomarančov a 1 kg cukru",B,Správna odpoveď: B.,M1,T1,VSP,bank,sk,true,VSJP8_Test-Cielene_1-g1iqhp.pdf,VSJP8_Test-Cielene_1_Riesenie-lq1nyo.pdf,17
bank-t1-17-f883d6de14,"V uvedenom texte je poprehadzované poradie viet. Keď vety zostavíme do zmysluplného dialógu, ktorá veta bude posledná? V1: Veľmi ma bolí ucho. V2: Dám vám kvapky a tabletky. V3: Mhmm, áno, je to trochu červené. V4: Ako dlho to už máte? V5: Svrbí to? V6: Áno, veľmi to svrbí. V7: Od pondelka. V8: Myslím, že tam máte infekciu.",A. V2|B. V3|C. V4|D. V5,A,"V2 (správne poradie je V1, V4, V7, V5, V6, V3, V8, V2 – logickým ukončením rozhovoru je predpis liekov)",M1,T1,VJS,bank,sk,true,VSJP8_Mudre-predplatne_1_Ulohy-zhbksb.pdf,VSJP8_Mudre-predplatne_1_Riesenia-eqakog.pdf,17
bank-cielene-1-t1-18-b39fe5c8f9,V nasledovných slovách sme poprehadzovali písmenká. Ktorý logicky nepatrí medzi ostatné?,A. Zrabe|B. Ľotpo|C. Vrajo|D. Mrsek,D,"Smrek nie je listnatý strom (breza, topoľ, javor).",M1,T1,VSP,bank,sk,true,VSJP8_Test-Cielene_1-g1iqhp.pdf,VSJP8_Test-Cielene_1_Riesenie-lq1nyo.pdf,18
bank-t1-18-acdbd0df57,"V uvedenom texte je poprehadzované poradie viet. Keď vety zostavíme do zmysluplného dialógu, ktorá veta bude tretia? V1: No, moja sestra príde na návštevu tento víkend. V2: Veď to je skvelé! V3: Čo sa deje, Jin? V4: Vyzeráš vystrašene. V5: Neviem, čo by sme mohli spolu robiť. V6: Nie! Nie, to nie je. V7: Nič sa neboj, určite si spoločný čas užijete.",A. V4|B. V3|C. V2|D. V1,D,"V1 (správne poradie je V3, V4, V1, V2, V6, V5, V7 – pozor, jedna osoba môže mať aj dve repliky za sebou)",M1,T1,VJS,bank,sk,true,VSJP8_Mudre-predplatne_1_Ulohy-zhbksb.pdf,VSJP8_Mudre-predplatne_1_Riesenia-eqakog.pdf,18
bank-cielene-1-t1-19-16e698ed05,"Vyber tú dvojicu výrazov, ktorá dopĺňa nasledujúci vzťah: UČITEĽ: ___________ = BASKETBALISTA: __________",A. KNIHA – LOPTA|B. ŽIAK – TRÉNER|C. ČLOVEK – DIEŤA|D. OKULIARE – ČELENKA,A,"Učiteľ pracuje s knihou, basketbalista s loptou.",M1,T1,VSP,bank,sk,true,VSJP8_Test-Cielene_1-g1iqhp.pdf,VSJP8_Test-Cielene_1_Riesenie-lq1nyo.pdf,19
bank-t1-19-38a75a523b,"V uvedenom texte sme poprehadzovali poradie viet. Keď ich zoradíme do zmysluplného poradia, ktorá veta bude predposledná? V1: Určite vám neunikla farba jahôd – červená. V2: Sú bohatým zdrojom vitamínov: vitamíny A, B1, B2, B3, B6, C, E a minerálnych látok, najmä mangán, bór, draslík, fluór, fosfor, horčík, kobalt, síra a vápnik. V3: Jahody sú veľkým prínosom pre naše zdravie. V4: Obsah vitamínu C v jahodách je takmer porovnateľný s citrusovými plodmi. V5: Je spôsobená prítomnosťou rastlinných pigmentov (polyfenolov), ktoré majú výrazný antioxidačný účinok.",A. V1|B. V2|C. V3|D. V4,A,"V1 (správne poradie je V3 – uvedenie témy, V2 – sloveso je v pluráli, nadväzuje teda na jahody, V4 – špecifikujeme konkrétne vitamíny, V1 – pokračujeme farbou, V5 – vysvetľujeme farbu)",M1,T1,VJS,bank,sk,true,VSJP8_Mudre-predplatne_1_Ulohy-zhbksb.pdf,VSJP8_Mudre-predplatne_1_Riesenia-eqakog.pdf,19
bank-t1-20-ce10c145e4,"V uvedenom texte sme poprehadzovali poradie viet. Keď ich zoradíme do zmysluplného poradia, ktorá veta bude posledná? V1: Nádherná plavba z prístavu v Agia Napa smerom k Famaguste. V2: Deň plný zábavy, kúpania a opaľovania sa na lodi. V3: Nezabudnite si vziať so sebou plavky a užite si kúpanie v exkluzívnej Modrej lagúne. V4: Plaviť sa budete okolo morských jaskýň na myse Cavo Greco, popri Fig Tree Beach až k tajomnému mestu „duchov“ Varoscha. V5: Počas celej plavby Vás bude sprevádzať skvelá nálada na lodi a prekrásne krištáľovo čisté more cyperského pobrežia.",A. V1|B. V2|C. V3|D. V4,C,"V3 (správne poradie je V1 – úvod, predstavenie plavby, V2 – reklamný slogan, V4 – popis trasy, V5 – popis ďalších zážitkov, V3 – praktická rada)",M1,T1,VJS,bank,sk,true,VSJP8_Mudre-predplatne_1_Ulohy-zhbksb.pdf,VSJP8_Mudre-predplatne_1_Riesenia-eqakog.pdf,20
bank-cielene-1-t1-21-cca472a585,Ktorú skupinu slov možno usporiadať do zmysluplnej vety? (chýbajúcu interpunkciu neberte do úvahy),A. zachytávajú zmenšenej mapy v zemského tohto základné forme črty|B. hviezdna hviezdnu časť zobrazuje mapa alebo oblohu jej|C. pri kartografické máp zobrazenie faktorom konštrukcii významným|D. však obrazom len mapy sú zemského nie,B,"Hviezdna mapa zobrazuje hviezdnu oblohu alebo jej časť. Hľadaj napríklad chýbajúce sloveso, viacnásobné slovesá, chýbajúce vyskloňované podstatné meno k uvedenému prídavnému menu (zemského v možnosti D – chýba „povrchu“).",M1,T1,VSP,bank,sk,true,VSJP8_Test-Cielene_1-g1iqhp.pdf,VSJP8_Test-Cielene_1_Riesenie-lq1nyo.pdf,21
bank-cielene-1-t1-22-965b90c978,"Najskôr zisti, ako má znieť otázka a potom zvoľ správnu odpoveď. Pr kľkch stpňch vr vd?","A. 100°C|B. 0°C|C. 32,3°C|D. -38,3°C",A,Pri koľkých stupňoch vrie voda?,M1,T1,VSP,bank,sk,true,VSJP8_Test-Cielene_1-g1iqhp.pdf,VSJP8_Test-Cielene_1_Riesenie-lq1nyo.pdf,22
bank-cielene-1-t1-24-f93a91683b,"Aj keď pravdepodobne nevieš po nórsky, skús určiť, čo znamená fráza STORM I ET VANNGLAS .",A. Búrka a vzdor|B. Vstúpiť do mláky|C. Búrka v pohári vody|D. Sklenený strop,C,"Indícia: hľadať rozpoznateľné slová, napr. storm – búrka, glass – pohár",M1,T1,VSP,bank,sk,true,VSJP8_Test-Cielene_1-g1iqhp.pdf,VSJP8_Test-Cielene_1_Riesenie-lq1nyo.pdf,24
bank-cielene-1-t1-25-de1e50a626,"Vyber antonymum k podčiarknutému slovu: Jeho koncoročná odmena bola naozaj kráľovská , preto vzal celú rodinu na dovolenku.",A. biedna|B. poddaná|C. smutná|D. vysoká,A,Správna odpoveď: A.,M1,T1,VSP,bank,sk,true,VSJP8_Test-Cielene_1-g1iqhp.pdf,VSJP8_Test-Cielene_1_Riesenie-lq1nyo.pdf,25
bank-cielene-1-t1-26-61339fdc5d,K trom zo štyroch možností možno pridať rovnakú dvojicu písmen . Pri ktorom z uvedených slov pôjde o inú dvojicu ako pri ostatných troch?,A. -stinent|B. -sencia|C. -onent|D. -pozícia,D,"A, B, C – možno pridať ab -, D – ab - nesedí, môže byť napr. dis -, kom -",M1,T1,VSP,bank,sk,true,VSJP8_Test-Cielene_1-g1iqhp.pdf,VSJP8_Test-Cielene_1_Riesenie-lq1nyo.pdf,26
bank-cielene-1-t1-27-71f1cfe9d3,"V ktorom z uvedených slov nemožno nahradiť otázniky písmenami (1 otáznik = 1 písmeno) tak, aby vzniklo slovo (v nominatíve singuláru) označujúce druh vtáka?",A. ??PAG??|B. ?LIE???|C. ??OKO???|D. ?RAB??,C,"A – papagáj, B – sliepka, C – krokodíl, D – vrabec ,",M1,T1,VSP,bank,sk,true,VSJP8_Test-Cielene_1-g1iqhp.pdf,VSJP8_Test-Cielene_1_Riesenie-lq1nyo.pdf,27
bank-cielene-1-t1-28-a32bfde514,"Aj keď pravdepodobne neovládaš bosniančinu, pokús sa odhadnúť, ktorá veta nesúvisí so školou.","A. U sedmom satu imamo matematiku koja mi se ne sviđa|B. Nemamo oglasnu tablu u učionici, ali imamo tri dodatne stolice|C. Za ručak smo imali mleveno meso sa pirinčem i sosom|D. Učiteljica je jako fina i jednog dana će biti direktorica",D,Preklad: Učiteľka je veľmi milá a jedného dňa bude riaditeľkou.,M1,T1,VSP,bank,sk,true,VSJP8_Test-Cielene_1-g1iqhp.pdf,VSJP8_Test-Cielene_1_Riesenie-lq1nyo.pdf,28
bank-cielene-1-t1-29-d0463cdefd,Ktorú skupinu slov možno usporiadať do zmysluplnej vety?,A. proti zachránila kiahňam pravé miliardám životy vakcinácia|B. overil si vakcinácia či potreboval funguje však|C. 1840 Jennerove presvedčili pokusy prvé napokon roku v vládu britského|D. v 1773 Londýne dokončil roku Edward v Jenner štúdium,D,V roku 1773 Edward Jenner dokončil štúdium v Londýne.,M1,T1,VSP,bank,sk,true,VSJP8_Test-Cielene_1-g1iqhp.pdf,VSJP8_Test-Cielene_1_Riesenie-lq1nyo.pdf,29
bank-cielene-1-t1-30-ff4b2cd885,"Najskôr zisti, ako má znieť otázka a potom zvoľ správnu odpoveď. J šstnsť ksv tct?",A. Štyri|B. Áno|C. 256|D. Nie,D,Je šestnásť kusov tucet?,M1,T1,VSP,bank,sk,true,VSJP8_Test-Cielene_1-g1iqhp.pdf,VSJP8_Test-Cielene_1_Riesenie-lq1nyo.pdf,30
bank-cielene-1-t1-31-0765b977d0,V ktorej možnosti sú iba synonymá?,"A. horný, vrchný, vysoký, vyšný|B. spodné, nižšie, dolné, podzemné|C. usmievavý, vysmiaty, úsmev, veselý|D. šantivá, hravá, živá, pohyblivá",D,"A – nepatrí vysoký, B – nepatrí nižšie, C – nepatrí úsmev (podstatné meno)",M1,T1,VSP,bank,sk,true,VSJP8_Test-Cielene_1-g1iqhp.pdf,VSJP8_Test-Cielene_1_Riesenie-lq1nyo.pdf,31
bank-cielene-1-t1-32-0a5b0b5292,"Aj keď pravdepodobne nevieš po latinsky, skús určiť, čo znamená fráza GENEROSOS ANIMOS LABOR NUTRIT.",A. Ušľachtilé duše sa živia prácou|B. Geneticky modifikované zvieratá sa živia sójou|C. Štedré príspevky podporili nové pracovné miesta|D. Animované generácie lákajú výživu,A,"Indícia: generosos – štedrý, ušľachtilý, animos – mohlo by to byť zviera, duša, labor – práca (ora et labora), nutrit – nutrícia, výživa.",M1,T1,VSP,bank,sk,true,VSJP8_Test-Cielene_1-g1iqhp.pdf,VSJP8_Test-Cielene_1_Riesenie-lq1nyo.pdf,32
bank-cielene-1-t1-33-72da45680a,"Budeme hovoriť, že slovo má „napodobeninu“, ak k nemu existuje iné slovenské podstatné meno v N sg., ktoré má oproti pôvodnému slovu zmenenú len jedinú samohlásku. Napríklad slová: krok – krik. Ktoré z nasledujúcich slov nemá napodobeninu?",A. Mrož|B. Vlak|C. Plot|D. Hrob,A,"mrož nemá napodobeninu (mraž, mrež, mriž, mruž nemá zmysel). Vlak – vlek, Plot – plat, Hrob – hrab.",M1,T1,VSP,bank,sk,true,VSJP8_Test-Cielene_1-g1iqhp.pdf,VSJP8_Test-Cielene_1_Riesenie-lq1nyo.pdf,33
bank-cielene-1-t1-35-7f28890c8a,"Otázka sa týka ukážky vyššie. Koľkokrát sa otočí Merkúr okolo svojej osi, kým sa dvakrát otočí okolo Slnka?",A. 24|B. 3|C. 48|D. 1,B,"Hovorí o tom posledná veta: completa tre rotazioni intorno al proprio asse ogni due orbite attorno al Sole. Preklad: Merkúr je najvnútornejšou planétou slnečnej sústavy a najbližšie k Slnku. Je najmenšia a jej obežná dráha je tiež najexcentrickejšou alebo najmenej kruhovou z ôsmich planét; Merkúr obieha v priamom smere (proti smeru hodinových ručičiek, rovnako a ko všetky ostatné planéty v slnečnej sústave) v priemernej vzdialenosti 0,3871 AU od Slnka s hviezdnou periódou 87,969 pozemských dní. Merkúr je tiež v orbitálnej rotačnej rezonancii: dokončí tri rotácie okolo svojej osi pre každé dve obežné dráhy okolo Sl nka.",M1,T1,VSP,bank,sk,true,VSJP8_Test-Cielene_1-g1iqhp.pdf,VSJP8_Test-Cielene_1_Riesenie-lq1nyo.pdf,35
bank-cielene-1-t1-36-a04215cca8,"Z tvrdení, vyber to, ktoré určite vyplýva z textu: Peplos bol grécky ženský odev, nosený hlavne pred rokom 500 pred Kristom. Bol zhotovený z jednofarebnej alebo z pestrofarebnej vlnenej alebo ľanovej tkaniny (často zdobenej farebnými okrajmi a pestrými výšivkami) obdĺžnikového strihu, vyššieho ako bola žena, kto rá ho nosila, a viac než dvakrát tak širokého ako ona. Ženy nižšieho pôvodu a otrokyne nosili odev z vlnenej priadze, kým ľanové tkaniny nosili hlavne ženy zo zámožných tried. Cez peplos sa mohol nosiť ľanový plášť, neskôr nazvaný himatión. V klasickom obd obí grécke ženy pomaly prestali nosiť peplos (nosili ho už len vidiecke ženy a otrokyne) a nahradili ho tunikou zvanou chitón. (Wikipédia)","A. Peplos bol grécky ženský odev, nosený od roku 500 pred Kristom|B. Peplos postupne nahradil tuniku zvanú chitón|C. Ženy nižšieho pôvodu a otrokyne nosili odev z vlnenej priadze|D. Bol zhotovený výlučne z pestrofarebnej vlnenej alebo ľanovej tkaniny (často zdobenej farebnými okrajmi a pestrými výšivkami)",C,Správna odpoveď: C.,M1,T1,VSP,bank,sk,true,VSJP8_Test-Cielene_1-g1iqhp.pdf,VSJP8_Test-Cielene_1_Riesenie-lq1nyo.pdf,36
bank-cielene-1-t1-37-d0463cdefd,Ktorú skupinu slov možno usporiadať do zmysluplnej vety?,A. Zmienky o z roku historické sú potvrdené Nitre z roku prvé|B. Z slovenských Trenčín miest jedno troch najstarších|C. Stredovekého charakter Levoča mesta si zachovala stredovekého mesta|D. Leží od asi 22 Bratislavy Pezinok kilometrov severovýchodne,D,Prvé potvrdené historické zmienky o Nitre sú z roku (828). Trenčín (je) jedno z troch najstarších slovenských miest. Levoča si zachovala charakter stredovekého (2x) mesta. Pezinok leží asi 22 kilometrov severovýchodne od Bratislavy .,M1,T1,VSP,bank,sk,true,VSJP8_Test-Cielene_1-g1iqhp.pdf,VSJP8_Test-Cielene_1_Riesenie-lq1nyo.pdf,37
bank-cielene-1-t1-38-83b0055574,"V uvedenom texte sme poprehadzovali poradie viet. Keď ich zoradíme do zmysluplného poradia, ktorá veta bude predposledná? V1: Začínal ako plavčík, postupne sa vypracoval a hodnostne rástol. V2: Jack Turner bol najmladším kapitánom v dejinách lodnej spoločnosti. V3: Po nociach študoval, lebo túžil byť kapitánom na lodi. V4: Nakoniec sa mu sen splnil a zložil kapitánske skúšky. V5: Už v mladosti sa plavil po svetových oceánoch. V6: Všetci toto rozhodnutie vedenia lodnej spoločnosti schvaľovali, naozaj bol najlepší.",A. V1|B. V6|C. V4|D. V2,C,V2 - V5 - V1 - V3 - V4 - V6,M1,T1,VSP,bank,sk,true,VSJP8_Test-Cielene_1-g1iqhp.pdf,VSJP8_Test-Cielene_1_Riesenie-lq1nyo.pdf,38
bank-cielene-1-t1-39-43b17c62de,"Ktorú dvojicu slov možno doplniť na vynechané miesta aby vznikol zmysluplný text? Maratón alebo maratónsky beh je .......... na dlhú vzdialenosť, ktorého trať meria 42 195 km. Jeho vznik bol inšpirovaný legendou o gréckom vojakovi Feidippidovi, ktorého v roku 490 pred Kr. vyslali z mesta Maratón do Atén, aby oznámil, že Peržania boli zá zračne .......... v bitke pri Maratóne.",A. beh / objavení|B. beh / porazení|C. slávnosť / zajatí|D. pochod / nájdení,B,Správna odpoveď: B.,M1,T1,VSP,bank,sk,true,VSJP8_Test-Cielene_1-g1iqhp.pdf,VSJP8_Test-Cielene_1_Riesenie-lq1nyo.pdf,39
bank-cielene-1-t1-40-7063c360e2,Ktoré z uvedených slov možno doplniť na vynechané miesto ako vznikla zmysluplná veta? Fenikel pochádza z oblasti Stredomoria. Stonky tejto rastliny sa vyznačujú sladkou __________ Niekomu môže táto sladká chuť pripomínať zeler. Fenikel je __________ bežne si kúpiť. Svoje uplatnenie našiel hlavne vo francúzskej a talianskej kuchyni. Môžeme h o pridať aj do rôznych likérov a nápojov.,A. chuťou – možné|B. farbou – možné|C. vôňou – nemožné|D. arómou – nemožné,A,Správna odpoveď: A.,M1,T1,VSP,bank,sk,true,VSJP8_Test-Cielene_1-g1iqhp.pdf,VSJP8_Test-Cielene_1_Riesenie-lq1nyo.pdf,40
bank-cielene-c4-t10-01-caa54d89e8,Dvojica pojmov žriebä – kôň nie je v rovnakom logickom vzťahu ako dvojica pojmov:,A. kozľa – cap|B. sôvä – sova|C. krava – teľa|D. jahňa – baran,D,"jahňa – baran Prvé slovo predstavuje mláďa, druhé dospelého jedinca daného druhu. Pri teľati je teda samcom býk. Navyše sú slová v nesprávnom poradí.",M5,T10,VSP,bank,sk,true,VSJP8_Test_Cielene_C.4-znywov.pdf,VSJP8_Test_Cielene_C.4_Riesenie-p2nqnn.pdf,1
bank-t10-01-40d8a7f99d,"Aj keď pravdepodobne nevieš po latinsky, skús určiť, čo znamená latinský výrok NIL HOMINI CERTUM EST.",A. Žiadne dve látky nie sú rovnaké|B. Cesta do stredu zeme|C. Centrum mesta nie je ďaleko|D. Pre ľudí nie je nič isté,D,"est = je (sloveso byť), certum = isté (podobné anglickému certain), homini = človek",M5,T10,VJS,bank,sk,true,VSJP8_Mudre-predplatne_10_Ulohy-frdkfu.pdf,VSJP8_Mudre-predplatne_10_Riesenia-dc92zv.pdf,1
bank-cielene-c4-t10-02-0b5692c0c4,Ktorá dvojica slov je v rovnakom vzťahu ako nedbanlivosť : zranenie?,A. bujarosť : pochvala|B. obozretnosť : bezpečie|C. ľahkomyselnosť : pochopenie|D. neústupnosť : tvrdohlavosť,D,"neústupnosť : tvrdohlavosť Vzťah medzi dvojicou je taký, že prvý pojem môže zapríčiniť druhý pojem.",M5,T10,VSP,bank,sk,true,VSJP8_Test_Cielene_C.4-znywov.pdf,VSJP8_Test_Cielene_C.4_Riesenie-p2nqnn.pdf,2
bank-t10-02-538b9ff907,"Aj keď pravdepodobne nevieš po latinsky, skús určiť, čo znamená latinský výrok COR UNUM ET ANIMA UNA.","A. Kde je jeden, tam prídu všetci|B. V strede sa stretne všetko živé|C. Jedno srdce a jedna duša|D. Bez zvieraťa budem sám",C,"unum/una = jeden/jedna, cor = srdce, anima = duša",M5,T10,VJS,bank,sk,true,VSJP8_Mudre-predplatne_10_Ulohy-frdkfu.pdf,VSJP8_Mudre-predplatne_10_Riesenia-dc92zv.pdf,2
bank-cielene-c4-t10-03-382a6cff03,"Koľko je teraz hodín, ak čas, ktorý uplynul od poludnia tvorí tretinu času, ktorý uplynie od poludnia do polnoci?",A. 13:00|B. 15:00|C. 16:00|D. 14:00,A,"Koľko je teraz hodín, ak čas, ktorý uplynul od poludnia tvorí tretinu času, ktorý uplynie od poludnia do polnoci? A. 13:00 B. 15:00 C. 16:00 D. 14:00 Od poludnia do polnoci uplynie 12 hodín, tretina z toho sú 4 hodiny. 12:00 + 4 hod. = 16:00.",M5,T10,VSP,bank,sk,true,VSJP8_Test_Cielene_C.4-znywov.pdf,VSJP8_Test_Cielene_C.4_Riesenie-p2nqnn.pdf,3
bank-t10-03-631ebae5a8,Slovenská hudobná skupina Team nahrala v jazyku esperanto pieseň s názvom JEN MIA NUMERO . Aký je slovenský preklad názvu piesne?,"A. Reklama na ticho|B. Zaplatil som za večeru|C. Ja, Mia a obloha|D. Máš moje číslo",D,kľ účové slovo je numero = číslo.,M5,T10,VJS,bank,sk,true,VSJP8_Mudre-predplatne_10_Ulohy-frdkfu.pdf,VSJP8_Mudre-predplatne_10_Riesenia-dc92zv.pdf,3
bank-cielene-c4-t10-04-bb4b1dfd02,"V hernom priemysle je nutné nezabúdať na dôležitosť rýchlosti zobrazovania nových podnetov (napríkad postáv, zvierat, áut…). Rýchlosť zobrazovania (R) nových podnetov na obrazovke hráča sa počíta nasledovne: 𝑹 = 𝑲𝒗 𝟔𝟎𝒕 Kde K je počet nových podnetov na jeden centimeter štvorcový, v je veľkosť monitora, t je počet sekúnd, ktoré hráč hrá. Dizajnér hier chce zdvojnásobiť čas, ktorý hráč strávi hrou. Vyber, ako sa zmení R, ak sa doba hrania zdvojnásobí, ale K a v sa nezmenia.","A. Ak zvýšime rýchlosť zobrazovania (R), čas (t) sa musí tiež zdvojnásobiť a hráč tak hrá dlhšie|B. R bude mať polovičnú veľkosť|C. R musí byť tiež dvojnásobná|D. R zostane rovnako veľké, pretože je to konštanta",D,"R zostane rovnako veľké, pretože je to konštanta. V uvedenom zlomku pribudne číslo 2 v menovateli: 𝑅 𝑛𝑜𝑣é = 𝐾𝑣 60.2𝑡 = 1",M5,T10,VSP,bank,sk,true,VSJP8_Test_Cielene_C.4-znywov.pdf,VSJP8_Test_Cielene_C.4_Riesenie-p2nqnn.pdf,4
bank-t10-04-36cec35d46,"Aj keď pravdepodobne nevieš po latinsky, skús určiť, čoho sa týka výrok AD HONOREM JESU.",A. horizontu|B. veku|C. náboženstva|D. krásy,C,Jesu = Ježiš,M5,T10,VJS,bank,sk,true,VSJP8_Mudre-predplatne_10_Ulohy-frdkfu.pdf,VSJP8_Mudre-predplatne_10_Riesenia-dc92zv.pdf,4
bank-cielene-c4-t10-05-a5b63b94b9,"Adam, Boris, Denis a Ema si kúpili vedľa seba štyri chaty. Nekúpili ich naraz, ale v rôznych rokoch: 2015, 2016, 2018, 2020, každý z kamarátov pestuje jedno z týchto ovocí: jablká, hrušky, čerešne a maliny. Vieme, že: Adam nepestuje jablká. Denis nemá maliny. Ema nepestuje čerešne. Adam vlastní svoju chatu presne o štyri roky dlhšie ako Ema. Ten, kto pestuje hrušky, má svoju chatu o tri roky dlhšie než ten, kto pestuje jablká. Kto môže pestovať maliny?",A. Iba Ema|B. Adam a Ema|C. Boris alebo Adam|D. Iba Boris,D,"Iba Boris. Zebru riešime pomocou tabuľky: Adam Hrušky, čerešne, maliny 2020 Boris Hrušky, jablká 2015/2018 Denis Hrušky, čerešne, jablká 2018/2015 Ema Hrušky, jablká, maliny 2016",M5,T10,VSP,bank,sk,true,VSJP8_Test_Cielene_C.4-znywov.pdf,VSJP8_Test_Cielene_C.4_Riesenie-p2nqnn.pdf,5
bank-t10-05-e003d247aa,"Aj keď pravdepodobne nevieš po latinsky, skús určiť, ktorý z výrokov znamená TU A TERAZ.","A. Hic et nunc|B. Amicus cognoscitur amore, more, ore, re|C. Ex Astris, Scientia|D. Optima forma",A,"Hľadáme tri slová, z ktorých prostredné môže znamenať „a“.",M5,T10,VJS,bank,sk,true,VSJP8_Mudre-predplatne_10_Ulohy-frdkfu.pdf,VSJP8_Mudre-predplatne_10_Riesenia-dc92zv.pdf,5
bank-cielene-c4-t10-06-8ebd254642,"Andrea si vyberá zájazd a má nasledujúce podmienky: Malo by ísť o zájazd pre najmenej 2 osoby bez leteckej prepravy. Ak pôjde do hlavného mesta, zájazd musí byť aj s návštevou kultúrneho podujatia. Ak mesto, ktoré Andrea navštívi, nie je hlavné, chce navštíviť wellness. Zájazd môže trvať najviac 5 dní, pokiaľ však nepôjde na wellness, musí byť kratší. Ktorý zo zájazdov si Andrea vyberie?","A. Zájazd do Prahy pre 4 osoby s vlastnou dopravou, wellness, návštevou muzikálu v trvaní 5 dní|B. Zájazd do Budapešti autobusom pre jednu osobu s návštevou opery s dĺžkou 5 dní|C. Zájazd do Thessaloniki s odletom z Viedne pre 3 osoby s wellness s dĺžkou 5 dní bez kultúrneho podujatia|D. Autobusový zájazd do Mníchova pre 2 osoby s wellness v trvaní 5 dní",A,"Autobusový zájazd do Mníchova pre 2 osoby s wellness v trvaní 5 dní. B – len pre jednu osobu, C – doprava letecky, D – má to wellness a zároveň netrvá kratšie ako 5 dní.",M5,T10,VSP,bank,sk,true,VSJP8_Test_Cielene_C.4-znywov.pdf,VSJP8_Test_Cielene_C.4_Riesenie-p2nqnn.pdf,6
bank-t10-06-346c7f0e1c,"Aj keď pravdepodobne nevieš po latinsky, skús určiť, čo znamená výrok ERRARE HUMANUM EST.","A. Prvý nemusí byť víťaz|B. Mýliť sa je ľudské|C. Je humánne vstávať|D. Viem, že nič neviem",B,"humanum – ľudský, errare – podobné ako error v angličtine",M5,T10,VJS,bank,sk,true,VSJP8_Mudre-predplatne_10_Ulohy-frdkfu.pdf,VSJP8_Mudre-predplatne_10_Riesenia-dc92zv.pdf,6
bank-cielene-c4-t10-07-d759df2dbd,"Nasledujúci graf predstavuje celkový prírastok obyvateľstva Bratislavy medzi rokmi 2008 a 2017. Označ tvrdenie, ktoré z grafu vyplýva.",A. Najvyšší celkový prírastok obyvateľstva bol v Bratislave v roku 2015|B. Medzi rokmi 2009 – 2010 bol zaznamenaný väčší medziročný pokles ako medzi rokmi 2012 – 2013|C. Medzi rokmi 2013 a 2017 nemá prírastok obyvateľstva Bratislavy konštantný charakter|D. Najnižší prírastok obyvateľstva zaznamenala Bratislava v roku 2013,C,"Najnižší prírastok obyvateľstva zaznamenala Bratislava v roku 2013. A – najvyšší bol v roku 2017, B – presne naopak, D – najnižší bol v roku 2010.",M5,T10,VSP,bank,sk,true,VSJP8_Test_Cielene_C.4-znywov.pdf,VSJP8_Test_Cielene_C.4_Riesenie-p2nqnn.pdf,7
bank-t10-07-1162f8e780,"Aj keď pravdepodobne neovládaš latinčinu, pokús sa odhadnúť význam nasledujúceho výroku: LUPUS EST HOMO HOMINI.",A. Pravda vždy víťazí|B. Vrana k vrane sadá|C. Lupín sa nedá zbaviť|D. Človek je človeku vlko m,D,"vidíme jedno slovo dvakrát s inou koncovkou – homo/homini, čo sa musí vyskytnúť aj v preklade, est = je",M5,T10,VJS,bank,sk,true,VSJP8_Mudre-predplatne_10_Ulohy-frdkfu.pdf,VSJP8_Mudre-predplatne_10_Riesenia-dc92zv.pdf,7
bank-cielene-c4-t10-08-0bf1e69eeb,"Ryby sme rozdelili podľa určitého princípu do skupín. I. skupina: zubač, jeseter, kapor, šťuka II. skupina: makrela, treska, žralok, tuniak Rozhodni, ktorá z možností je zaradená do nesprávnej skupiny.",A. morský vlk – II. skupina|B. sumec – I. skupina|C. sleď – II. skupina|D. sardinka – I. skupina,D,sardinka – I. skupina I. skupina = sladkovodné ryby II. skupina = morské ryby,M5,T10,VSP,bank,sk,true,VSJP8_Test_Cielene_C.4-znywov.pdf,VSJP8_Test_Cielene_C.4_Riesenie-p2nqnn.pdf,8
bank-t10-08-b0c4e8f232,"Aj keď pravdepodobne nevieš po latinsky, skús určiť, čo znamená latinský výrok NIL DESPERANDUM.",A. Nikdy nezúfaj|B. Desperado priplával|C. Níl je nekonečný|D. Neznesiem zápach,A,desperandum – pomôcť nám môže anglické desperate,M5,T10,VJS,bank,sk,true,VSJP8_Mudre-predplatne_10_Ulohy-frdkfu.pdf,VSJP8_Mudre-predplatne_10_Riesenia-dc92zv.pdf,8
bank-cielene-c4-t10-09-8da648d258,Čo nepatrí medzi ostatné?,A. svatka|B. sesternica|C. dcéra|D. neter,A,neter Svatka nie je nikdy pokrvný príbuzný.,M5,T10,VSP,bank,sk,true,VSJP8_Test_Cielene_C.4-znywov.pdf,VSJP8_Test_Cielene_C.4_Riesenie-p2nqnn.pdf,9
bank-t10-09-3f99fdb8ec,"Aj keď pravdepodobne nevieš po latinsky, skús určiť, čo znamená latinský výrok MENS SANA IN CORPORE SANO.","A. Muži pracujú v korporátoch|B. Zdravá myseľ v zdravom tele|C. Mužská čistota je základ športovca|D. Sám sa vychováva, ak je muž",B,"vidíme jedno slovo dvakrát s inou koncovkou – sana/sano, čo sa musí vyskytnúť aj v preklade, mens = myseľ/duch, corpore – telo (podobné ako korpus)",M5,T10,VJS,bank,sk,true,VSJP8_Mudre-predplatne_10_Ulohy-frdkfu.pdf,VSJP8_Mudre-predplatne_10_Riesenia-dc92zv.pdf,9
bank-cielene-c4-t10-10-4cb944e73b,"Máme systém, podľa ktorého priraďujeme čísla písmenám abecedy. Tu je niekoľko príkladov: C – 1 V – 1 T – 2 F – 2 H – 2 S – 1 Ktorému písmenu je nesprávne pridelené číslo?",A. A – 2|B. K – 1|C. L – 1|D. X – 2,A,X – 2 I – písmeno sa dá napísať jedným ťahom; 2 – napísanie písmena si vyžaduje viac ako 2 ťahy,M5,T10,VSP,bank,sk,true,VSJP8_Test_Cielene_C.4-znywov.pdf,VSJP8_Test_Cielene_C.4_Riesenie-p2nqnn.pdf,10
bank-t10-10-4f3f48746f,"Aj keď pravdepodobne nevieš po latinsky, skús určiť, čo znamená latinský výrok SERVA ME SERVABO TE.","A. Včera som na teba zabudol|B. Ochoriem ja, ochorieme všetci|C. Bez kľúčov ani na krok|D. Zachráň mňa, zachránim teba",D,"vidíme jedno slovo dvakrát s inou koncovkou – serva/servabo, čo sa musí vyskytnúť aj v preklade, ďalej si všímame zámená me/te",M5,T10,VJS,bank,sk,true,VSJP8_Mudre-predplatne_10_Ulohy-frdkfu.pdf,VSJP8_Mudre-predplatne_10_Riesenia-dc92zv.pdf,10
bank-cielene-c4-t10-11-9ad05980ce,Označ správnu odpoveď. MMCDLXI – XLVI = ?,A. 2600|B. 1066|C. 2415|D. 1895,C,1895 2461 – 46 = 2415,M5,T10,VSP,bank,sk,true,VSJP8_Test_Cielene_C.4-znywov.pdf,VSJP8_Test_Cielene_C.4_Riesenie-p2nqnn.pdf,11
bank-t10-11-9180254c21,"Slovné spojenie celá čokoláda má rovnaký rytmus ako slovné spojenie smelí robotníci, ale iný rytmus ako spojenie pokazený televízor. Ktoré z uvedených slovných spojení má iný rytmus ako zvyšné tri?",A. bezpečnostná previerka|B. čo ste ku nám priniesli?|C. mnohí smelí rytieri|D. nepoddajná obliečka,C,K-D-K-D-K-D-K,M5,T10,VJS,bank,sk,true,VSJP8_Mudre-predplatne_10_Ulohy-frdkfu.pdf,VSJP8_Mudre-predplatne_10_Riesenia-dc92zv.pdf,11
bank-cielene-c4-t10-12-d0a56374e6,Na malinovom sirupe Sladká vášeň je na dosiahnutie vyváženej chute uvedené riedenie v pomere 4:11. Laura do džbánu naliala 312 ml sirupu. Koľko ml bude mať celý nápoj?,A. 1170 ml|B. 1014 ml|C. 3432 ml|D. 4680 ml,D,"4680 ml 312 ml predstavuje 4 dieliky, jeden dielik je teda 78 ml. 78.11 = 858 ml vody treba doliať. Výsledný nápoj bude mať 858 + 312 = 1170 ml.",M5,T10,VSP,bank,sk,true,VSJP8_Test_Cielene_C.4-znywov.pdf,VSJP8_Test_Cielene_C.4_Riesenie-p2nqnn.pdf,12
bank-t10-12-2de23d017a,"Slovné spojenie celá čokoláda má rovnaký rytmus ako slovné spojenie smelí robotníci, ale iný rytmus ako spojenie pokazený televízor. Ktoré z uvedených slovných spojení má rovnaký rytmus ako nie sú koláče ?",A. neopováž sa zapnúť televízor|B. miesiš už múku?|C. rúž vie rozžiariť|D. farbili tú stenu,C,D-D-K-D-K (hneď prvé dve slabiky musia byť dlhé),M5,T10,VJS,bank,sk,true,VSJP8_Mudre-predplatne_10_Ulohy-frdkfu.pdf,VSJP8_Mudre-predplatne_10_Riesenia-dc92zv.pdf,12
bank-cielene-c4-t10-13-a4637024f1,"Označ, čo nepatrí medzi kyseliny.",A. CaCl2|B. H2SO4|C. C6H8O7|D. H2CO3,D,H2CO3 Kyseliny možno rozpoznať podľa obsahu vodíka H a kyslíka O.,M5,T10,VSP,bank,sk,true,VSJP8_Test_Cielene_C.4-znywov.pdf,VSJP8_Test_Cielene_C.4_Riesenie-p2nqnn.pdf,13
bank-t10-13-9180254c21,"Slovné spojenie celá čokoláda má rovnaký rytmus ako slovné spojenie smelí robotníci, ale iný rytmus ako spojenie pokazený televízor. Ktoré z uvedených slovných spojení má iný rytmus ako zvyšné tri?",A. bez dcéry neodídem|B. kam prídeš nezavítam|C. odídem po svetielka|D. tie drôty nepozbieram,D,D-D-K-K-K-D-K,M5,T10,VJS,bank,sk,true,VSJP8_Mudre-predplatne_10_Ulohy-frdkfu.pdf,VSJP8_Mudre-predplatne_10_Riesenia-dc92zv.pdf,13
bank-cielene-c4-t10-14-ff6c06a34e,"Sofia šifruje slová pre svoju sestru Nelku. Slovo patrola zašifrovala takto: r2us2m2. Odhaľ princíp šifry a označ, ako Sofia zašifruje slovo topánky.",A. s8e4ml5|B. u2r2ol2|C. p2lkv3z|D. š2véd3p,D,"š2véd3p Všetky samohlásky sú nahradené číslom 2, spoluhlásky sa pretáčajú o jednu dopredu: a – b, b – c, …, t – u, …",M5,T10,VSP,bank,sk,true,VSJP8_Test_Cielene_C.4-znywov.pdf,VSJP8_Test_Cielene_C.4_Riesenie-p2nqnn.pdf,14
bank-t10-14-2ab8b1e48b,"Slovné spojenie celá čokoláda má rovnaký rytmus ako slovné spojenie smelí robotníci, ale iný rytmus ako spojenie pokazený televízor. Ktoré z uvedených slovných spojení má rovnaký rytmus ako teraz už viem?",A. žiadny sobáš|B. pekne tu máš|C. nechodievaj|D. bez nádeje,B,K-K-K-D,M5,T10,VJS,bank,sk,true,VSJP8_Mudre-predplatne_10_Ulohy-frdkfu.pdf,VSJP8_Mudre-predplatne_10_Riesenia-dc92zv.pdf,14
bank-cielene-c4-t10-15-5a7f072348,"Nasledujúca postupnosť je vytvorená podľa určitého logického princípu. Čo by v nej mohlo nasledovať? ABC, 4EF, 78I, 101112, MNO, …",A. 13RST|B. 1415P|C. 16QR|D. 18PQR,D,"18PQR Písmená idú v poradí abecedne a striedavo sú nahradené číslom, ktoré reprezentuje ich poradie v abecede na 1., 2. a 3. mieste.",M5,T10,VSP,bank,sk,true,VSJP8_Test_Cielene_C.4-znywov.pdf,VSJP8_Test_Cielene_C.4_Riesenie-p2nqnn.pdf,15
bank-t10-15-82a4adf439,"Slovné spojenie obytný dom má rovnaký rytmus ako spojenie zelený strom, ale iný rytmus ako spojenie kráľovský trón. Ktoré z uvedených slovných spojení má iný rytmus ako ostatné tri?",A. železný štít|B. štíhly driek|C. neborák spí|D. nebeský kráľ,B,D-K-D,M5,T10,VJS,bank,sk,true,VSJP8_Mudre-predplatne_10_Ulohy-frdkfu.pdf,VSJP8_Mudre-predplatne_10_Riesenia-dc92zv.pdf,15
bank-cielene-c4-t10-16-2e7c191437,"Šiesti spolužiaci (Adela, Ondrej, Michal, Brabora, Marek a Ivan) vchádzajú do zábavného parku. Koľkými spôsobmi môžu vojsť, ak vieme, že prvé aj posledné vchádza dievča?",A. 48|B. 24|C. 120|D. 36,D,36 Chlapci: 4.3.2.1 = 24 a dievčatá x 2 (lebo Adela môže byť na začiatku a Barbora na konci alebo naopak).,M5,T10,VSP,bank,sk,true,VSJP8_Test_Cielene_C.4-znywov.pdf,VSJP8_Test_Cielene_C.4_Riesenie-p2nqnn.pdf,16
bank-t10-16-ca9f8da5ba,"Slovné spojenie obytný dom má rovnaký rytmus ako spojenie zelený strom, ale iný rytmus ako spojenie kráľovský trón. Ktorá z možností má iný rytmus ako ostatné tri?",A. mesiac spí a sní|B. výhľad na Tatry|C. prídem od babky|D. nie som predsa ty,A,K-D-D-K-D,M5,T10,VJS,bank,sk,true,VSJP8_Mudre-predplatne_10_Ulohy-frdkfu.pdf,VSJP8_Mudre-predplatne_10_Riesenia-dc92zv.pdf,16
bank-cielene-c4-t10-17-b1a83edc95,Tri z uvedených pojmov spája istá logická súvislosť. Ktorý z pojmov do skupiny nepatrí?,A. jar|B. detstvo|C. otvorenie|D. strom,D,"strom Slová symbolizujú začiatky, navyše strom ako jediný nie je abstraktným pojmom.",M5,T10,VSP,bank,sk,true,VSJP8_Test_Cielene_C.4-znywov.pdf,VSJP8_Test_Cielene_C.4_Riesenie-p2nqnn.pdf,17
bank-t10-17-82a4adf439,"Slovné spojenie obytný dom má rovnaký rytmus ako spojenie zelený strom, ale iný rytmus ako spojenie kráľovský trón. Ktoré z uvedených slovných spojení má iný rytmus ako ostatné tri?",A. bez kamaráta|B. neprechádzajte|C. nepečieme nič|D. nebeská hudba,A,K-K-K-D-K,M5,T10,VJS,bank,sk,true,VSJP8_Mudre-predplatne_10_Ulohy-frdkfu.pdf,VSJP8_Mudre-predplatne_10_Riesenia-dc92zv.pdf,17
bank-cielene-c4-t10-18-fb49a60288,"Rebeka naprogramovala algoritmus, ktorý funguje takto: zadáš číslo, algoritmus ho najprv zmenší o 3, potom ho strojnásobí a napokon k nemu priráta číslo 33. Na displeji sa zobrazí výsledok. Aké číslo jej vyjde po zadaní čísla 19?",A. 99|B. 124|C. 75|D. 81,D,81 19 – 3 = 16 . 3 = 48 + 33 = 81,M5,T10,VSP,bank,sk,true,VSJP8_Test_Cielene_C.4-znywov.pdf,VSJP8_Test_Cielene_C.4_Riesenie-p2nqnn.pdf,18
bank-t10-18-cefeecc753,"Slovné spojenie obytný dom má rovnaký rytmus ako spojenie zelený strom, ale iný ako spojenie kráľovský trón. Ktorá z uvedených možností má iný rytmus ako ostatné tri?",A. máme vankúše|B. smieme nakúpiť|C. mierne náročný|D. nárok nemáme,C,D-K-D-K-D,M5,T10,VJS,bank,sk,true,VSJP8_Mudre-predplatne_10_Ulohy-frdkfu.pdf,VSJP8_Mudre-predplatne_10_Riesenia-dc92zv.pdf,18
bank-cielene-c4-t10-19-231dfbccbc,"Z možností vyber dvojicu slov, medzi ktorými je významový vzťah najpodobnejší vzťahu medzi slovamim ROZBROJ : ROZTRŽKA.",A. PRIETRH : PRIETRŽKA|B. KONTAKT : STYK|C. DISHARMÓNIA : NEDOROZUMENIE|D. SVÁR : ZÁVADA,D,"SVÁR : ZÁVADA Výsledkom rozbroja je roztržka, tak ako výsledkom kontaktu je styk.",M5,T10,VSP,bank,sk,true,VSJP8_Test_Cielene_C.4-znywov.pdf,VSJP8_Test_Cielene_C.4_Riesenie-p2nqnn.pdf,19
bank-t10-19-456fb8b375,"Slovné spojenie obytný dom má rovnaký rytmus ako spojenie zelený strom, ale iný rytmus ako spojenie kráľovský trón. Ktorá z uvedených možností má iný rytmus ako ostatné tri?",A. defenestrácia|B. demokracia|C. neprepadáme tu|D. nebezpečné činy,B,K-K-K-K-K,M5,T10,VJS,bank,sk,true,VSJP8_Mudre-predplatne_10_Ulohy-frdkfu.pdf,VSJP8_Mudre-predplatne_10_Riesenia-dc92zv.pdf,19
bank-cielene-c4-t10-20-a341bdbb9c,"Budeme hovoriť, že slovo je sentimentálne, ak má menej ako dve slabiky alebo má viac samohlások ako spoluhlások. Slovo nazveme permanentné, ak má viac ako tri slabiky alebo neobsahuje spoluhlásky. Isté slovenské slovo je sentimentálne a má tri slabiky. Z uvedeného logicky vyplýva, že toto slovo:",A. neobsahuje žiadne spoluhlásky|B. nie je permanentné|C. nemôže existovať|D. má viac samohlások ako spoluhlások,D,"má viac samohlások ako spoluhlások Keďže má tri slabiky, musí spĺňať druhú podmienku sentimentálnosti (viac samohlások ako spoluhlások). Pernamentnosť spĺňa tým, že má tri slabiky, druhú podmienku teda nemusí nutne spĺňať.",M5,T10,VSP,bank,sk,true,VSJP8_Test_Cielene_C.4-znywov.pdf,VSJP8_Test_Cielene_C.4_Riesenie-p2nqnn.pdf,20
bank-t10-20-6704e563cb,"Slovné spojenie prídete k nám má rovnaký rytmus ako spojenie nádherne spí, ale odlišný rytmus ako spojenie moderný štýl. Ktoré z uvedených spojení má rovnaký rytmus ako spojenie dnes neprídem domov?",A. sedieť a mávať im|B. natáčajú tu film|C. nesadíme kvety|D. smiem sa spýtať teba,C,K-K-D-K-K-K,M5,T10,VJS,bank,sk,true,VSJP8_Mudre-predplatne_10_Ulohy-frdkfu.pdf,VSJP8_Mudre-predplatne_10_Riesenia-dc92zv.pdf,20
bank-cielene-c4-t10-21-b3af59af33,"Kráľ dal vyrobiť 10 zlatých prsteňov s hmotnosťou jedného 10 g desiatim zlatníkom. Jeden zo zlatníkov ho oklamal a všetkých 10 prsteňov vyrobil iba z 9 g zlata. K dispozícii máš jediné váženie. Je pomocou tohto váženia možné jednoznačne zistiť, ktorý zlatník oklamal kráľa?",A. áno|B. nie|C. museli by sme tipovať|D. potrebujeme aspoň dve váženia,D,"potrebujeme aspoň dve váženia Ak od zlatníka 1 zoberieme 1 prsteň, od 2 zoberieme 2 prstene…zistíme, koľko gramov pri vážení chýba a vieme teda počet prsteňov, ktoré mali 9 gramov a od ktorého zlatníka teda boli.",M5,T10,VSP,bank,sk,true,VSJP8_Test_Cielene_C.4-znywov.pdf,VSJP8_Test_Cielene_C.4_Riesenie-p2nqnn.pdf,21
bank-cielene-c4-t10-23-6701c01e19,"V škole je automat na jedlo, ktorý funguje takto: i. Ak stlačíme tlačidlá č. 1 a 2, automat vydá obložený rožok a lízatko. ii. Ak stlačíme tlačidlá č. 1, 3 a 4, dostaneme hrušku, lízatko a džús. iii. Ak stlačíme tlačidlá č. 4 a 5, dostaneme džús a pagáč. Čo dostaneme, ak stlačíme tlačidlá č. 1 a 4?",A. rožok a hrušku|B. lízatko a džús|C. pagáč a lízatko|D. nevieme určiť,D,"nevieme určiť Z prvej a druhej podmienky je „prienikom“ len tlačidlo 1 a zároveň lízatko. 1 : lízatko Potom z prvej podmienky, 2ka musí byť rožok. 2 : rožok Z druhej a tretej podmienky je prienikom tlačidlo 4 a džús. 4 : džús Potom z druhej podmienky 3ka musí byť hruška. 3 : hruška A napokon z tretej podmienky ostáva, že 5ka bude pagáč. 5 : pagáč Po stlačení tlačidiel 1 a 4 teda dostaneme lízatko a džús.",M5,T10,VSP,bank,sk,true,VSJP8_Test_Cielene_C.4-znywov.pdf,VSJP8_Test_Cielene_C.4_Riesenie-p2nqnn.pdf,23
bank-cielene-c4-t10-24-90665dc90f,"Najskôr zisti, ako má znieť otázka a potom zvoľ správnu odpoveď (jedna bodka = jedno písmeno). Koľko g….v má k……m?",A. 1000|B. 28|C. 365|D. 10,A,10 Koľko gramov má kilogram?,M5,T10,VSP,bank,sk,true,VSJP8_Test_Cielene_C.4-znywov.pdf,VSJP8_Test_Cielene_C.4_Riesenie-p2nqnn.pdf,24
bank-cielene-c4-t10-27-2f200b26f1,"Označ možnosť, v ktorej sa nachádza správny preklad českej vety: Velryby nejsou ryby, nýbrž savci.","A. Veľryby nie sú ryby, iba sumce|B. Veleryby nie sú ryby, ale samce sú|C. Veleryby nie sú ryby, ak sú cicavce|D. Veľryby nie sú ryby, ale cicavce",D,"Veľryby nie sú ryby, ale cicavce.",M5,T10,VSP,bank,sk,true,VSJP8_Test_Cielene_C.4-znywov.pdf,VSJP8_Test_Cielene_C.4_Riesenie-p2nqnn.pdf,27
bank-cielene-c4-t10-28-474ce7f933,"Vyber, ktoré slová patria na vynechané miesta. Medzi odborníkmi prebiehajú ______, či existuje ______ medzi Aspergerovým syndrómom (AS) a vysoko funkčným autizmom.","A. prognózy, ohľad|B. diskusie, rozdiel|C. konštelácie, vymedzenie|D. predpoklady, stupeň",D,"predpoklady, stupeň",M5,T10,VSP,bank,sk,true,VSJP8_Test_Cielene_C.4-znywov.pdf,VSJP8_Test_Cielene_C.4_Riesenie-p2nqnn.pdf,28
bank-cielene-c4-t10-29-a3160889dd,V nasledujúcich slovách sme poprehadzovali písmenká. Ktoré nepatrí medzi ostatné?,A. RURMÁ|B. ÁLOSTR|C. REPKÁ|D. ÍKVERČ,D,"ÍKVERČ MURÁR, STOLÁR, PEKÁR, ČERVÍK",M5,T10,VSP,bank,sk,true,VSJP8_Test_Cielene_C.4-znywov.pdf,VSJP8_Test_Cielene_C.4_Riesenie-p2nqnn.pdf,29
bank-cielene-c4-t10-31-c2fbaa4c62,Z nasledujúcich slov sme vynechali štvoricu samohlások. V troch prípadoch išlo o tú istú trojicu samohlások. Z ktorého slova sme vynechali inú štvoricu ako zo zvyšných troch?,A. NMNVŤ|B. PRZŤ|C. PSVŤ|D. PSLŇVŤ,D,"PSLŇVŤ OIOA – nominovať, ?, opisovať, posilňovať Pri tomto type úloh je vhodné ako prvé nájsť slovo, ktoré je “zrejmé” – z nás je to posilňovať. Samohlásky z neho potom skúšame doplniť do ostatných možností.",M5,T10,VSP,bank,sk,true,VSJP8_Test_Cielene_C.4-znywov.pdf,VSJP8_Test_Cielene_C.4_Riesenie-p2nqnn.pdf,31
bank-cielene-c4-t10-32-7bbe01dd5e,"Aj keď pravdepodobne neovládaš taliansky jazyk, pokús sa určiť, v ktorej možnosti sa nenachádza farba.",A. pranzo disgustoso|B. bandiera rossa|C. cielo blu|D. specchio nero,B,"specchio nero A - nechutný obed, B -červená vlajka, C - modrá obloha, D - čierne zrkadlo",M5,T10,VSP,bank,sk,true,VSJP8_Test_Cielene_C.4-znywov.pdf,VSJP8_Test_Cielene_C.4_Riesenie-p2nqnn.pdf,32
bank-cielene-c4-t10-33-21940d6488,"Na základe textu urči jazykovú skupinu, do ktorej jazyk patrí. Orice persoana are dreptul la învăţătură. Invăţămîntul trebuie să fie gratuit, cel puţin în ceea ce priveşte invăţămîntul elementar şi general. Invăţămîntul elementar trebuie să fie obligatoriu. Invăţămîntul tehnic şi profesional trebuie să fie la îndemîna tuturor, iar învăţămîntul superior trebuie să fie de asemenea egal, accesibil tuturora, pe bază de merit.",A. románska|B. germánska|C. slovanská|D. ugrofínska,D,ugrofínska Text je v rumunčine.,M5,T10,VSP,bank,sk,true,VSJP8_Test_Cielene_C.4-znywov.pdf,VSJP8_Test_Cielene_C.4_Riesenie-p2nqnn.pdf,33
bank-cielene-c4-t10-34-c71a4d7f1e,"Spomedzi možností vyber tú, v ktorej nemožno vytvoriť opačný význam pomocou predpony a-.",A. -memorický|B. -rytmia|C. -mnestický|D. -sociálny,D,-sociálny,M5,T10,VSP,bank,sk,true,VSJP8_Test_Cielene_C.4-znywov.pdf,VSJP8_Test_Cielene_C.4_Riesenie-p2nqnn.pdf,34
bank-cielene-c4-t10-35-cce5882e75,"Slovné spojenie hromadná výpoveď má rovnaký rytmus ako spojenie tradičná výšivka, ale iný rytmus ako spojenie slovenské slovníky. Ktoré z uvedených slovných spojení má iný rytmus ako zvyšné tri?",A. nemá to zmysel|B. jedlá hubička|C. nie sú tu s nami|D. zatrúb na mačky,D,"zatrúb na mačky A, B, D majú rytmus KDKKK (K – krátka slabika, D – dlhá slabika). C je chyták, lebo dvojhláska je považovaná za dlhú slabiku (nié).",M5,T10,VSP,bank,sk,true,VSJP8_Test_Cielene_C.4-znywov.pdf,VSJP8_Test_Cielene_C.4_Riesenie-p2nqnn.pdf,35
bank-cielene-c4-t10-37-f6c7e09204,Zvýraznené slovo v ukážke znamená:,A. všetkého|B. vyskytlo sa|C. všehochuť|D. vyšumelo,D,vyšumelo,M5,T10,VSP,bank,sk,true,VSJP8_Test_Cielene_C.4-znywov.pdf,VSJP8_Test_Cielene_C.4_Riesenie-p2nqnn.pdf,37
bank-cielene-c4-t10-39-19834f76db,Vyber vhodné pokračovanie vety na základe textu. V stredoveku...,A. neexistovali diela písané v slovinčine s výnimkou cirkevných textov a modlitebných knižiek|B. sa v stánkoch predávali kroniky a modlitebné knižky až do 16. storočia|C. v Slovinsku nemali delá a tak sa im podarilo vyhnať ráznych cirkevníkov až v 16. storočí|D. dorazila reformácia a písali sa veľké diela s významnou historickou hodnotou,D,dorazila reformácia a písali sa veľké diela s významnou historickou hodnotou.,M5,T10,VSP,bank,sk,true,VSJP8_Test_Cielene_C.4-znywov.pdf,VSJP8_Test_Cielene_C.4_Riesenie-p2nqnn.pdf,39
bank-cielene-c4-t10-40-3e4e569689,Na základe nárečia ktorého mesta je podľa textu vyššie uzákonený slovinský jazyk?,A. Maribor|B. Prímorský Trubar|C. Katekizem|D. Ľubľana,D,"Ľubľana Preklad: V stredoveku neexistovali žiadne diela v slov inčine, okrem cirkevných modlitebných kníh a kroník, takže v polovici 16. storočia, v čase reformácie, môžeme hovoriť o založení slovinského spisovného jazyka. ktorá spočíva na stredoslovinských nárečiach, najmä na ľubľanskom a jeho bezprostrednom okolí. Priekopníkom slovinského jazyka je protestantský spisovateľ Primož Trubar, ktorý prvýkrát napísal Katechizmus a abecedu v roku 1550, preložil Nový zákon v rokoch 1557–1560 a v roku 1",M5,T10,VSP,bank,sk,true,VSJP8_Test_Cielene_C.4-znywov.pdf,VSJP8_Test_Cielene_C.4_Riesenie-p2nqnn.pdf,40
bank-cielene-c4-t10-41-eb6bee7326,"Nasledujúci text je v jazyku Esperanto. Aj keď tento jazyk pravdepodobne neovládaš, pokús sa odhadnúť, ktoré slovo je nesprávne preložené. En tiuj vendejoj oni povas kunpreni ĉiujn eblajn objektojn, kiel ekzemple vestojn, librojn, ludo-objektojn, radiojn aŭ ilojn. Oni ankaŭ povas alporti objektojn, kiuj ankoraŭ estas uzeblaj. La homoj, kiuj kreis tiujn vendejojn laboras sen ricevi pagon. Kompreneble tia komerco ne povas ekzisti sen mono. Oni devas pagi por la uzo de la loko kaj por la elektro. Do, la “aĉetantoj” helpas per malgrandaj donacoj.",A. objektojn – predmety|B. donacoj - dary|C. homoj – rovnakí|D. ekzisti – existovať,D,"ekzisti – existovať Preklad: V týchto predajniach zoženiete všetky možné predmety, ako sú oblečenie, knihy, hračky, rádiá či náradie. Môžete si priniesť aj predmety, ktoré sa ešte dajú použiť. Ľudia, ktorí vytvorili tieto obchody, pracujú bez toho, aby dostali zaplatené. Samozrejme, že takýto biznis nemôže existovať bez peňazí. Musíte platiť za používanie miesta a za elektrinu. Takže „kupujúci“ pomáhajú drobnými darmi.",M5,T10,VSP,bank,sk,true,VSJP8_Test_Cielene_C.4-znywov.pdf,VSJP8_Test_Cielene_C.4_Riesenie-p2nqnn.pdf,41
bank-cielene-c4-t10-42-1df6d0ca83,"Aj keď pravdepodobne nevieš latinsky, skús určiť, čo znamená fráza Ex nihilo nihil fit.",A. Vydýchni a bude ti lepšie|B. Minulosť nikto nerieši|C. Minulé časy sem nezapadajú|D. Z ničoho nič nevzniká,D,"Z ničoho nič nevzniká. Hľadáme štvorslovnú vetu s opakujúcim sa slovom – nihilo, nihil.",M5,T10,VSP,bank,sk,true,VSJP8_Test_Cielene_C.4-znywov.pdf,VSJP8_Test_Cielene_C.4_Riesenie-p2nqnn.pdf,42
bank-cielene-c4-t10-43-82a4adf439,"Slovné spojenie obytný dom má rovnaký rytmus ako spojenie zelený strom, ale iný rytmus ako spojenie kráľovský trón. Ktoré z uvedených slovných spojení má iný rytmus ako ostatné tri?",A. nenájdu nás|B. neprídem dnes|C. na nás teraz|D. bodné rany,D,"bodné rany B, C, D má rytmus KDKK. A má KDKD.",M5,T10,VSP,bank,sk,true,VSJP8_Test_Cielene_C.4-znywov.pdf,VSJP8_Test_Cielene_C.4_Riesenie-p2nqnn.pdf,43
bank-cielene-c4-t10-44-257a294101,V ktorej možnosti sa nachádza synonymický rad?,A. chronologický – časový – postupný|B. lakonický – laxný – lacný|C. latentný – atmosferický – laterálny|D. omnipotentný – vševidiaci – svetaznalý,D,omnipotentný – vševidiaci – svetaznalý Synonymá sú slová rovnakého významu.,M5,T10,VSP,bank,sk,true,VSJP8_Test_Cielene_C.4-znywov.pdf,VSJP8_Test_Cielene_C.4_Riesenie-p2nqnn.pdf,44
bank-cielene-c4-t10-45-e9e5800c33,"Zvoľ správne pokračovanie frazeologizmu tak, aby veta dávala zmysel Už je ruka v rukáve, ...","A. dohodu uzavreli v prvej hodine jednania|B. radšej sa nemotaj do toho, do čoho ťa nič|C. nachytali sme ho rovno počas krádeže|D. aj tak nikdy nevedel nič. SKVELÁ PRÁCA! NEZABUDNI SI TEST SKONTROLOVAŤ",D,aj tak nikdy nevedel nič.,M5,T10,VSP,bank,sk,true,VSJP8_Test_Cielene_C.4-znywov.pdf,VSJP8_Test_Cielene_C.4_Riesenie-p2nqnn.pdf,45
bank-cielene-d1a-t11-01-a4d8205a06,"Traja robotníci vymieňajú potrubie. Prvý by celé potrubie sám vymenil za 12 hodín, druhý za 10 a tretí za 15 hodín. Koľko hodín by im práca trvala, ak by pracovali všetci spolu?",A. 3 hodiny|B. 4 hodiny|C. 3 hodiny 30 minút|D. 4 hodiny 15 minút,D,"4 hodiny 15 minút Prvý robotník by za 1 hodinu spravil 1/12 práce, druhý 1/10 a tretí 1/15. Rovnica je potom: x/12 + x/10 + x/15 = 1 Dáme na spoločného menovateľa a dostaneme rovnicu: 5x/60 + 6x/60 + 4x/60 = 1, teda 15x = 60. x = 4 hodiny. prvý spraví 3/12 potrubia, druhý 3/10, tretí 3/15, dokopy sčítaním týchto zlomkov získame hodnotu 0,75, čiže za tri hodiny stihnú len 0,75 (tri štvrtiny potrubia).",M6,T11,VSP,bank,sk,true,VSJP8_Test_Cielene_D.1A-8avolq.pdf,VSJP8_Test_Cielene_D.1A_Riesenie-1kbxvf.pdf,1
bank-t11-01-bec726d2fb,"Aj keď pravdepodobne nevieš po chorvátsky, pokús sa odhaliť, čo približuje nasledujúci text. Na malo biljnog ulja prepirjajte luk narezan na sitne komade. Pirjajte dok ne omekša. U lonac dodajte i sitno narezani češnjak te pirjajte sve zajedno još oko jednu minutu. Ubacite mrkvu narezanu na kockice. Ubacite koncentrat rajčice i pasatu te sve dobro promiješajte. U lonac stavite i krumpir narezan na manje kockice. Sve dobro promiješajte i zalijte vodom ili povrtnim temeljcem. Ako ne radite kod kuće vlastite temeljce, vrlo lako ga možete napraviti miješanjem tople vode s kupovnim temeljcem u kocki.",A. Zákon o cestnej premávke|B. Recept na polievku|C. Výskyt nového druhu komára|D. Zdravý životný štýl v lete,B,"Kľúčové slová: češnjak (cesnak), mrkvu, na kockice (na kocky)",M6,T11,VJS,bank,sk,true,VSJP8_Mudre-predplatne_11_Ulohy-jdivir.pdf,VSJP8_Mudre-predplatne_11_Riesenia-raeg6x.pdf,1
bank-t11-02-e51b571421,slovo v texte.,A. všetko|B. svoje|C. spolu|D. svet,A,Sve dobro promiješajte i zalijte vodom . = Všetko dobre premiešajte a zalejte vodou.,M6,T11,VJS,bank,sk,true,VSJP8_Mudre-predplatne_11_Ulohy-jdivir.pdf,VSJP8_Mudre-predplatne_11_Riesenia-raeg6x.pdf,2
bank-t11-03-37ae499a0c,"V akom jazyku je písaný uvedený text? Interlingua es un lingua vivente, multo usate in Internet pro paginas official, presentationes pro un publico international e pro diarios electronic personal (appellate ""weblogs""). Iste pagina presenta un numero de sitos in Internet que usa interlingua. Entra in un nove mundo fascinante.",A. maďarčina|B. interlingua|C. ruština|D. gréčtina,B,"Interlingua je umelo vytvorený jazyk, ktorý má základy v románskych jazykoch . Na začiatku textu sa o nej hovorí.",M6,T11,VJS,bank,sk,true,VSJP8_Mudre-predplatne_11_Ulohy-jdivir.pdf,VSJP8_Mudre-predplatne_11_Riesenia-raeg6x.pdf,3
bank-cielene-d1a-t11-05-56ca94ac91,"Katka sa spolužiakov z tried 8.A a 8.B pýtala, aké športové krúžky navštevujú. Žiaci mali uviesť všetky svoje krúžky. Výsledky prieskumu Katka zobrazila pomocou grafu, ktorý v stĺpcoch ukazuje počet študentov, ktorí navštevujú daný krúžok. Ktoré z nasledujúcich tvrdení určite vyplýva z grafu?",A. Na futbal chodí dvakrát väčší počet žiakov ako na stolný tenis|B. Prieskumu sa zúčastnilo 46 žiakov|C. Na floorbal chodí 10 percent žiakov|D. Viac ako pätina žiakov nenavštevuje žiadny krúžok,D,"Viac ako pätina žiakov nenavštevuje žiadny krúžok. A – Futbal 8, stolný tenis 5, to nie je dvakrát viac. B – Prieskumu sa zúčastnilo maximálne 46 žiakov – nevieme, koľkí navšetevujú viacero krúžkov. C – Na floorball chodí 10 žiakov, to nie je 10 percent zo 46 žiakov (alebo menej – viď možnosť B). D – 11 zo 46 je viac ako 20 %, ak by žiakov bolo menej (viď možnosť B), percentuálny podiel by bol ešte vyšší.",M6,T11,VSP,bank,sk,true,VSJP8_Test_Cielene_D.1A-8avolq.pdf,VSJP8_Test_Cielene_D.1A_Riesenie-1kbxvf.pdf,5
bank-t11-05-939b92fcd2,"Aj keď pravdepodobne neovládaš poľštinu , skús určiť, ktoré tvrdenie z textu nevyplýva. Przygotujemy dla Państwa pyszne kompozycje począwszy od delikatnych przystawek, po aromatyczne zupy i dania główne. W naszej karcie nie brakuje również pizzy, past czy sałatek. A na deser? Rozmaite ciasta i ciasteczka, desery lodowe, smoothie i koktajle owocowe. A jako dopełnienie całości proponujemy świeżo parzoną kawę, herbatę czy lampkę ulubionego wina.",A. Reštaurácia ponúka čerstvo praženú kávu|B. V menu nechýba ani pizza|C. Lodné dezerty sú len časťou vynikajúceho občerstvenia|D. V ponuke majú ovocné koktejly,C,"Desery lodower nie sú lodné, ale ľadové dezerty .",M6,T11,VJS,bank,sk,true,VSJP8_Mudre-predplatne_11_Ulohy-jdivir.pdf,VSJP8_Mudre-predplatne_11_Riesenia-raeg6x.pdf,5
bank-cielene-d1a-t11-06-0c3f593850,Ktorá dvojica slov nie je v rovnakom vzťahu ako dvojica ruda – kov?,A. ropa – benzín|B. oliva – olej|C. maslo – mlieko|D. drevo – papier,D,"drevo – papier Dvojica surovina – produkt, v C sú slová v opačnom poradí, nie je to teda rovnaký vzťah.",M6,T11,VSP,bank,sk,true,VSJP8_Test_Cielene_D.1A-8avolq.pdf,VSJP8_Test_Cielene_D.1A_Riesenie-1kbxvf.pdf,6
bank-t11-06-6f9116749a,"Urči, o aký typ textu sa jedná . Kde domov můj, kde domov můj. Voda hučí po lučinách, bory šumí po skalinách, v sadě skví se jara květ, zemský ráj to na pohled! A to je ta krásná země, země česká, domov můj, země česká, domov můj!",A. sonet|B. hymna|C. epická báseň|D. inzerát,B,Správna odpoveď: B.,M6,T11,VJS,bank,sk,true,VSJP8_Mudre-predplatne_11_Ulohy-jdivir.pdf,VSJP8_Mudre-predplatne_11_Riesenia-raeg6x.pdf,6
bank-cielene-d1a-t11-07-d3fea482b7,"Ktorú dvojicu slov je možné doplniť do viet tak, aby vznikol zmysluplný text? Kapybara močiarna je druh z ________ morčatovité (Caviidae), v minulosti väčšinou zaraďovaný medzi kapybarovité (Hydrochaeridae). Je to najväčší žijúci __________ na svete.","A. čeľade, hlodavec|B. skupiny, hlodavec|C. skupiny, živočích|D. čeľade, živočích",D,"čeľade, živočích Možnosť ‘z skupiny’ nesedí gramaticky, ‘živočích’ nesedí logicky.",M6,T11,VSP,bank,sk,true,VSJP8_Test_Cielene_D.1A-8avolq.pdf,VSJP8_Test_Cielene_D.1A_Riesenie-1kbxvf.pdf,7
bank-t11-07-11e5bc7534,"Aj keď pravdepodobne nevieš po taliansky, skús určiť tému textu. Confindustria, Draghi: ""Il governo non alzerà le tasse, i soldi ora si danno"" Il presidente del consiglio Draghi lancia la proposta di un patto economico e sociale per rilanciare l'Italia riprendendo le parole del presidente della Confindustria Bonomi e invita tutti a lavorare insieme per rendere.",A. futbal|B. talianska kuchyňa|C. talianska politika|D. domáce spotrebiče,C,"Kľúčové slová: governa, presidente, economico , sociale, ...",M6,T11,VJS,bank,sk,true,VSJP8_Mudre-predplatne_11_Ulohy-jdivir.pdf,VSJP8_Mudre-predplatne_11_Riesenia-raeg6x.pdf,7
bank-cielene-d1a-t11-08-7d75e9367f,"Aký obsah má obdĺžnik s obvodom 66 cm, ktorého dĺžky strán sú v pomere 1:2?",A. 212 cm2|B. 242 cm2|C. 968 cm2|D. 484 cm2,D,"484 cm2 Obvod obdĺžnika vyrátame: o = 2.a + 2.b. Môžeme predpokladať, že b = 2.a (keďže strany sú v pomere 1:2) Obvod teda bude: o = 2.a + 2.(2.a) = 2.a + 4.a = 6.a Strana a potom bude: a = 66:6 = 11 cm Strana b bude b = 2.a = 2.11 = 22 cm Obsah obdĺžnika vyrátame: S = a . b = 11 . 22 = 242 cm2.",M6,T11,VSP,bank,sk,true,VSJP8_Test_Cielene_D.1A-8avolq.pdf,VSJP8_Test_Cielene_D.1A_Riesenie-1kbxvf.pdf,8
bank-t11-08-4d8def77e4,"Aj keď pravdepodobne nevieš po maďarsky, skús určiť tému nasledujúceho textu. Domborzatát síkságok és alacsony középhegységek uralják. Itt található Közép-Európa legnagyobb tava, a Balaton. Legmagasabb pontja a Mátrában található Kékes-tető, (1014 m). Fejlett út- és vasúthálózattal rendelkezik. A légi közlekedés viszonylag fejletlen. Menetrend szerinti légijárattal csak a két legnagyobb városba, Budapesre és Debrecenbe lehet eljutni. A többi nagyobb város nehezen vagy egyáltalán nem elérhető repülővel. Ennek ellenére a térségben ide érkezik a legtöbb külföldi turista.",A. cestovný ruch|B. slepačí vývar|C. zdravotníctvo v 21. storočí|D. výchova detí,A,"Kľúčové slová: Europa, Balaton, 1014 m, Budapesre, Deremcenbe, turista ...",M6,T11,VJS,bank,sk,true,VSJP8_Mudre-predplatne_11_Ulohy-jdivir.pdf,VSJP8_Mudre-predplatne_11_Riesenia-raeg6x.pdf,8
bank-t11-09-bc54e3408e,"Aj keď pravdepodobne nevieš slovinsky, označ možnosť, ktorá vyplýva z textu. Za to obdobje so značilne počasne spremembe. Najpomembnejša gospodarska dejavnost je bila kmetijstvo, saj je od njega živela večina prebivalcev. Preostali pa so se ukvarjali z obrtjo, trgovino in drugimi dejavnostmi (fužinarstvo). Industrijska podjetja so se na Slovenskem začela pojavljati šele v prvi polovici 19. stoletja. Zato, ker je Slovenija ležala v bolj slabo razvitem del avstro-ogrske monarhije, se je na Slovenskem industrializacija začela kasneje kot v bolj razvitih evropskih državah. Sredi 19. stoletja pa so prek Slovenije začeli graditi Južno železnico, ki je povezovala Dunaj s Trstom. Ta železnica je omogočila malo hitrejšo industrializacijo v primerjavi z drugimi vzhodnimi državami.","A. Slovinské zdravotníctvo využívalo južnú železnicu do 19. storočia|B. Slovinsko bolo súčasťou južnej Európy pri Dunaji|C. Preto, že krajin a má veľa kríkov, preteká ňou Dunaj|D. Priemyselné podniky sa v Slovinsku začali objavovať až v prvej polovici 19. storočia",D,"Kľúčové slová: industrijska, Slovenskem, začela, v prvi polovici 19. stoletja",M6,T11,VJS,bank,sk,true,VSJP8_Mudre-predplatne_11_Ulohy-jdivir.pdf,VSJP8_Mudre-predplatne_11_Riesenia-raeg6x.pdf,9
bank-cielene-d1a-t11-10-594f60595d,Nasledujúca tabuľka zobrazuje veľkosti oblečenia. Škótka Mary nosí veľkosť 8 a chce si objednať blúzku z nemeckého e-shopu. Ktorú veľkosť má zvoliť?,A. EU 38|B. EU 36|C. UK 8|D. US 6,B,"US 6 Mary nosí UK veľkosť 8, to zodpovedá nemeckej – EU veľkosti 36.",M6,T11,VSP,bank,sk,true,VSJP8_Test_Cielene_D.1A-8avolq.pdf,VSJP8_Test_Cielene_D.1A_Riesenie-1kbxvf.pdf,10
bank-t11-10-a61cd9c0fc,Ktorý mesiac pomenúva české slovo září?,A. september|B. november|C. október|D. máj,A,Správna odpoveď: A.,M6,T11,VJS,bank,sk,true,VSJP8_Mudre-predplatne_11_Ulohy-jdivir.pdf,VSJP8_Mudre-predplatne_11_Riesenia-raeg6x.pdf,10
bank-t11-11-7c7cc3fcb6,"Aj keď pravdepodobne neovládaš chorvátsky jazyk, pokús sa identifikovať ústrednú tému textu. Među predsvadbenim običajima najvažniji su prošnja i zaruke. Zaruke su najčešće zaseban čin, sa simboličnim sadržajem: međusobnim primanjem za ruke mladić i djevojka iskazuju odluku da zasnuju brak. Pretpostavlja se da je među Hrvatima prije prihvaćanja kršćanstva to bio glavni obred sklapanja braka. Pri zarukama djevojka prima darove, najčešće jabuku, novac i/ili prsten. Još su dva čina slične obredne važnosti i velike starine: okretanje djevojke (u smjeru kretanja Sunca) i prstenovanje djevojke; zbivaju se na zarukama ili u drugim trenutcima običajnoga kompleksa, a prstenovanje se u nekim krajevima izdvojilo kao zaseban čin.",A. cesta loďou|B. svadobné zvyky|C. vyšetrovanie trestného činu|D. chov dobytka,B,Kľúčové slová: presvadbenim običajima,M6,T11,VJS,bank,sk,true,VSJP8_Mudre-predplatne_11_Ulohy-jdivir.pdf,VSJP8_Mudre-predplatne_11_Riesenia-raeg6x.pdf,11
bank-cielene-d1a-t11-12-8a72ec670f,Ktorý jazyk nepatrí do rovnakej jazykovej skupiny ako ostatné tri?,A. fínčina|B. islandčina|C. nemčina|D. nórčina,A,"nórčina Fínčina je ugrofínsky jazyk, ostatné sú germánske.",M6,T11,VSP,bank,sk,true,VSJP8_Test_Cielene_D.1A-8avolq.pdf,VSJP8_Test_Cielene_D.1A_Riesenie-1kbxvf.pdf,12
bank-t11-12-2785d66bc1,"Ak v Česku pripravia na obed játra, čo dostaneš na tanier?",A. jadierka|B. buchty|C. pečeň|D. chlieb,C,Správna odpoveď: C.,M6,T11,VJS,bank,sk,true,VSJP8_Mudre-predplatne_11_Ulohy-jdivir.pdf,VSJP8_Mudre-predplatne_11_Riesenia-raeg6x.pdf,12
bank-cielene-d1a-t11-13-e14c02ecb7,"Aj keď pravdepodobne neovládaš španielčinu, pokús sa odhadnúť, o čom hovorí nasledujúci text. El beagle fue desarrollado principalmente para cazar liebres. Al poseer un gran sentido del olfato e instintos de rastreo superiores, el beagle es la raza principal utilizada como perro de detección de importaciones agrícolas y alimentos prohibidos en cuarentena en todo el mundo. El beagle es una mascota popular debido a su tamaño, buen carácter y falta de problemas de salud hereditarios. Los beagles han sido representados en la cultura popular desde la época isabelina en la literatura y la pintura y, más recientemente, en el cine, la televisión y los cómics.",A. o plemene psa|B. o komiksoch|C. o poľnohospodárstve|D. o dedičnosti,D,"o dedičnosti Preklad: Beagle bol pôvodne vyšľachtený na lov zajacov. Vďaka svojmu vynikajúcemu čuchu a výnimočným stopárskym inštinktom je beagle hlavnou plemennou používanou ako detekčný pes pre poľnohospodárske dovozy a zakázané potraviny v karanténe po celom svete. Beagle je obľúbeným domácim miláčikom vďaka svojej veľkosti, dobrej povahe a absencii dedičných zdravotných problémov. Beaglovia sú zobrazovaní v populárnej kultúre už od alžbetínskej éry v literatúre a maliarstve a v modernej dobe",M6,T11,VSP,bank,sk,true,VSJP8_Test_Cielene_D.1A-8avolq.pdf,VSJP8_Test_Cielene_D.1A_Riesenie-1kbxvf.pdf,13
bank-t11-13-0cdb13c54a,"Nasledujúci text je v jazyku interlingua. Aj keď tento jazyk pravdepodobne neovládaš, pokús sa určiť, ktoré slovo je preložené správne. Io presenta iste blog como un ressource pro stedentes de linguas interessange in iste maniera de studiar linguas. Omne le usatores de iste blog es libere a copiar e republicar su textos – e mesme a facer nove redactioines de illos pro usos personal o pro le production de nove resources pro studentes de linguas.",A. maniera – výhoda|B. mesme – chýba|C. omne – každý|D. facer – nadávať,C,"omne (používa sa aj v slovenských slovách ako predpona omni - vo význame všade/všetko, napr. omniprezentný – všadeprítomný, omnivor – všežravec,...)",M6,T11,VJS,bank,sk,true,VSJP8_Mudre-predplatne_11_Ulohy-jdivir.pdf,VSJP8_Mudre-predplatne_11_Riesenia-raeg6x.pdf,13
bank-cielene-d1a-t11-14-c36499f8b8,Ktorá z nasledujúcich krajín nepatrí medzi ostatné?,A. Sudán|B. Zimbabwe|C. Kambodža|D. Ghana,C,Ghana Kambodža nie je v Afrike.,M6,T11,VSP,bank,sk,true,VSJP8_Test_Cielene_D.1A-8avolq.pdf,VSJP8_Test_Cielene_D.1A_Riesenie-1kbxvf.pdf,14
bank-t11-14-fa46bd7791,"Aj keď pravdepodobne neovládaš esperanto, pokús sa odhadnúť, o čom hovorí nasledujúci text. Ĉiu havas rajton je edukiĝo. La edukado estu senpaga, almenaŭ en la elementa kaj fundamenta stadioj. La elementa edukado estu deviga. La teknika kaj porprofesia edukado estu ĝenerale akirebla, kaj pli alta edukado estu egale akirebla por ĉiuj laŭ ties meritoj.",A. cestovanie|B. technológie|C. tehotenstvo|D. vzdelávanie,D,"Kľúčové slová: eduki ĝo, edukado",M6,T11,VJS,bank,sk,true,VSJP8_Mudre-predplatne_11_Ulohy-jdivir.pdf,VSJP8_Mudre-predplatne_11_Riesenia-raeg6x.pdf,14
bank-cielene-d1a-t11-15-0a23605f8e,"Vtákom priraďujeme čísla podľa istého systému. Ktorému druhu sme nesprávne priradili číslo? sýkorka 10, albatros 11, tučniak 01, pštros 00, labuť 11, orol 10",A. ara I I|B. čajka 11|C. vrabec 10|D. vrana 10,D,"vrana 10 Prvá číslica označuje pohyb vtákov: 1 = lietavé, 0 = nelietavé; Druhá číslica ich domov: 1 = vodné, 0 = suchozemské.",M6,T11,VSP,bank,sk,true,VSJP8_Test_Cielene_D.1A-8avolq.pdf,VSJP8_Test_Cielene_D.1A_Riesenie-1kbxvf.pdf,15
bank-t11-15-0a1e963f39,"Aj keď tento jazyk pravdepodobne neovládaš, pokús sa odhadnúť, o čom text hovorí. Mia Konto - via persona informo: Post kiam vi ensalutas, la ligoj en la verda strio ĉe la supro de la paĝo estas 'Hejmo', 'Elsaluti', and 'Mia Konto'. La ligoj 'Ĉareto', and 'Pagi' aperas se vi havas varojn en via ĉareto. Vi povas klaketi la ligon 'Mia Konto' kaj redakti vian personon informon la ŭplaĉe.",A. o hádke dvoch redaktorov|B. o vytvorení používateľského účtu na webstránke|C. o starých čarodejníckych praktikách|D. o pravidlách kartovej hry,B,"Kľúčové slová: Mia Konto, Pagi, persona informo",M6,T11,VJS,bank,sk,true,VSJP8_Mudre-predplatne_11_Ulohy-jdivir.pdf,VSJP8_Mudre-predplatne_11_Riesenia-raeg6x.pdf,15
bank-cielene-d1a-t11-16-8c44d26bc2,"T ento štát susedí s Uzbekistanom, Kirgizskom, Afganistanom a Čínou. O ktorom štáte hovoríme?",A. Azerbajdžan|B. Irak|C. Tadžikistan|D. Mjanmarsko,D,Mjanmarsko,M6,T11,VSP,bank,sk,true,VSJP8_Test_Cielene_D.1A-8avolq.pdf,VSJP8_Test_Cielene_D.1A_Riesenie-1kbxvf.pdf,16
bank-t11-16-e72d9c43d4,"Aj keď pravdepodobne neovládaš esperanto, pokús sa odhadnúť slovenský názov nasledujúcej modlitby. Patro nia, kiu estas en la ĉieloj, sanktigata estu Via nomo. Venu Via regno, fariĝu Via volo, kiel en la ĉielo, tiel ankaŭ sur la tero. Nian panon ĉiutagan donu al ni hodiaŭ. Kaj pardonu al ni niajn ŝuldojn, kiel ankaŭ ni pardonas al niaj ŝuldantoj. Kaj ne konduku nin en tenton, sed liberigu nin de la malbono. Amen.",A. Zdravas Mária|B. Modlitba pre región|C. Otčenáš|D. Modlitba za patrónku,C,Kľúčové slová: Patro nia,M6,T11,VJS,bank,sk,true,VSJP8_Mudre-predplatne_11_Ulohy-jdivir.pdf,VSJP8_Mudre-predplatne_11_Riesenia-raeg6x.pdf,16
bank-cielene-d1a-t11-17-146b57b08c,Ktoré z nasledujúcich slov obsahuje predponu anti-?,A. antikvariát|B. antilopa|C. antický|D. antiseptický,D,antiseptický Možnosti A. a C. sú utvorené od základu ante = pred. Možnosť B. neobsahuje predponu. Možnosť D. obsahuje predponu anti- vo význame proti-.,M6,T11,VSP,bank,sk,true,VSJP8_Test_Cielene_D.1A-8avolq.pdf,VSJP8_Test_Cielene_D.1A_Riesenie-1kbxvf.pdf,17
bank-t11-17-cc0af42799,"Aj keď pravdepodobne neovládaš esperanto, pokús sa odhadnúť význam zvýraznenej frázy. “Galina, Galina, mia fratino, mi volas danki vin. Se vi scius, de kiom longe mi rigardas admire kaj dezire al tiu kastelo, ĉiufoje, kiam mi tie pasas! Se vi scius! Nur pensi, ke nun ĝi estas mia... Dankon, Galina, dankegon al vi!” “Ne danku min, frateto. Mi nur faris mian devon, bonfratine.”","A. Nie, ja si nedám večeru|B. Neďakuj mi, bratu|C. Nechoď tam, prosím|D. Nikoho nepotrebujem, ani teba",B,"Kľúčové slová: Danku, frateto",M6,T11,VJS,bank,sk,true,VSJP8_Mudre-predplatne_11_Ulohy-jdivir.pdf,VSJP8_Mudre-predplatne_11_Riesenia-raeg6x.pdf,17
bank-cielene-d1a-t11-18-46f8491582,Ku ktorej možnosti je potrebné pridať inú predponu ako ku zvyšným trom?,A. -bola|B. -market|C. -chonder|D. -text,C,"-text Predpona hyper/hypo – A. hyperbola, B. hypermarket, C. hypochonder, D. hypertext",M6,T11,VSP,bank,sk,true,VSJP8_Test_Cielene_D.1A-8avolq.pdf,VSJP8_Test_Cielene_D.1A_Riesenie-1kbxvf.pdf,18
bank-t11-18-0d58e6f64c,"Aj keď pravdepodobne neovládaš jazyk interlingua, pokús sa odhadnúť, ktoré slovo je preložené správne. Su utilitate practic es demonstrate como un lingua de summarios de articulos in publicationes scientific, super toto in le campo medical, e como idioma unic in conferentias international.",A. articulos – cirkusanti|B. medical – chorý|C. idioma – hlupák|D. super – najmä,D,Správna odpoveď: D.,M6,T11,VJS,bank,sk,true,VSJP8_Mudre-predplatne_11_Ulohy-jdivir.pdf,VSJP8_Mudre-predplatne_11_Riesenia-raeg6x.pdf,18
bank-cielene-d1a-t11-19-15a37760ac,"Podľa istého systému sme priradili čísla objektom. Ktorému sme priradili nesprávne číslo? strop – 1, okno – 2, podlaha – 1, posteľ – 2, zárubňa – 1, skriňa – 2, stôl – 2",A. okno|B. skriňa|C. posteľ|D. dvere,D,"dvere 1 – súčasť stavby, 2 – zariadenie interiéru.",M6,T11,VSP,bank,sk,true,VSJP8_Test_Cielene_D.1A-8avolq.pdf,VSJP8_Test_Cielene_D.1A_Riesenie-1kbxvf.pdf,19
bank-t11-19-f148272030,"Aj keď pravdepodobne neovládaš jazyk interlingua, pokús sa odhadnúť, o čom hovorí uvedený text. Roma antique (in latino: Rōma), o Civilisation roman, desgina omne characteristicas differente de un organisation assimilabile a un Stato, surgite del expansion del citate de Roma, que in su epocha de apogeo, arrivava a extender se desde Grande Britannia usque le deserto del Sahara e desde le peninsula Iberic al fluvio Euphrates. In principio, tras su fundation (753 aEC) Roma esseva un monarchia etrusce. Plus tarde (509 aEC) esseva un republica latin e in 27 aEC convertiva se in imperio.",A. o pôvode Rómskej kultúry|B. o založení Veľkej Británie|C. o zakladaní štátov v blízkosti riek|D. o histórii Rímskej ríše,D,"Kľúčové slová: Roma antique, Civilisation roman, monarchia, republica latin, imperio",M6,T11,VJS,bank,sk,true,VSJP8_Mudre-predplatne_11_Ulohy-jdivir.pdf,VSJP8_Mudre-predplatne_11_Riesenia-raeg6x.pdf,19
bank-cielene-d1a-t11-20-c7e5da05e8,"Písmenám sme priradili čísla podľa určitého systému. Ktorej z možností sme podľa daného systému správne priradili číslo? A = 1, E = 0, T = 0, R = 1, B = 2",A. O = 1|B. S = 1|C. D = 2|D. F = 1,A,F = 1 Všímame si počet uzatvorených častí v písmene.,M6,T11,VSP,bank,sk,true,VSJP8_Test_Cielene_D.1A-8avolq.pdf,VSJP8_Test_Cielene_D.1A_Riesenie-1kbxvf.pdf,20
bank-t11-20-6eb9b273b8,"Aj keď pravdepodobne neovládaš jazyk interlingua, pokús sa odhadnúť, čo vyplýva z nasledujúceho textu. Illo se adapta ben al vita in appartamento. Le bulldog non soporta troppo le calor ni le effortio excessive, illo ronca frequentemente.","A. Aktívny život sa dá dosiahnuť iba pravidelným behaním|B. Kalórie môžeme efektívne páliť iba cvičením|C. V kláštoroch musí vždy existovať človek, ktorý ochraňuje svojich kolegov|D. Bulldog je pes, ktorý sa dobre prispôsobí životu v byte",D,"Kľúčové slová : se adapta, appartamento, bulldog, effortio",M6,T11,VJS,bank,sk,true,VSJP8_Mudre-predplatne_11_Ulohy-jdivir.pdf,VSJP8_Mudre-predplatne_11_Riesenia-raeg6x.pdf,20
bank-cielene-d1a-t11-22-d18cf7b809,"V ktorom jazyku je písaná nasledujúca ukážka? Poljska, uradno Republika Poljska, je država v srednji Evropi. Razteza se od Baltskega morja na severu do Sudetov in Karpatov na jugu, medtem ko je njena najdaljša reka Visla. Poljska ima zmerno prehodno podnebje in je peta najbolj naseljena država članica Evropske unije s svojimi šestnajstimi vojvodstvi, ki imajo skupno več kot 38 milijonov prebivalcev.",A. poľština|B. bieloruština|C. slovinčina|D. ukrajinčina,D,ukrajinčina T ext o Poľsku v slovinskom jazyku.,M6,T11,VSP,bank,sk,true,VSJP8_Test_Cielene_D.1A-8avolq.pdf,VSJP8_Test_Cielene_D.1A_Riesenie-1kbxvf.pdf,22
bank-cielene-d1a-t11-25-555a2774c5,Ktorá z látok nepatrí medzi ostatné?,A. lipidy|B. sacharidy|C. endorfíny|D. proteíny,C,"proteíny Endorfíny sú hormóny, ostatné sú základné živiny.",M6,T11,VSP,bank,sk,true,VSJP8_Test_Cielene_D.1A-8avolq.pdf,VSJP8_Test_Cielene_D.1A_Riesenie-1kbxvf.pdf,25
bank-cielene-d1a-t11-27-03c2c8002e,Šifrujeme slová podľa istého kľúča. Napríklad slovo gitara by sme zašifrovali takto: hhuzsz. Ako zašifrujeme slovo triangel?,A. uqjbmfk|B. uqjzoffk|C. sshbfgk|D. sqhzmffk,D,"sqhzmffk Prvé písmeno posunieme doprava, druhé doľava, tretie doprava, štvrté doľava....",M6,T11,VSP,bank,sk,true,VSJP8_Test_Cielene_D.1A-8avolq.pdf,VSJP8_Test_Cielene_D.1A_Riesenie-1kbxvf.pdf,27
bank-cielene-d1a-t11-30-82a4adf439,"Slovné spojenie obytný dom má rovnaký rytmus ako spojenie zelený strom, ale iný rytmus ako spojenie kráľovský trón. Ktoré z uvedených slovných spojení má iný rytmus ako ostatné tri?",A. listnatý strom|B. prispatý slon|C. usmiaty klon|D. čistotná laň,D,"čistotná laň Všímame si striedanie dlhých a krátkych slabík: A: (.._.), B: (.._.), C: (._..), D: (.._.).",M6,T11,VSP,bank,sk,true,VSJP8_Test_Cielene_D.1A-8avolq.pdf,VSJP8_Test_Cielene_D.1A_Riesenie-1kbxvf.pdf,30
bank-cielene-d1a-t11-31-ecda8d4290,"Reštaurácia ponúka dva druhy polievok, päť hlavných jedál a tri dezerty. Minimálne koľko ľudí musí prísť na obed, aby sme mali istotu, že aspoň dvaja si objednajú rovnakú kombináciu jedál?",A. 31|B. 30|C. 29|D. 32,D,32 Existuje 2 x 5 x 3 = 30 kombinácií. V extrémnom prípade si 30 zákazníkov objedná 30 rôznych jedál. T en 31. už bude mať rovnaké ako niekto iný.,M6,T11,VSP,bank,sk,true,VSJP8_Test_Cielene_D.1A-8avolq.pdf,VSJP8_Test_Cielene_D.1A_Riesenie-1kbxvf.pdf,31
bank-cielene-d1a-t11-34-882269e323,"Koľko rôznych trojciferných prirodzených čísel možno vytvoriť z číslic 1, 2, 4 a 5 tak, aby žiadne z nich nebolo deliteľné piatimi? Číslice sa v čísle môžu opakovať.",A. 48|B. 47|C. 50|D. 49,D,49 4 x 4 x 3 = 48 (na poslednom mieste nemôže byť číslica 5),M6,T11,VSP,bank,sk,true,VSJP8_Test_Cielene_D.1A-8avolq.pdf,VSJP8_Test_Cielene_D.1A_Riesenie-1kbxvf.pdf,34
bank-cielene-d1a-t11-35-acbf03f53e,Tri z uvedených osôb spája istá logická súvislosť. Ktorá osoba do tejto skupiny nepatrí?,A. Pytagoras|B. Darwin|C. Táles|D. Archimedes,D,"Archimedes Darwin sa nepreslávil ako matematik, bol biológom.",M6,T11,VSP,bank,sk,true,VSJP8_Test_Cielene_D.1A-8avolq.pdf,VSJP8_Test_Cielene_D.1A_Riesenie-1kbxvf.pdf,35
bank-cielene-d1a-t11-36-4caf5854cf,Ktorá možnosť neobsahuje synonymá?,"A. ľubozvučný, melodický|B. pôvabný, vzhľadný|C. lesklý, nablýskaný|D. vrchovitý, zvrchovaný",D,"vrchovitý, zvrchovaný Synonymá sú slová rovnakého alebo podobného významu.",M6,T11,VSP,bank,sk,true,VSJP8_Test_Cielene_D.1A-8avolq.pdf,VSJP8_Test_Cielene_D.1A_Riesenie-1kbxvf.pdf,36
bank-cielene-d1a-t11-37-93f106953b,Tri z uvedených pojmov spája istá logická súvislosť. Ktorý pojem do tejto skupiny nepatrí?,A. užovka obojková|B. slepúch lámavý|C. vretenica severná|D. štrkáč texaský,D,"štrkáč texaský Slepúch je jašter, ostatné sú hady.",M6,T11,VSP,bank,sk,true,VSJP8_Test_Cielene_D.1A-8avolq.pdf,VSJP8_Test_Cielene_D.1A_Riesenie-1kbxvf.pdf,37
bank-cielene-d1a-t11-38-87ab7411ba,Ktorá možnosť obsahuje dvojicu antoným?,A. pestrý – fádny|B. neetický – estetický|C. jasný – bezoblačný|D. spätný – nespätý,D,spätný – nespätý Antonymá sú slová opačného významu.,M6,T11,VSP,bank,sk,true,VSJP8_Test_Cielene_D.1A-8avolq.pdf,VSJP8_Test_Cielene_D.1A_Riesenie-1kbxvf.pdf,38
bank-cielene-d1a-t11-39-0088673a6a,"Budeme hovoriť, že prídavné meno je krkolomné, ak obsahuje aspoň jednu slabikotvornú spoluhlásku a zároveň má aspoň tri slabiky. Ktoré z uvedených slov nie je krkolomné?",A. tvrdohlavý|B. ustarostený|C. kotrmelec|D. tŕnistý,D,tŕnistý Možnosť B nemá slabikotvornú spoluhlásku.,M6,T11,VSP,bank,sk,true,VSJP8_Test_Cielene_D.1A-8avolq.pdf,VSJP8_Test_Cielene_D.1A_Riesenie-1kbxvf.pdf,39
bank-cielene-d1a-t11-40-33d80bfb8a,Ktorého ročného obdobia sa týka pranostika Na Jakuba hrom do duba?,A. jar|B. leto|C. jeseň|D. zima,D,zima Pranostika opisuje letné búrky.,M6,T11,VSP,bank,sk,true,VSJP8_Test_Cielene_D.1A-8avolq.pdf,VSJP8_Test_Cielene_D.1A_Riesenie-1kbxvf.pdf,40
bank-cielene-d1a-t11-41-d51247049b,Ktorý strom nie je listnatý?,A. platan|B. hrab|C. smrek|D. breza,D,breza,M6,T11,VSP,bank,sk,true,VSJP8_Test_Cielene_D.1A-8avolq.pdf,VSJP8_Test_Cielene_D.1A_Riesenie-1kbxvf.pdf,41
bank-cielene-d1a-t11-42-739c9a25e0,Ktoré z nasledujúcich slov je neutrálne?,A. ľúbezný|B. farebný|C. roztomilý|D. milený,D,milený Ostatné sú kladne citovo zafarbené.,M6,T11,VSP,bank,sk,true,VSJP8_Test_Cielene_D.1A-8avolq.pdf,VSJP8_Test_Cielene_D.1A_Riesenie-1kbxvf.pdf,42
bank-cielene-d1a-t11-43-2114041862,Ktorá dvojica slov nie je v rovnakom vzťahu ako dvojica napísať – písať?,A. prečítať – čítať|B. nakresliť – kresliť|C. pozrieť – pozerať|D. postávať – stáť,D,"postávať – stáť Dvojice dokonavého a nedokonavého slovesa s rovnakým základom, dokonavý vid by bol postávať – stávať.",M6,T11,VSP,bank,sk,true,VSJP8_Test_Cielene_D.1A-8avolq.pdf,VSJP8_Test_Cielene_D.1A_Riesenie-1kbxvf.pdf,43
bank-cielene-d1a-t11-44-fb9df538a8,"Ktorá krajina nepatrí medzi ostatné? Severné Macedónsko, Albánsko, Arménsko, Bosna a Hercegovina, Čierna Hora",A. Albánsko|B. Arménsko|C. Bosna a Hercegovina|D. Čierna Hora,D,Čierna Hora Nie je na Balkáne.,M6,T11,VSP,bank,sk,true,VSJP8_Test_Cielene_D.1A-8avolq.pdf,VSJP8_Test_Cielene_D.1A_Riesenie-1kbxvf.pdf,44
bank-cielene-d1a-t11-45-07c62dfe00,"Na prípravu 12 briošiek je potrebných 400 g múky, 260 g masla, 70 g cukru, 30 g droždia a 5 vajec. Pán Pavol chce pre svojich priateľov pripraviť 30 briošiek. Koľko balíkov masla musí kúpiť jeho syn Peter, ak sa maslo predáva v balení po 125 g?",A. 6|B. 5|C. 3|D. 4,D,"4 Na 30 briošiek potrebuje Pavol 2,5 – násobné množstvo surovín (30 : 12 = 2,5). Čiže masla potrebuje 260 . 2,5 = 650 gramov. Koľko potrebuje balení vyrátame ako: 650 : 125 = 5,2 balenia. T eda Peter potrebuje kúpiť 6 celých balení po 125 gramov.",M6,T11,VSP,bank,sk,true,VSJP8_Test_Cielene_D.1A-8avolq.pdf,VSJP8_Test_Cielene_D.1A_Riesenie-1kbxvf.pdf,45
bank-cielene-d1a-t11-46-03b1bfcadd,Nasledujúce slová spája istá logická súvislosť. Ktoré slovo sem nepatrí?,A. pšenica|B. ovos|C. raž|D. sója,D,"sója Sója nie je obilnina, ale strukovina.",M6,T11,VSP,bank,sk,true,VSJP8_Test_Cielene_D.1A-8avolq.pdf,VSJP8_Test_Cielene_D.1A_Riesenie-1kbxvf.pdf,46
bank-cielene-d1a-t11-47-1f95d57a5b,Do ktorej jazykovej vetvy zaraďujeme tento jazyk? Tämä on lyhyt yksinkertainen lause suomeksi.,A. germánska|B. ugrofínska|C. baltická|D. románska,B,"románska Ide o ukážku fínskeho jazyka, takže ugrofínska skupina.",M6,T11,VSP,bank,sk,true,VSJP8_Test_Cielene_D.1A-8avolq.pdf,VSJP8_Test_Cielene_D.1A_Riesenie-1kbxvf.pdf,47
bank-cielene-d1a-t11-49-8bb3c3fe19,Ktorý z nasledujúcich výrazov neobsahuje predponu epi- ?,A. epifýza|B. epitaf|C. epilácia|D. epizeuxa,D,epizeuxa Predpona e + základ slova pil = vlas.,M6,T11,VSP,bank,sk,true,VSJP8_Test_Cielene_D.1A-8avolq.pdf,VSJP8_Test_Cielene_D.1A_Riesenie-1kbxvf.pdf,49
bank-cielene-d1a-t11-51-a551d04d79,"Ktorú dvojicu slov je možné doplniť do viet tak, aby vznikol zmysluplný text? Bojnický zámok stojí na travertínovej kope nad mestom. Prvá písomná zmienka o pravdepodobnej existencii hradu v Bojniciach je z roku 1113 v druhej Zoborskej listine kde sa spomínajú bojnickí podhradčania. Pôvodne bol hradom _________ a vyvinul sa na mieste staršieho hradiska. Postupne v priebehu 13. storočia bol budovaný z ________ ako majetok rodu Hont-Poznanovcov.","A. dreveným, dreva|B. kamenným, dreva|C. dreveným, kameňa|D. kamenným, kameňa",D,"kamenným, kameňa",M6,T11,VSP,bank,sk,true,VSJP8_Test_Cielene_D.1A-8avolq.pdf,VSJP8_Test_Cielene_D.1A_Riesenie-1kbxvf.pdf,51
bank-cielene-d1a-t11-52-38dc31f215,"Martin má v zásuvke 3 páry bielych, 4 páry béžových a 5 párov hnedých ponožiek. Najmenej koľko ponožiek musí v tme zo zásuvky vybrať, aby mal istotu, že drží aspoň jeden pár rovnakej farby?",A. 4|B. 12|C. 7|D. 23,D,"23 Ak aj prvé tri ponožky budú rôznych farieb (biela, béžová, hnedá), štvrtá už bude určite farebne ako jedna z tých predchádzajúcich farieb.",M6,T11,VSP,bank,sk,true,VSJP8_Test_Cielene_D.1A-8avolq.pdf,VSJP8_Test_Cielene_D.1A_Riesenie-1kbxvf.pdf,52
bank-cielene-d1a-t11-53-c35d47fadf,"Budeme hovoriť, že slovenské slovo je plynulé, ak má väčší počet samohlások ako spoluhlások. Ktoré z nasledujúcich slov nie je plynulé?",A. biológia|B. konferencia|C. geológia|D. speleológia,B,speleológia Slovo konferencia má 6 spoluhlások a 5 samohlások.,M6,T11,VSP,bank,sk,true,VSJP8_Test_Cielene_D.1A-8avolq.pdf,VSJP8_Test_Cielene_D.1A_Riesenie-1kbxvf.pdf,53
bank-cielene-d1a-t11-54-fce6d398dc,Ktorá z nasledujúcich jednotiek nie je jednotkou hmotnosti?,A. unca|B. libra|C. gram|D. jard,D,jard Jard je britská dĺžková miera.,M6,T11,VSP,bank,sk,true,VSJP8_Test_Cielene_D.1A-8avolq.pdf,VSJP8_Test_Cielene_D.1A_Riesenie-1kbxvf.pdf,54
bank-cielene-d1a-t11-57-42ecc060e3,"Podľa určitého princípu priraďujeme čísla zvieratám. Ktorému sme nesprávne priradili číslo? mamut 1, dodo 2, brontosaurus 1, gorila 2, velociraptor 1, nosorožec 2",A. mamut|B. gorila|C. nosorožec|D. dodo,D,"dodo 1 – vyhynuté druhy živočíchov, 2 – žijúce druhy.",M6,T11,VSP,bank,sk,true,VSJP8_Test_Cielene_D.1A-8avolq.pdf,VSJP8_Test_Cielene_D.1A_Riesenie-1kbxvf.pdf,57
bank-cielene-d1a-t11-58-cbb162b9e9,"Niektoré prídavné mená vnímame ako neutrálne (napr. sklenený), iné majú istý pozitívny alebo negatívny nádych (napr. príjemný, nehostinné). Ktoré z nasledujúcich prídavných mien nie je neutrálne?",A. posadené|B. ponížený|C. postavená|D. portské,B,"portské Ponížený – pokorný, skrúšený, otrocký, servilný.",M6,T11,VSP,bank,sk,true,VSJP8_Test_Cielene_D.1A-8avolq.pdf,VSJP8_Test_Cielene_D.1A_Riesenie-1kbxvf.pdf,58
bank-cielene-d1a-t11-60-519de0360c,"Adamova sestra je o polovicu staršia ako on. Keď mal Adam šesť rokov, jeho sestra bola dvakrát staršia. Koľko rokov majú súrodenci dnes?",A. 24 a 18|B. 18 a 12|C. 12 a 6|D. 15 a 10 SKVELÁ PRÁCA! NEZABUDNI SI TEST SKONTROLOVAŤ,D,"15 a 10 Keď mal Adam 6, sestra mala 12, rozdiel je 6 rokov, teraz má Adam 12, sestra 18.",M6,T11,VSP,bank,sk,true,VSJP8_Test_Cielene_D.1A-8avolq.pdf,VSJP8_Test_Cielene_D.1A_Riesenie-1kbxvf.pdf,60
bank-cielene-d2a-t12-01-b71aac818c,"Budeme hovoriť, že slovenské slovo je zvláštne, ak obsahuje maximálne 3 slabiky, alebo má menej ako päť písmen. Slová, ktoré majú viac ako 4 slabiky , nazveme modré. O zvláštnych a modrých slov ách platí, že:","A. V slovenskom jazyku nájdeme slová, ktoré sú zvláštne aj modré zároveň|B. Takmer všetky slová v slovenskom jazyku patria do oboch kategórií súčasne|C. Všetky slová v slovenskom jazyku spadajú do jednej alebo druhej kategórie|D. Väčšinu slov v slovenskom jazyku nevieme zaradiť do žiadnej z kategórií",D,"Väčšinu slov v slovenskom jazyku nevieme zaradiť do žiadnej z kategórií. Slovo s menej ako 5 písmenami a viac ako 4 slabikami neexistuje, rovnako ako slovo, ktoré má maximálne slabiky a viac ako 4 slabiky zároveň.",M6,T12,VSP,bank,sk,true,VSJP8_Test_Cielene_D.2A-q4lfe8.pdf,VSJP8_Test_Cielene_D.2A_Riesenie-r8ndli.pdf,1
bank-t12-01-618f70aad9,Palko šifruje slová. Takto zašifroval slovo hamburger – GBLCTSFFQ. Ako zašifruje slovo KOLONADA?,A. JPKPMBCB|B. LPMPOBEB|C. SPTIJKLEZ|D. LMPMPMZ,A,Abeceda sa posúva striedavo doľava a doprava.,M6,T12,VJS,bank,sk,true,VSJP8_Mudre-predplatne_12_Ulohy-bg6kfi.pdf,VSJP8_Mudre-predplatne_12_Riesenia-ol4nxc.pdf,1
bank-cielene-d2a-t12-02-2991259280,"Ženích a nevesta si nevedeli vybrať pieseň pre svoj prvý mladomanželský tanec . Rozhodli sa preto, že poprosia kapelu, aby vybrali jednu z ich obľúbených. Celkovo dali na výber piesne A, B, C, D a E. Neskôr však začali mať pochybnosti o svojom rozhodnutí a začali preto veriť, že kapela vyberie práve pieseň D. Aká je pravdepodobnosť, že budú tancovať práve na túto skladbu?","A. 20 %|B. 25 %|C. 30 %|D. Aká je pravdepodobnosť, že budú tancovať práve na túto skladbu?",B,"50 % Na výber máme z piatich skladieb. Pravdepodobnosť, že bude odohraná práve skladba D je teda 1:5. 1 : 5 = 0,2 . 100 = 20 %",M6,T12,VSP,bank,sk,true,VSJP8_Test_Cielene_D.2A-q4lfe8.pdf,VSJP8_Test_Cielene_D.2A_Riesenie-r8ndli.pdf,2
bank-t12-02-ee394d9531,"Janka, Ivka a Katka sa rozhodli používať svoje mená zašifrované, aby nikto iný nevedel, na koho hovoria. Meno Janka zašifrovali takto: Kaola. Odhaľ princíp šifry a rozhodni, ako budú dievčatá prezývať Ivku s Katkou.",A. Jwlb & Kbulb|B. Huja & Jzsjz|C. Iwla & Laula|D. Ovts & Berkt,C,Spoluhlásky posúvame o jedno písmeno doprava.,M6,T12,VJS,bank,sk,true,VSJP8_Mudre-predplatne_12_Ulohy-bg6kfi.pdf,VSJP8_Mudre-predplatne_12_Riesenia-ol4nxc.pdf,2
bank-cielene-d2a-t12-03-6ac61a15b0,"Janka a Linda si vytvorili vlastný jazyk, ktorý obsahuje len štvorhláskové slová so spoluhláskou na začiatku, v ktorých sa spoluhlásky so samohláskami striedajú. Aby tento jazyk neznel ako detská hatlanina, samohlásky sa nemôžu v slove opakovať. Koľko slov obsahuje ich jazyk? Samohlásky používajú iba: a, e, i, o, u, y; zo spoluhlások len tie obojaké: b, m, p, r, s, v, z, f.",A. 2304 slov|B. 1920 slov|C. 196 slov|D. 384 slov,D,"384 slov Ide o kombinácie – na prvom mieste môže byť 8 spoluhlások, na druhom 6 samohlások, potom zas 8 spoluhlások (lebo sa môžu opakovať) a napokon 5 samohlások (lebo sa nemôžu opakovať a jednu sme už použili na druhom mieste. Spolu 8*6*8*5=1920 slov.",M6,T12,VSP,bank,sk,true,VSJP8_Test_Cielene_D.2A-q4lfe8.pdf,VSJP8_Test_Cielene_D.2A_Riesenie-r8ndli.pdf,3
bank-t12-03-37dd17ff45,"Názvy školských predmetov sme zašifrovali podľa tohto princípu: ak má párny počet písmen, abeceda sa posunie smerom doprava, ak má nepárny počet písmen, abeceda sa posunie smerom doľava. Za každou samohláskou nasleduje číslo podľa toho, koľká v abecede je. V ktorej možnosti je zašifrovaný predmet geografia?",A. Lz1sez1shja1|B. Fd5n15fqz1eh9z1|C. Hf5p16hsb1gj9b1|D. He5n47hpa1gk10b2,C,8 písmen – párny počet – abecedu posúvame doprava.,M6,T12,VJS,bank,sk,true,VSJP8_Mudre-predplatne_12_Ulohy-bg6kfi.pdf,VSJP8_Mudre-predplatne_12_Riesenia-ol4nxc.pdf,3
bank-cielene-d2a-t12-04-411761d3bf,Koľko rôznych deliteľov má číslo 18?,A. 8|B. 9|C. 6|D. 2,D,"2 1, 2, 3, 6, 9, 18.",M6,T12,VSP,bank,sk,true,VSJP8_Test_Cielene_D.2A-q4lfe8.pdf,VSJP8_Test_Cielene_D.2A_Riesenie-r8ndli.pdf,4
bank-t12-04-2c32233da2,"Aby si Lenka zapamätala PIN kód, vytvorila si takúto tabuľku: 1 2 3 4 5 6 7 8 9 0 A B C D E F G H I J K L M N O P Q R S T U V W X Y Z Ak je jej PIN kód 6541, môže si zapamätať napríklad slovo FOXU. Ak chce zistiť svoj PIN kód, tak k jednotlivým písmenám slova nájde zodpovedajúce číslice vo vrchnom riadku tabuľky. Lenka si zmenila PIN kód. Tri z nasledujúcich slov jej pomôžu zapamätať si ho. Ktoré slovo jej nepomôže?",A. AIDE|B. KINO|C. USNE|D. KILO,B,"V možnosti B by bol PIN 2945, v ostatných 1945 .",M6,T12,VJS,bank,sk,true,VSJP8_Mudre-predplatne_12_Ulohy-bg6kfi.pdf,VSJP8_Mudre-predplatne_12_Riesenia-ol4nxc.pdf,4
bank-cielene-d2a-t12-05-27fd8f0efd,"Vyber tvrdenie, ktoré logicky vyplýva z tvrdenia: Všetky kapre sú ryby.","A. Niektoré ryby sú kapre|B. Niektoré kapre sú ryby|C. Niektoré ryby sú sumce|D. Všetky zvieratá, ktoré žijú vo vode , sú kapre",D,"Všetky zvieratá, ktoré žijú vo vode , sú kapre.",M6,T12,VSP,bank,sk,true,VSJP8_Test_Cielene_D.2A-q4lfe8.pdf,VSJP8_Test_Cielene_D.2A_Riesenie-r8ndli.pdf,5
bank-t12-05-1f513f88d3,"Slovo dovolenka sa dá zašifrovať dvoma spôsobmi: epwpmfnlb & cnunkdmjz. Odhaľte princíp šifry a zvoľte tú možnosť, v ktorej sú správne obe šifry slova mramor.",A. msbnps & otcows|B. lraear & kezlnq|C. lqyljq & nsanos|D. nsbnps & lqzlnq,D,Písmená v abecede posúvame doprava alebo doľava .,M6,T12,VJS,bank,sk,true,VSJP8_Mudre-predplatne_12_Ulohy-bg6kfi.pdf,VSJP8_Mudre-predplatne_12_Riesenia-ol4nxc.pdf,5
bank-cielene-d2a-t12-06-fcee91b51e,"Nasledujúca postupnosť je utvorená podľa istého princípu: 12C, 4E6, G89, 1011L, 13N15, ... Čo by v nej mohlo nasledovať?",A. 1617a|B. P1718|C. 16s18|D. 17 q2,D,"17 q2 Postupnosť reprezentuje abecedu, písmená idú v poradí, niektoré sú však vymenené za číslo, podľa ich poradia v abecede, 1 = a, 2 = b, c = c, 4 = d..., písmená sa v postupnosti striedajú na treťom, druhom a prvom mieste.",M6,T12,VSP,bank,sk,true,VSJP8_Test_Cielene_D.2A-q4lfe8.pdf,VSJP8_Test_Cielene_D.2A_Riesenie-r8ndli.pdf,6
bank-t12-06-8e4f14faf1,"Laura šifruje slová. Každé slovo zašifrovala rovnako, iba v jednom sa pomýlila. Takto zašifrovala slovo POMARANČ – NMKYPYLA V ktorom zo slov urobila Laura chybu?",A. ISDMP|B. YTRM|C. TPCAIMTIY|D. LMFYTGAC,B,"Písmená posúvame o dve písmená dozadu, v možnosti B je písmeno U (v slove auto) posunuté iba o jedno písmeno .",M6,T12,VJS,bank,sk,true,VSJP8_Mudre-predplatne_12_Ulohy-bg6kfi.pdf,VSJP8_Mudre-predplatne_12_Riesenia-ol4nxc.pdf,6
bank-cielene-d2a-t12-07-906a383d76,"Každý zo symbolov ¤ ¬ ~ Ø znázorňuje nejakú operáciu, ktorú možno urobiť s prirodzenými číslami. Význam jednotlivých symbolov možno zistiť z tohto reťazca: 8 ¤ 12 ¤ 16 ~ 32 ¬ 27 ¬ 22 ~ 44 Ø 51 ¬ 46 ¤ 50 Ø 57 Keď začneme číslom 30 a postupne uplatníme operácie ¬ ¬ ~ Ø ¤ ~ , ktoré číslo dostaneme na konci?",A. 86|B. 102|C. 51|D. 93,D,93 ¤ = +4 ¬ = - 5 ~ = .2 Ø = +7 30 – 5 – 5 = 20 20 . 2 = 40 40 + 7 = 47 47 + 4 = 51 51 . 2 = 102,M6,T12,VSP,bank,sk,true,VSJP8_Test_Cielene_D.2A-q4lfe8.pdf,VSJP8_Test_Cielene_D.2A_Riesenie-r8ndli.pdf,7
bank-t12-07-688acfe0f3,"Lucia sa snaží rozlúsknuť šifru svojej mladšej sestry, pretože chce heslo od počítača, ktorým je zašifrované slovo HESLO. Vie, že slovo OPICA zašifrovala sestra ako 01103. Aké bude heslo?",A. 40306|B. 04315|C. 01123|D. 34020,D,"Každé číslo v hesle zodpovedá počtu rovných čiar v slove heslo. Teda písmeno H má tri rovné čiary, E = 4, S =0, L = 2, O = 0.",M6,T12,VJS,bank,sk,true,VSJP8_Mudre-predplatne_12_Ulohy-bg6kfi.pdf,VSJP8_Mudre-predplatne_12_Riesenia-ol4nxc.pdf,7
bank-t12-08-12cb938266,"Lara a Lenka sú sestry, ktoré si vymysleli vlastný jazyk, aby im nik to iný nerozumel. Ich jazyk je vytvorený pomocou šifry. V šifre po každej samohláske pridajú písmeno K a pokračujú rovnakou samohláskou. Ako povie Lenka Lare, že nemá domácu úlohu?",A. Nekemakam dokokomakacuku ukulokohoku|B. Nekemákám dokomákácuku úkúlokohuku|C. Nekamakem dokemakuceku úkólokihuhu|D. Nakamakam dakamakacaka ukalokahoka,B,v A chýbajú dĺžne,M6,T12,VJS,bank,sk,true,VSJP8_Mudre-predplatne_12_Ulohy-bg6kfi.pdf,VSJP8_Mudre-predplatne_12_Riesenia-ol4nxc.pdf,8
bank-cielene-d2a-t12-09-0ed6a53bdb,"V šachovej súťaži na prvých troch miestach skončili klaviristka, volejbalistka a chemička. Súťažiaca z Košíc nebola prvá. Klaviristka prišla z Prešova. Volejbalistka neskončila tretia a nebola zo Žiliny. Na prvom mieste neskončila chemička. Ktoré z uvedených tvrdení je nepravdivé?",A. Druhá skončila Prešovčanka|B. Klaviristka skončila prvá|C. Chemička je zo Žiliny|D. Tretia skončila chemička,D,Tretia skončila chemička. Možnosti si zapíšeme do tabuľky: Klaviristka Prešov 1 Volejbalistka Košice 2 Chemička Žilina 3,M6,T12,VSP,bank,sk,true,VSJP8_Test_Cielene_D.2A-q4lfe8.pdf,VSJP8_Test_Cielene_D.2A_Riesenie-r8ndli.pdf,9
bank-t12-09-ae32465750,"Alica a Viera si posielajú po triede papieriky s odkazmi. Pani učiteľka si to všimla a papierik im zobrala. Chcela si ho prečítať, no na papieriku uvidela toto: O2č šíb5or o2p el5okš? - Č3in, eme7djôp n3ov? - Eme6žôm, el3a o1 jet6ert má3m únč6enat. - Ka3t o1 jen6dej? - On3á. Pani učiteľka zistila, že posledná veta na papieriku znamená ÁNO. O koľkej sa majú dievčatá stretnúť?",A. o tretej|B. o jednej|C. o siedmej|D. o pol piatej,B,„Tak o jednej?“,M6,T12,VJS,bank,sk,true,VSJP8_Mudre-predplatne_12_Ulohy-bg6kfi.pdf,VSJP8_Mudre-predplatne_12_Riesenia-ol4nxc.pdf,9
bank-cielene-d2a-t12-10-3f135cb6c0,"Nasledujúca postupnosť je utvorená podľa istého logického princípu: pí, päť, osem, tisíc, dvesto, tridsať, ... Čo by v nej mohlo nasledovať?",A. stodeväť|B. stotri|C. deväťdesiat|D. štyri,D,"štyri V postupnosti si všímame počet písmen v jednotlivých číslach – dve, tri, štyri, .. Hľadáme slovo s ôsmimi písmenami.",M6,T12,VSP,bank,sk,true,VSJP8_Test_Cielene_D.2A-q4lfe8.pdf,VSJP8_Test_Cielene_D.2A_Riesenie-r8ndli.pdf,10
bank-t12-10-f1ecc99d04,"Zisti, aká mala byť otázka a označ odpoveď. Koľko s---n má k---a?",A. 6|B. 4|C. 12|D. 10,A,Koľko stien má kocka?,M6,T12,VJS,bank,sk,true,VSJP8_Mudre-predplatne_12_Ulohy-bg6kfi.pdf,VSJP8_Mudre-predplatne_12_Riesenia-ol4nxc.pdf,10
bank-cielene-d2a-t12-11-f9e617614d,"Jarko má v skrini päť párov modrých ponožiek, osem párov hnedých ponožiek, jeden pár bielych ponožiek a dva páry čiernych ponožiek. Najmenej koľko ich musí v tme povyberať, aby mal istotu, že vyberie dve ponožky jednej farby?",A. 6|B. 10|C. 23|D. 5,D,"5 K dispozícii má 4 farby, takže pri piatich ponožkách už určite má 2 rovnakej farby.",M6,T12,VSP,bank,sk,true,VSJP8_Test_Cielene_D.2A-q4lfe8.pdf,VSJP8_Test_Cielene_D.2A_Riesenie-r8ndli.pdf,11
bank-t12-11-401bd1adc0,Zo štyroch slov sme vynechali všetky samohlásky. V troch prípadoch šlo o tú istú štvoricu. Z ktorého slova sme vynechali inú štvoricu ako zo zvyšných troch?,A. PRTVŤ|B. KZVŤ|C. SLVŤ|D. PRVVŤ,C,"Ide o štvoricu U -A-O-A, upratovať, ukazovať, upravovať, nesedí oslavovať.",M6,T12,VJS,bank,sk,true,VSJP8_Mudre-predplatne_12_Ulohy-bg6kfi.pdf,VSJP8_Mudre-predplatne_12_Riesenia-ol4nxc.pdf,11
bank-cielene-d2a-t12-12-e79a195195,"Každá z troch rovnakých skúmaviek je naplnená do polovice objemu roztokom, v ktorom je zmiešaná voda, soľ a cukor v pomere 5 : 1 : 2. Z prvej skúmavky prelejeme polovicu objemu do druhej. Následne prelejeme polovicu objemu druhej skúmavky do tretej. Napokon z tretej skúmavky prelejeme polovicu objemu do prvej. Ktoré z nasledujúcich tvrdení je pravdivé?","A. V prvej skúmavke je voda, soľ a cukor v pomere 7 : 3 : 5|B. Konečný objem prvej skúmavky sa do nádoby nezmestí|C. V prvej skúmavke bude najviac roztoku|D. Najviac roztoku je v tretej nádobe",D,Najviac roztoku je v tretej nádobe. ½ ½ ½ ½ : 2 = ¼ ½ + ¼ = ¾ ½ ¼ ¾ : 2 = 3/8 ½ + 3/8 = 7/8 ¼ + 7/16 = 11/16 3/8 7/8 : 2 = 7/16,M6,T12,VSP,bank,sk,true,VSJP8_Test_Cielene_D.2A-q4lfe8.pdf,VSJP8_Test_Cielene_D.2A_Riesenie-r8ndli.pdf,12
bank-t12-12-d9534993ef,"V ktorom z uvedených slov nemožno nahradiť otázniky písmenami (1 otáznik = 1 písmeno) tak, aby vzniklo slovo (v nominatíve singuláru) označujúce druh stromu?",A. ?MRE?|B. ??DULK?|C. ?OPO?|D. ??ECH,B,"Smrek, orech, topoľ, nesedí andulka .",M6,T12,VJS,bank,sk,true,VSJP8_Mudre-predplatne_12_Ulohy-bg6kfi.pdf,VSJP8_Mudre-predplatne_12_Riesenia-ol4nxc.pdf,12
bank-cielene-d2a-t12-13-23b6d080ae,"Číslo nazveme záhradné, ak je v ňom rovnako veľa párnych a nepárnych číslic. Číslo nazveme mierové, ak súčet číslic sa rovná počtu číslic. Ktor é z uvedených čísel je záhradné a mierové?",A. 123456|B. 1021|C. 11223344001122|D. 1010102,D,1010102,M6,T12,VSP,bank,sk,true,VSJP8_Test_Cielene_D.2A-q4lfe8.pdf,VSJP8_Test_Cielene_D.2A_Riesenie-r8ndli.pdf,13
bank-t12-13-84346875f6,Z nasledujúcich možností sme vynechali všetky samohlásky. V troch prípadoch išlo o tú istú trojicu samohlások. V ktorej možnosti sme vynechali inú trojicu samohlások?,A. MDRN|B. PSTEĽN|C. KRKTN|D. NJDLHŠ,D,"Modern á, posteľn á, korektn á, najdlhšia.",M6,T12,VJS,bank,sk,true,VSJP8_Mudre-predplatne_12_Ulohy-bg6kfi.pdf,VSJP8_Mudre-predplatne_12_Riesenia-ol4nxc.pdf,13
bank-cielene-d2a-t12-14-58356903ab,"Vymysleli sme istý systém, podľa ktorého priraďujeme veľkým tlačeným písm enám abecedy jedno číslo. Tu je niekoľko príkladov: T – 1 K – 2 Y – 2 S – 3 P – 3 Q – 3 H – 1 Ktorému z nasledujúcich písmen sme podľa tohto systému nesprávne priradili číslo?",A. L – 1|B. W – 2|C. C – 3|D. G – 1,A,"G – 1 1 – čiary sú v pravom uhle, 2 – čiary v ostrom alebo tupom uhle, 3 – oblé písmená",M6,T12,VSP,bank,sk,true,VSJP8_Test_Cielene_D.2A-q4lfe8.pdf,VSJP8_Test_Cielene_D.2A_Riesenie-r8ndli.pdf,14
bank-t12-14-ca056abe05,"Do troch možností je možné doplniť rovnakú dvojicu samohlások tak, aby vzniklo zmysluplné slovo (pod. meno v N sg.). V ktorej možnosti to nie je možné?",A. HLB|B. LPCH|C. MDL|D. RZM,B,"Holub, lop úch, modul, rozum.",M6,T12,VJS,bank,sk,true,VSJP8_Mudre-predplatne_12_Ulohy-bg6kfi.pdf,VSJP8_Mudre-predplatne_12_Riesenia-ol4nxc.pdf,14
bank-cielene-d2a-t12-15-0fd81076af,Dvojica pojmov mapa – poloha je v rovnakom logickom vzťahu ako dvojica pojmov,A. kompas – šípka|B. čas – hodiny|C. teplota – radiátor|D. kalendár – dátum,D,"kalendár – dátum Na mape zisťujeme polohu, v kalendári dátum. Možnosť B je naopak.",M6,T12,VSP,bank,sk,true,VSJP8_Test_Cielene_D.2A-q4lfe8.pdf,VSJP8_Test_Cielene_D.2A_Riesenie-r8ndli.pdf,15
bank-t12-15-0f54a4e63c,Z nasledujúcich slov sme vynechali trojicu samohlások. V troch prípadoch išlo o tú istú trojicu samohlások. Z ktorého slova sme vynechali inú trojicu samohlások ako zo zvyšných troch?,A. PC|B. STLC|C. KL|D. SK,C,dopĺňame O -I-A.,M6,T12,VJS,bank,sk,true,VSJP8_Mudre-predplatne_12_Ulohy-bg6kfi.pdf,VSJP8_Mudre-predplatne_12_Riesenia-ol4nxc.pdf,15
bank-cielene-d2a-t12-16-3186f6f972,Ktorá krajina nepatrí medzi ostatné?,A. Andorra|B. Moldavsko|C. Nicaragua|D. Severné Macedónsko,D,Severné Macedónsko Európske krajiny.,M6,T12,VSP,bank,sk,true,VSJP8_Test_Cielene_D.2A-q4lfe8.pdf,VSJP8_Test_Cielene_D.2A_Riesenie-r8ndli.pdf,16
bank-t12-16-0f54a4e63c,Z nasledujúcich slov sme vynechali trojicu samohlások. V troch prípadoch išlo o tú istú trojicu samohlások. Z ktorého slova sme vynechali inú trojicu samohlások ako zo zvyšných troch?,A. CHLDNČK|B. PMČK|C. MMČK|D. KRBČK,B,dopĺňame A -I-A.,M6,T12,VJS,bank,sk,true,VSJP8_Mudre-predplatne_12_Ulohy-bg6kfi.pdf,VSJP8_Mudre-predplatne_12_Riesenia-ol4nxc.pdf,16
bank-t12-17-0f54a4e63c,Z nasledujúcich slov sme vynechali trojicu samohlások. V troch prípadoch išlo o tú istú trojicu samohlások. Z ktorého slova sme vynechali inú trojicu samohlások ako zo zvyšných troch?,A. KRHV|B. SMT|C. PKT|D. PDŠK,B,dopĺňame O -U-A.,M6,T12,VJS,bank,sk,true,VSJP8_Mudre-predplatne_12_Ulohy-bg6kfi.pdf,VSJP8_Mudre-predplatne_12_Riesenia-ol4nxc.pdf,17
bank-cielene-d2a-t12-18-a653adafb9,Tri z nasledujúcich pojmov spája istá logická súvislosť. Ktoré slovo do skupiny nepatrí?,A. krátko|B. chvíľu|C. dlho|D. onedlho,D,"onedlho Koľko niečo trvalo? Krátko, dlho, chvíľu.",M6,T12,VSP,bank,sk,true,VSJP8_Test_Cielene_D.2A-q4lfe8.pdf,VSJP8_Test_Cielene_D.2A_Riesenie-r8ndli.pdf,18
bank-t12-18-0f54a4e63c,Z nasledujúcich slov sme vynechali trojicu samohlások. V troch prípadoch išlo o tú istú trojicu samohlások. Z ktorého slova sme vynechali inú trojicu samohlások ako zo zvyšných troch?,A. PPR|B. KBRC|C. KŠTĽ|D. TNR,B,dopĺňame A -I-E,M6,T12,VJS,bank,sk,true,VSJP8_Mudre-predplatne_12_Ulohy-bg6kfi.pdf,VSJP8_Mudre-predplatne_12_Riesenia-ol4nxc.pdf,18
bank-cielene-d2a-t12-19-42a50d2334,"Na obrázku je grafické znázornenie nákladov prváka na niekoľkých verejných VŠ v akademickom roku 2012/2013. Výpočet nákladov vychádzal z modelového príkladu prváka ubytovaného na internáte, využívajúceho služby verejnej dopravy, stravujúceho sa v univerzit nej jedálni. Započítané nie sú bežné výdavky. Náklady uvedené v eurách sa vzťahujú na celý akademický rok, teda 10 mesiacov. Ktoré z nasledujúcich tvrdení o nákladoch prváka na VŠ je pravdivé?","A. Študenti VŠMU majú náklady, ktoré nepresahujú 1500€ na 10 mesiacov|B. Rebríček nákladov na štúdium má klesajúcu tendenciu|C. Prvák na Prešovsk ej univerzit e v Prešove (PU) má náklady na štúdium nižšie ako náklady prváka na SPU|D. Na TrUNI sú náklady približne štvornásobne vyššie ako na SPU",D,Na TrUNI sú náklady približne štvornásobne vyššie ako na SPU.,M6,T12,VSP,bank,sk,true,VSJP8_Test_Cielene_D.2A-q4lfe8.pdf,VSJP8_Test_Cielene_D.2A_Riesenie-r8ndli.pdf,19
bank-t12-19-56971b6747,Zo štyroch slov sme vynechali všetky samohlásky. V troch prípadoch ide o tú istú trojicu samohlások. V ktorom prípade ide o inú trojicu samohlások?,A. KRJN|B. PLNN|C. KRN|D. MLN,C,dopĺňame A -I-A,M6,T12,VJS,bank,sk,true,VSJP8_Mudre-predplatne_12_Ulohy-bg6kfi.pdf,VSJP8_Mudre-predplatne_12_Riesenia-ol4nxc.pdf,19
bank-cielene-d2a-t12-20-4dd4001bc5,"Vo výťahu išli štyria ľudia, ktorých celková hmotnosť bola 260 kg. Potom, čo jeden z nich vystúpil, sa priemerná hmotnosť pripadajúca na každého zvyšného cestujúceho vo výťahu zvýšila o 5 kg. Aká bola hmotnosť cestujúceho, ktorý z výťahu vystúpil?",A. 50 kg|B. 60 kg|C. 65 kg|D. 70 kg,B,"70 kg a + b + c + d = 260 kg Priemerná váha štyroch osôb vo výťahu: P4 = 𝑎 +𝑏+𝑐+𝑑 4 = 260 4 = 65 𝑘𝑔 Po vystúpení osoby d bola priemerná hmotnosť a, b, c : 65 + 5 = 70 kg. Hmotnosť troch osôb teda je dokopy 3 . 70 = 210 kg. Hmotnosť osoby, ktorá vystúpila, je teda 260 – 210 = 50 kg.",M6,T12,VSP,bank,sk,true,VSJP8_Test_Cielene_D.2A-q4lfe8.pdf,VSJP8_Test_Cielene_D.2A_Riesenie-r8ndli.pdf,20
bank-t12-20-0f54a4e63c,Z nasledujúcich slov sme vynechali trojicu samohlások. V troch prípadoch išlo o tú istú trojicu samohlások. Z ktorého slova sme vynechali inú trojicu samohlások ako zo zvyšných troch?,A. SSTRČK|B. SRV|C. PRN|D. SPTM,B,dopĺňame E -I-A,M6,T12,VJS,bank,sk,true,VSJP8_Mudre-predplatne_12_Ulohy-bg6kfi.pdf,VSJP8_Mudre-predplatne_12_Riesenia-ol4nxc.pdf,20
bank-cielene-d2a-t12-22-6c4ff1e6cf,"Nasledujúca úloha sa skladá z otázky a dvoch tvrdení označených ako (1) a (2), ktoré obsahujú určité informácie. S využitím všetkých týchto informácií rozhodni, či sú dané informácie dostačujúce na určenie jednoznačnej odpovede na otázku v zadaní. Je daná postupnosť štyroch po sebe idúcich kladných párnych čísel. Čomu sa rovná najmenšie z týchto čísel? (1) Najväčšie číslo postupnosti je dvakrát väčšie než najmenšie číslo postupnosti. (2) Priemer všetkých čísel postupnosti je 9.","A. Tvrdenie (1) samotné je dostačujúce, ale tvrdenie (2) samotné nie je dostačujúce|B. Tvrdenie (2) samotné je dostačujúce, ale tvrdenie (1) samotné nie je dostačujúce|C. Obe tvrdenia dohromady sú dostačujúce, ale ani jedno tvrdenie samotné nie je dostačujúce|D. Každé tvrdenie samotné je dostačujúce",D,"Každé tvrdenie samotné je dostačujúce. Z každého tvrdenia samostatne vieme určiť najmenšie z čísel na základe informácie, že ide o 4 po sebe idúce kladné párne čísla. Ide o postupnosť 6, 8, 10, 12 (1) najväčšie číslo je 12, najmenšie je 6 (2) 6 + 8 + 10 + 12 = 36 : 4 = 9",M6,T12,VSP,bank,sk,true,VSJP8_Test_Cielene_D.2A-q4lfe8.pdf,VSJP8_Test_Cielene_D.2A_Riesenie-r8ndli.pdf,22
bank-cielene-d2a-t12-23-c0e56fec60,Tri z uvedených pojmov spája istá logická súvislosť. Ktoré slovo nepatrí medzi ostatné?,A. konštrukcia|B. zostavenie|C. štruktúra|D. korunovácia,D,"korunovácia Možnosti A, B, C sú synonymné (v závislosti od kontextu).",M6,T12,VSP,bank,sk,true,VSJP8_Test_Cielene_D.2A-q4lfe8.pdf,VSJP8_Test_Cielene_D.2A_Riesenie-r8ndli.pdf,23
bank-cielene-d2a-t12-24-591d35229c,"V tabuľke sú uvedené údaje o predajoch smartfónov piatich značiek (Alfa, Beta, Gama, Delta, Sigma) a ostatných výrobcov v prvých štvrťrokoch rokov 2018 –2020 (značených 1Q18 –1Q20). V ktorom z uvedených období mala značka Gama menší podiel na trhu než Delta a Sigma dohromady?",A. V žiadnom|B. Len v 1Q18|C. Len v 1Q19|D. V každom období z dvojice 1Q19 a IQ20,D,"V každom období z dvojice 1Q19 a IQ20 IQ18 Gama: 15,2%, Delta + Sigma: 15,1% IQ19 Gama: 13,5%, Delta + Sigma: 16,5% IQ 20 Gama: 13,3%, Delta + Sigma: 19,7%",M6,T12,VSP,bank,sk,true,VSJP8_Test_Cielene_D.2A-q4lfe8.pdf,VSJP8_Test_Cielene_D.2A_Riesenie-r8ndli.pdf,24
bank-cielene-d2a-t12-25-fd99e84a8d,"Ropný tanker narazil na mori do skaly, pričom vznikla diera v cisternách s ropou. Tanker bol približne 65 km od pevniny. Po niekoľkých dňoch sa ropa rozšírila tak, ako je to znázornené na mape. Použite mierku mapy , kde meraný úsek predstavuje 10 km, a odhadnite veľkosť plochy ropnej škvrny v štvorcových kilometroch .",A. 2800|B. 120|C. 1000|D. Veľkosť plochy nie je možné určiť. VŠEOBECNÉ JAZYKOVÉ SCHOPNOSTI,A,Veľkosť plochy nie je možné určiť. Odhadom môže mať ropná škvrna šírku 4 dieliky (40 km) a výšku cca 6 – 7 dielikov (60 – 70 km). Po vynásobení je to 2400 – 2800 km 2. VŠEOBECNÉ JAZYKOVÉ SCHOPNOSTI,M6,T12,VSP,bank,sk,true,VSJP8_Test_Cielene_D.2A-q4lfe8.pdf,VSJP8_Test_Cielene_D.2A_Riesenie-r8ndli.pdf,25
bank-cielene-d2a-t12-26-dd08fc8475,"Ktorú dvojicu slov možno doplniť na zakryté miesta tak, aby vznikla zmysluplná veta? Formulácia nariadenia o čipovaní je síce ______, napriek tomu šéfovia veterinárnych správ členských krajín EÚ rozhodli minulý týždeň v Bruseli pre istotu vydať ______ o jednotnom výklade.","A. jednoznačná, prehlásenie|B. nezrozumiteľná, vyrozumenie|C. otázna, export|D. sporná, vysvetlenie",D,"sporná, vysvetlenie",M6,T12,VSP,bank,sk,true,VSJP8_Test_Cielene_D.2A-q4lfe8.pdf,VSJP8_Test_Cielene_D.2A_Riesenie-r8ndli.pdf,26
bank-cielene-d2a-t12-27-4a778231ea,"Moravskí archeológovia riešia pozoruhodnú hádanku. V lese blízko Moravského Krumlova objavili hrniec z obdobia 2000 rokov pred Kristom. A to na mieste, kde by ho čakal málokto – v šachte omnoho staršej pravekej bane, ktorá by podľa vedcov už nemala byť v t ých rokoch potrebná. Zaujímavé teda nie je, že by bol vek hrnca príliš nízky, ale naopak – príliš vysoký. Hrniec pochádza z doby bronzovej a svedčí o tom, že baňa sa vtedy stále využívala, hoci sa v nej ťažila hornina na výrobu nástrojov, ktoré sa používal i o niekoľko tisícročí skôr. Ktorá z nasledujúcich častí uvedeného textu nie je v súlade s jeho celkovým významom?","A. Moravskí archeológovia riešia pozoruhodnú hádanku|B. Zaujímavé teda nie je, že by bol vek hrnca príliš nízky, ale naopak – príliš vysoký|C. A to na mieste, kde by ho čakal málokto – v šachte omnoho staršej pravekej bane, ktorá by podľa vedcov už nemala byť v tých rokoch potrebná|D. V lese blízko Moravského Krumlova objavili hrniec z obdobia 2000 rokov pred Kristom",D,"V lese blízko Moravského Krumlova objavili hrniec z obdobia 2000 rokov pred Kristom. Veta nie je v súlade, nakoľko hrniec bol mladší ako baňa, jeho vek bol teda príliš nízky.",M6,T12,VSP,bank,sk,true,VSJP8_Test_Cielene_D.2A-q4lfe8.pdf,VSJP8_Test_Cielene_D.2A_Riesenie-r8ndli.pdf,27
bank-cielene-d2a-t12-28-91571195ea,Ktorú skupinu slov možno usporiadať do zmysluplnej vety? (Chýbajúcu interpunkciu neberte do úvahy.),A. počas zdriemnutie už dňa nielen vám zvýši na prinavráti náladu energiu a jedno|B. ak je pred si ale doprajete trikrát prevenciou ho aspoň týždenne infarkt tak aj|C. stresu každá toxíny časť zbavíte vášho sa tela vyplavíte sa a naplní organizmu kyslíkom tým z|D. tukov vitamínu so š túdie spaľovanie dokázali najmä ukázali získavame že zvýšené urýchliť hladiny slnka ktorý vitamínu D teda,D,"tukov vitamínu so š túdie spaľovanie dokázali najmä ukázali získavame že zvýšené urýchliť hladiny slnka ktorý vitamínu D teda a. Už jedno zdriemnutie počas dňa vám nielen zvýši náladu a prinavráti energiu na b. Ale ak si ho doprajete aspoň trikrát týždenne, tak je aj prevenciou pred infarkt (om). c. Každá časť vášho tela sa naplní kyslíkom, tým z organizmu vyplavíte toxíny a zbavíte sa stresu. d. Štúdie ukázali, že zvýšené hladiny vitamínu D, teda vitamínu, ktorý získavame najmä so slnka, dokáza",M6,T12,VSP,bank,sk,true,VSJP8_Test_Cielene_D.2A-q4lfe8.pdf,VSJP8_Test_Cielene_D.2A_Riesenie-r8ndli.pdf,28
bank-cielene-d2a-t12-30-ea414cd6a3,Te małe psy są bardzo popularne dzięki swojemu uroczemu wyglądowi i przyjaznemu charakterowi. Podčiarknuté slovo vo vete znamená:,A. napriek|B. okrem|C. vďaka|D. bez,C,bez Preklad: Tieto malé psy sú veľmi obľúbené vďaka svojmu rozkošnému vzhľadu a priateľskej povahe.,M6,T12,VSP,bank,sk,true,VSJP8_Test_Cielene_D.2A-q4lfe8.pdf,VSJP8_Test_Cielene_D.2A_Riesenie-r8ndli.pdf,30
bank-cielene-d2a-t12-31-032f7542bc,"Prečítajte si nasledujúci dialóg v jazyku interlingua: Alex : Bon die! Io vole comprar qualche ceresas. Quanto costa un kilogrammo? Milo : Bon die! Un kilogrammo de ceresas costa 5 euros. Alex : Io va prender duo kilogrammos, per favor. Milo : Certo! Altere qualcosa? Alex : No, solo le ceresas. Gratias! Milo : De nihil. Ecce vostre ceresas. Bon appetito! Alex : Gratias, bon die! Aj keď tento jazyk pravdepodobne neovládate, pokúste sa odpovedať, o čom bola v dialógu reč.",A. objednávka v reštaurácii|B. nákup stavebného materiálu|C. predaj čerešní|D. dohodnutie stretnutia s osobným trénerom,D,"Dohodnutie stretnutia s osobným trénerom Alex: Dobrý deň! Chcel by som kúpiť nejaké čerešne. Koľko stojí kilogram? Milo : Dobrý deň! Jeden kilogram čerešní stojí 5 eur. Alex: Vezmem dva kilogramy, prosím. Milo : Iste! Ešte niečo? Alex: Nie, len čerešne. Ďakujem! Milo : Niet za čo. Tu sú vaše čerešne. Dobrú chuť! Alex: Ďakujem, pekný deň!",M6,T12,VSP,bank,sk,true,VSJP8_Test_Cielene_D.2A-q4lfe8.pdf,VSJP8_Test_Cielene_D.2A_Riesenie-r8ndli.pdf,31
bank-cielene-d2a-t12-32-efd120b2ee,Tri z uvedených prídavných mien možno použiť v spojení s istým podstatným menom. Ktoré prídavné meno nemožno použiť s týmto podstatným menom ?,A. európsky|B. okresný|C. ústavný|D. dezertný,A,"dezertný Všetky tri slová sa spájajú so slovom súd – európsky súd, okresný súd, najvyšší súd .",M6,T12,VSP,bank,sk,true,VSJP8_Test_Cielene_D.2A-q4lfe8.pdf,VSJP8_Test_Cielene_D.2A_Riesenie-r8ndli.pdf,32
bank-cielene-d2a-t12-33-cce5882e75,"Slovné spojenie hromadná výpoveď má rovnaký rytmus ako spojenie tradičná výšivka, ale iný rytmus ako spojenie slovenské slovníky. Ktoré z uvedených slovných spojení má iný rytmus ako zvyšné tri?",A. miestny úrad|B. mestský úrad|C. dávny národ|D. má to dávno,D,má to dávno DKDK Všímame si striedanie krátkych a dlhých slabík.,M6,T12,VSP,bank,sk,true,VSJP8_Test_Cielene_D.2A-q4lfe8.pdf,VSJP8_Test_Cielene_D.2A_Riesenie-r8ndli.pdf,33
bank-cielene-d2a-t12-35-3d67c974ff,"Najskôr zistite, ako má znieť otázka, a potom zvoľte správnu odpoveď. (Každá bodka predstavuje jedno vynechané písmeno.) Čo n••••á ď••••o od s••••u?",A. jablko|B. hladina|C. jazyk|D. mačka,A,mačka Čo nepadá ďaleko od stromu? – Jablko.,M6,T12,VSP,bank,sk,true,VSJP8_Test_Cielene_D.2A-q4lfe8.pdf,VSJP8_Test_Cielene_D.2A_Riesenie-r8ndli.pdf,35
bank-cielene-d2a-t12-36-073a911cd4,"V ktorom z uvedených slov možno nahradiť otázniky písmenami (1 otáznik = 1 písmeno) tak, aby vzniklo slovo (v nominatíve singuláru) označujúce náboženskú stavbu?",A. ??ŠI??|B. ?KOS???|C. ?YNAG??|D. ?LÁŠT???,C,"?LÁŠT??? MEŠITA, ?KOSTOL, SYNAGÓGx, KLÁŠTOR?",M6,T12,VSP,bank,sk,true,VSJP8_Test_Cielene_D.2A-q4lfe8.pdf,VSJP8_Test_Cielene_D.2A_Riesenie-r8ndli.pdf,36
bank-cielene-d2a-t12-37-3f7616ca77,"Väčšina prídavných mien je použiteľná v spojení s mnohými podstatnými menami (napr. vysoký, pekný, príjemný). Existujú však aj prídavné mená, ktoré možno v danom rode použiť len s veľmi malým počtom podstatných mien. Ktoré z nasledujúcich prídavných mien má túto vlastnosť ?",A. vernostná|B. hudobný|C. sociálna|D. evidentná,D,"evidentná Ostatné prídavné mená je možné použiť s mnohými podstatnými menami, čo neplatí pre prídavné meno venostná (karta ).",M6,T12,VSP,bank,sk,true,VSJP8_Test_Cielene_D.2A-q4lfe8.pdf,VSJP8_Test_Cielene_D.2A_Riesenie-r8ndli.pdf,37
bank-cielene-d2a-t12-38-6a34d64344,V ktorej možnosti nie je synonymický rad?,A. pôvabná – očarujúca – spanilá – atraktívna|B. krutý – despotický – surový – bezohľadný|C. adekvátny – správny – vhodný – korektný|D. nástojčívá – neodbytná – ústupčivá – horlivá,D,nástojčívá – neodbytná – ústupčivá – horlivá Ústupčivá je antonymum uvedených slov.,M6,T12,VSP,bank,sk,true,VSJP8_Test_Cielene_D.2A-q4lfe8.pdf,VSJP8_Test_Cielene_D.2A_Riesenie-r8ndli.pdf,38
bank-cielene-d2a-t12-39-55912a5cb0,Ktoré z uvedených slov má podobný význam ako slovo hurónsky ?,A. erudovaný|B. symfonický|C. veľkolepý|D. hlučný,D,hlučný napr. hurónsky smiech,M6,T12,VSP,bank,sk,true,VSJP8_Test_Cielene_D.2A-q4lfe8.pdf,VSJP8_Test_Cielene_D.2A_Riesenie-r8ndli.pdf,39
bank-cielene-d2a-t12-40-459326eab2,"Ktorá z možností sa najlepšie hodí na zakryté miesto v nasledujúcom texte? Po tom, čo sa starší Andrej rozhodol odsťahovať do Berlína a mladší Michal odišiel na vysokú školu do Brna, bola Iveta síce nešťastná, no ešte stále mala doma najmladšiu Laru, ktorá pre svoj nízky vek bývala stále s mamou. Ivetu to tešilo, pretože__________.",A. často stavala vzdušné zámky|B. sa cítila dobre v zlatej klietke|C. nikdy nechcela mať veľé oči|D. by nezvládla prázdne hniezdo,D,by nezvládla prázdne hniezdo.,M6,T12,VSP,bank,sk,true,VSJP8_Test_Cielene_D.2A-q4lfe8.pdf,VSJP8_Test_Cielene_D.2A_Riesenie-r8ndli.pdf,40
bank-cielene-d2a-t12-41-d9f673eb88,V ktorej možnosti sa nenachádza správny preklad cudzieho slova?,"A. relevantný – dôležitý, významný|B. naratívny – rozprávajúci, vykladajúci|C. sporadický – častý, bežný|D. eskalácia – stupňovanie, zvyšovanie",D,"eskalácia – stupňovanie, zvyšovanie Sporadický – občasný, zriedkavý",M6,T12,VSP,bank,sk,true,VSJP8_Test_Cielene_D.2A-q4lfe8.pdf,VSJP8_Test_Cielene_D.2A_Riesenie-r8ndli.pdf,41
bank-cielene-d2a-t12-42-ee5cfc897f,V ktorej z nasledujúcich viet je zakryté slovo asertívne ?,"A. Aleš komunikáciu so svojou susedou nezvládal, pretože vždy vedela klamať dosť _______|B. _______ mu nainštalovali softvér, na ktorý tak dlho čakal|C. Stretnutie s riaditeľom trvalo asi 20 minút a myslím si, že sme _______ vyjadrili postoj|D. Obojok musíte pripínať málo _______, aby Váš pes nadobudol rešpekt a zároveň sa cítil bezpečne",D,"Obojok musíte pripínať málo _______, aby Váš pes nadobudol rešpekt a zároveň sa cítil bezpečne. Asertívny človek dokáže vyjadriť svoj názor a akceptovať názory ostatných, žije slobodne, a pritom neobmedzuje slobodu iných.",M6,T12,VSP,bank,sk,true,VSJP8_Test_Cielene_D.2A-q4lfe8.pdf,VSJP8_Test_Cielene_D.2A_Riesenie-r8ndli.pdf,42
bank-cielene-d2a-t12-43-963beecbcb,V ktorej vete je podčiarknuté slovo použité nesprávne?,"A. Názov firmy, ktorú založil Dalibor a Marek , je v skutočnosti akronym|B. Jeho mizantropický prístup nemôžme ďalej podporovať|C. Doručili nám originálny plagiát , čím určili ďalší smer projektu|D. Celý život písal satiru , ktorá bola občas trochu nemiestna, no mňa vždy bavila",D,"Celý život písal satiru , ktorá bola občas trochu nemiestna, no mňa vždy bavila. Plagiát (z lat. plagiare - kradnúť) je „umelecké, literárne alebo vedecké dielo, pri ktorého tvorbe bolo použité dielo iného autora (celé alebo sčasti) s cieľom zmocniť sa cudzej práce, zatajiť pôvodný prameň a vydávať dielo za vlastné“.",M6,T12,VSP,bank,sk,true,VSJP8_Test_Cielene_D.2A-q4lfe8.pdf,VSJP8_Test_Cielene_D.2A_Riesenie-r8ndli.pdf,43
bank-cielene-d2a-t12-44-8d15b7d5c1,Ktorý jazyk nepatrí medzi ostatné?,A. maďarčina|B. slovinčina|C. čeština|D. chorvát čina,D,"chorvá tč ina Možnosti B, C , D patria medzi slovanské jazyky, maďarčina je ugrofínsky jazyk.",M6,T12,VSP,bank,sk,true,VSJP8_Test_Cielene_D.2A-q4lfe8.pdf,VSJP8_Test_Cielene_D.2A_Riesenie-r8ndli.pdf,44
bank-cielene-d2a-t12-45-ccda07aa28,"V akom jazyku je písan á nasledujúca ukážka? Sko har været en uundværlig del af menneskets påklædning i tusinder af år. Har sko udviklet sig fra simple lædersandaler til moderne og komfortable fodtøj designet til forskellige behov og stilarter. Danskerne værdsætter kvalitet og funktionalitet, når det kommer til valg af sko. Mange foretrækker mærker, der kombinerer stil med holdbarhed og komfort.",A. dánčina|B. francúzština|C. rumunčina|D. maďarčina,D,"maďarčina Všímame si spojitosť s nemčinou (germánsky jazyk). Preklad: Topánky boli nevyhnutnou súčasťou oblečenia človeka tisíce rokov. Topánky sa vyvinuli od jednoduchých kožených sandálov po moderné a pohodlné obuv navrhnutú na rôzne potreby a štýly. Dáni si cenia kvalitu a funkčnosť pri výbere topánok. Mnoho ľudí preferuje značky, ktoré kombinujú štýl s odolnosťou a pohodlím.",M6,T12,VSP,bank,sk,true,VSJP8_Test_Cielene_D.2A-q4lfe8.pdf,VSJP8_Test_Cielene_D.2A_Riesenie-r8ndli.pdf,45
bank-cielene-d2a-t12-46-5654038dfa,Pokús sa odhadnúť význam hrubo zvýrazneného slova z ukážky v úlohe 4 5.,A. obuv|B. jedlo|C. fontána|D. hračka,D,"hračka moderné, pohodlné, funkčné...",M6,T12,VSP,bank,sk,true,VSJP8_Test_Cielene_D.2A-q4lfe8.pdf,VSJP8_Test_Cielene_D.2A_Riesenie-r8ndli.pdf,46
bank-cielene-d2a-t12-47-10885ac302,K trom zo štyroch možností možno pridať rovnakú predponu. Pri ktorom z uvedených slov pôjde o inú predponu ako pri ostatných t roch?,A. -tribúcia|B. -kriminácia|C. -pozícia|D. -štruktúra,B,"-štruktúra Distribúcia, diskriminácia, dispozícia . Avšak možnosť D nemôžeme spojiť s predponou dis -.",M6,T12,VSP,bank,sk,true,VSJP8_Test_Cielene_D.2A-q4lfe8.pdf,VSJP8_Test_Cielene_D.2A_Riesenie-r8ndli.pdf,47
bank-cielene-d2a-t12-49-463288eca6,"Aj keď pravdepodobne neovládate latinčinu, pokúste sa odhadnúť význam nasledujúceho výroku: Tempus fugit .",A. Rýchlo deravie|B. Teplo bez hraníc|C. Čas letí|D. Na povahe záleží,D,Na povahe záleží Všímame si počet slov a môžeme vychádzať z podobnosti tempo – čas.,M6,T12,VSP,bank,sk,true,VSJP8_Test_Cielene_D.2A-q4lfe8.pdf,VSJP8_Test_Cielene_D.2A_Riesenie-r8ndli.pdf,49
bank-cielene-d2a-t12-51-8429ccd83e,Kde nájdeme kormorána ?,A. pri pobreží mora|B. v dielni|C. v každej metropole|D. na golfovom ihrisku,D,na golfovom ihrisku Kormorán je vták.,M6,T12,VSP,bank,sk,true,VSJP8_Test_Cielene_D.2A-q4lfe8.pdf,VSJP8_Test_Cielene_D.2A_Riesenie-r8ndli.pdf,51
bank-cielene-d2a-t12-52-8800f3087c,Čoho sa týka parte ?,A. kníhtlače|B. tanca|C. kroja|D. úmrtia,D,úmrtia Ide o úmrtné oznámenie.,M6,T12,VSP,bank,sk,true,VSJP8_Test_Cielene_D.2A-q4lfe8.pdf,VSJP8_Test_Cielene_D.2A_Riesenie-r8ndli.pdf,52
bank-cielene-d2a-t12-53-6d603a8a9a,Ktor á možnosť nepatrí medzi ostatné?,A. kontrabas|B. medicinbal|C. syntetizátor|D. lýra,B,"lýra Medicinbal je športový nástroj, ostatné nástroje sú hudobné.",M6,T12,VSP,bank,sk,true,VSJP8_Test_Cielene_D.2A-q4lfe8.pdf,VSJP8_Test_Cielene_D.2A_Riesenie-r8ndli.pdf,53
bank-cielene-d2a-t12-54-e0d62929b6,V ktorej možnosti sú akademické tituly zoradené zostupne?,"A. inžinier, bakalár, magister, docent|B. bakalár, inžinier, docent, profesor|C. profesor, doktor , magister, bakalár|D. magister, profesor, doktor, inžinier",D,"magister, profesor, doktor, inžinier",M6,T12,VSP,bank,sk,true,VSJP8_Test_Cielene_D.2A-q4lfe8.pdf,VSJP8_Test_Cielene_D.2A_Riesenie-r8ndli.pdf,54
bank-cielene-d2a-t12-56-00a1609558,Ako vzniká dúha?,"A. dúha je optická ilúzia vytvorená okom človeka a že neexistuje ako skutočný jav v prírode|B. je výsledkom prechodu svetla cez rôzne vrstvy atmosféry, kde každá vrstva spôsobuje rôzne farebné odtiene|C. z farebných výparov, ktoré stúpajú zo zeme a miešajú sa so svetlom|D. disperziou slnečného svetla prechádzajúceho kvapkou",D,disperziou slnečného svetla prechádzajúceho kvapkou,M6,T12,VSP,bank,sk,true,VSJP8_Test_Cielene_D.2A-q4lfe8.pdf,VSJP8_Test_Cielene_D.2A_Riesenie-r8ndli.pdf,56
bank-cielene-d2a-t12-59-79c92aff03,Koľko členských štátov tvorí Európsku úniu?,A. 32|B. 36|C. 34|D. 27,D,27,M6,T12,VSP,bank,sk,true,VSJP8_Test_Cielene_D.2A-q4lfe8.pdf,VSJP8_Test_Cielene_D.2A_Riesenie-r8ndli.pdf,59
bank-t2-01-60d48005d6,Dvojica pojmov lampa – svetlo sú v rovnakom logickom vzťahu ako:,A. Topánky – nohy|B. Pec – teplo|C. Čaj – voda|D. Lampa – slnko,B,vzťah je – vyžaruje/dáva,M1,T2,VJS,bank,sk,true,VSJP8_Mudre-predplatne_2_Ulohy-hgfdda.pdf,VSJP8_Mudre-predplatne_2_Riesenia-6i0lha.pdf,1
bank-cielene-2-t2-02-2caa0c9c4a,"Na základe určitého princípu sme vytvorili nasledujúcu postupnosť. Skús uhádnuť, čo bude nasledovať. 2anu, 3ebr, 1are, 1prí, 0áj... .",A. 2ájm|B. 3tób|C. 0ún|D. 1ún,C,"Postupnosť vyjadruje mesiace bez prvého písmena, číslo vyjadruje počet písmen, ktoré sme vynechali na konci slova. Teda: Január – anu -2, dve písmená na konci chýbajú .",M1,T2,VSP,bank,sk,true,VSJP8_Test-Cielene_2-s9j1i4.pdf,VSJP8_Test-Cielene_2_Riesenie-3mre04.pdf,2
bank-t2-02-6d2415cfd0,Dvojica pojmov peňaženka – peniaze sú v rovnakom logickom vzťahu ako:,A. Šošovka – okuliare|B. Puzdro – okuliare|C. Čaj – pohár|D. Pohár – kuchyňa,B,"vzťah je – do peňaženky odkladáme peniaze, do pu zdra okuliare",M1,T2,VJS,bank,sk,true,VSJP8_Mudre-predplatne_2_Ulohy-hgfdda.pdf,VSJP8_Mudre-predplatne_2_Riesenia-6i0lha.pdf,2
bank-cielene-2-t2-03-c9138c1463,"skupina – tiger, jeleň, kuna Ktoré z nasledujúcich slov je zaradené do nesprávnej skupiny?",A. koza – 2. skupina|B. vrana – 1. skupina|C. ovca – 2. skupina|D. kobra – 3. skupina TEST VŠEOBECNÝCH JAZYKOVÝCH SCHOPNOSTÍ,B,"Skladateľ zloží pieseň, ktorú spevák spieva, scenárista napíše scenár, ktorý herec hrá.",M1,T2,VSP,bank,sk,true,VSJP8_Test-Cielene_2-s9j1i4.pdf,VSJP8_Test-Cielene_2_Riesenie-3mre04.pdf,3
bank-t2-03-c10659596a,"Vyber možnosť, s ktorou bude významový vzťah medzi prvou dvojicou výrazov najpodobnejši významovému vzťahu medzi druhou dvojicou. Nemocnica : .... = .... : Cvičiť",A. Chorý – Zdravý|B. Liečiť – Posilňovňa|C. Zdravý – Chrbát|D. Lekár – Športovec,B,"v nemocnici sa lieči, v posilňovni sa cvičí",M1,T2,VJS,bank,sk,true,VSJP8_Mudre-predplatne_2_Ulohy-hgfdda.pdf,VSJP8_Mudre-predplatne_2_Riesenia-6i0lha.pdf,3
bank-cielene-2-t2-04-1ed72f93b4,"Nasledujúce stĺpce spája určitá logická súvislosť. V každom stĺpci označ slovo, ktoré nepatrí medzi ostatné.",A. Slnko a1) Porcelán a2) Škrečok a3) Európa|B. Oblačno b1) Hlina b2) Delfín b3) Kanada|C. Dáždnik c1) Voda c2) Tiger c3) Austrália|D. Vietor d1) Kameň d2) Mačka d3) Ázia,C,"počasie), c1 (skupenstvo), b2 (vodný živočích), b3 (svetadiely)",M1,T2,VSP,bank,sk,true,VSJP8_Test-Cielene_2-s9j1i4.pdf,VSJP8_Test-Cielene_2_Riesenie-3mre04.pdf,4
bank-t2-04-ca0d29c4c7,Ktor á dvojic a slov najlepšie vystihuje vzťah medzi dvojicou v zadaní? AKVÁRIUM : VODA,A. Pohár : výplň|B. Tekutina : bandaska|C. Nádrž : palivo|D. Káva : šálka,C,"do akvária sa leje voda, do nádrže palivo",M1,T2,VJS,bank,sk,true,VSJP8_Mudre-predplatne_2_Ulohy-hgfdda.pdf,VSJP8_Mudre-predplatne_2_Riesenia-6i0lha.pdf,4
bank-cielene-2-t2-05-73bc6aea7c,"Vymysleli sme nasledujúcu postupnosť. Skús určiť, čo bude nasledovať. 7 – 9 – 6 – 10 – 5 – 11...",A. 4|B. 17|C. 9|D. 19,A,"+2 -3 +4 -5 +6 – 7. Číslo rastie vždy o 1, je striedavo sčitované a odčitované .",M1,T2,VSP,bank,sk,true,VSJP8_Test-Cielene_2-s9j1i4.pdf,VSJP8_Test-Cielene_2_Riesenie-3mre04.pdf,5
bank-t2-05-3857198e65,"Vyber možnosť, s ktorou bude významový vzťah medzi prvou dvojicou výrazov najpodobnejši významovému vzťahu medzi druhou dvojicou. Klavirista : .... = .... : Krieda",A. Noty – Učiteľ|B. Hudba – Prach|C. Gitarista – Tabuľa|D. Písanie – Hranie,A,"klavirista pracuje s notami, učiteľ s kriedou",M1,T2,VJS,bank,sk,true,VSJP8_Mudre-predplatne_2_Ulohy-hgfdda.pdf,VSJP8_Mudre-predplatne_2_Riesenia-6i0lha.pdf,5
bank-t2-06-9b25b8e113,Dvojica pojmov hodina – minúta je v rovnakom logickom vzťahu ako:,A. týždeň – deň|B. polnoc – noc|C. pondelok – týždeň|D. sekunda – centimeter,A,"minúta je časť hodiny, deň je časť týždňa",M1,T2,VJS,bank,sk,true,VSJP8_Mudre-predplatne_2_Ulohy-hgfdda.pdf,VSJP8_Mudre-predplatne_2_Riesenia-6i0lha.pdf,6
bank-cielene-2-t2-07-354cb038f4,"Aj napriek tomu, že na nasledujúcom obrázku vidíš len časť kocky, pokús sa určiť, aké číslo je na spodnej časti modrej kocky.",A. 1|B. 3|C. 2|D. 6,C,Súčet protiľahlých strán kocky je vždy 7.,M1,T2,VSP,bank,sk,true,VSJP8_Test-Cielene_2-s9j1i4.pdf,VSJP8_Test-Cielene_2_Riesenie-3mre04.pdf,7
bank-t2-07-54bb11d892,Dvojica pojmov prídavné meno – vlastnosť je v rovnakom logickom vzťahu ako:,A. sloveso – činnosť|B. vybrané slovo – diktát|C. podmet – prísudok|D. číslovka – matematika,A,"prídavné meno označuje vlastnosť, sloveso označuje činnosť",M1,T2,VJS,bank,sk,true,VSJP8_Mudre-predplatne_2_Ulohy-hgfdda.pdf,VSJP8_Mudre-predplatne_2_Riesenia-6i0lha.pdf,7
bank-t2-08-a247a470c1,Ktorá dvojica je v rovnakom logickom vzťahu ako dvojica AUTO : PALIVO?,A. žiarovka : svetlo|B. televízia : elektrina|C. obraz : štetec|D. atóm : energia,B,"palivo poháňa auto, elektrina poháňa televíziu",M1,T2,VJS,bank,sk,true,VSJP8_Mudre-predplatne_2_Ulohy-hgfdda.pdf,VSJP8_Mudre-predplatne_2_Riesenia-6i0lha.pdf,8
bank-cielene-2-t2-09-bfabb69ebd,"Keď sú na pošte otvorené tri okienka, čakajú ľudia v rade priemerne 15 minút. Aká bude priemerná čakacia doba, ak sa otvoria ďalšie dve okienka?",A. 25 minút|B. 13 minút|C. 10 minút|D. 9 minút,D,15 x 3 = 45. 45 : 5 = 9.,M1,T2,VSP,bank,sk,true,VSJP8_Test-Cielene_2-s9j1i4.pdf,VSJP8_Test-Cielene_2_Riesenie-3mre04.pdf,9
bank-t2-09-521aef5d63,Ktorá dvojica je v rovnakom logickom vzťahu ako dvojica PAPIER : CERUZKA?,A. pokožka : krém|B. tapeta : stena|C. farba : štetec|D. púder : tvár,A,"ceruzku „nanášame“ na papier, krém nanášame na pokožku",M1,T2,VJS,bank,sk,true,VSJP8_Mudre-predplatne_2_Ulohy-hgfdda.pdf,VSJP8_Mudre-predplatne_2_Riesenia-6i0lha.pdf,9
bank-cielene-2-t2-10-77203246a4,Čo logicky nepatrí medzi ostatné?,A. Horský park|B. Sad Janka Kráľa|C. Tatranský národný park|D. Medická záhrada,C,"Hľadáme spoločnú vlastnosť – je ňou umiestnenie v Bratislave. Preto TANAP nepatrí medzi ostatné. Ďalším spoločným znakom by mohol byť fakt, že ide o mestské parky, verzus národný park.",M1,T2,VSP,bank,sk,true,VSJP8_Test-Cielene_2-s9j1i4.pdf,VSJP8_Test-Cielene_2_Riesenie-3mre04.pdf,10
bank-t2-10-40f243ab43,Dvojica pojmov LIPIDY : _______ = _______ : BIELKOVINY je v rovnakom logickom vzťahu ako dvojica:,A. paprika – tvaroh|B. tuky – proteíny|C. zložka – vitamín|D. obezita – reuma,B,"lipidy sú slovenským výrazom tuky, proteíny sú slovenským výrazom bielkoviny",M1,T2,VJS,bank,sk,true,VSJP8_Mudre-predplatne_2_Ulohy-hgfdda.pdf,VSJP8_Mudre-predplatne_2_Riesenia-6i0lha.pdf,10
bank-cielene-2-t2-11-8f79fdadf5,"Podľa istého pri ncípu sme rozdelili jedlá do dvoch skupín. Do 1. skupiny patria: hamburger, hemendex, guláš Do 2. skupiny patria: granadír, špenátové cestoviny, miešané vajíčka Odhaľte princíp rozdelenia a rozhodnite, ktoré z nasledujúcich jedál je zaradené do nesprávnej skupiny.",A. lasagne – 2. skupina|B. zemiakové placky – 2. skupina|C. plnená paprika – 1. skupina|D. viedenský rezeň – 1. skupina,A,"1. skupina mäs ité jedlá, 2. skupina bezmäsité .",M1,T2,VSP,bank,sk,true,VSJP8_Test-Cielene_2-s9j1i4.pdf,VSJP8_Test-Cielene_2_Riesenie-3mre04.pdf,11
bank-t2-11-2d59bac31d,V názvoch miest sme poprehadzovali písmená. Ktoré mesto nepatrí do skupiny?,A. ĎSEER|B. YANÉT|C. OFVIKĽAO|D. ZNVELO,B,"Atény nie sú slovenské mesto, ostatné sú Sereď, Fiľakovo, Zvolen",M1,T2,VJS,bank,sk,true,VSJP8_Mudre-predplatne_2_Ulohy-hgfdda.pdf,VSJP8_Mudre-predplatne_2_Riesenia-6i0lha.pdf,11
bank-cielene-2-t2-12-96d8b18a89,Dvojica slov múka – rožok nie je v rovnakom logickom vzťahu ako dvojica slov:,A. slivky – lekvár|B. železo – cín|C. plátno – nohavice|D. papier – kniha,B,Ostatné sú vo vzťahu – z prvého sa vyrába / je zložené druhé. Železo a cín sú samostatné prvky.,M1,T2,VSP,bank,sk,true,VSJP8_Test-Cielene_2-s9j1i4.pdf,VSJP8_Test-Cielene_2_Riesenie-3mre04.pdf,12
bank-t2-12-f73bc50e19,Tri z uvedených pojmov spája istá logická súvislosť. Ktorý pojem do skupiny nepatrí?,A. Kredenc|B. Posteľ|C. Šampón|D. Vaňa,C,šampón nie je nábytok ani súčasť stavby,M1,T2,VJS,bank,sk,true,VSJP8_Mudre-predplatne_2_Ulohy-hgfdda.pdf,VSJP8_Mudre-predplatne_2_Riesenia-6i0lha.pdf,12
bank-cielene-2-t2-13-f3c2e0f228,"Filip si vymyslel princíp, podľa ktorého ku písmenám priradil číslo. Tu je niekoľko príkladov: N → 0 C → 1 E → 0 S → 2 P → 1 Ktorému z nasledujúcich písmen je priradené zlé číslo?",A. A → 0|B. L → 0|C. O → 1|D. B → 1,D,písmeno B má 2 oblúčiky,M1,T2,VSP,bank,sk,true,VSJP8_Test-Cielene_2-s9j1i4.pdf,VSJP8_Test-Cielene_2_Riesenie-3mre04.pdf,13
bank-t2-13-a9ead6d063,Tri z uvedených pojmov spája istá logická súvislosť. Ktorý do skupiny nepatrí?,A. Mydlo|B. Handra|C. Servítok|D. Špongia,A,"mydlo je čistiaci prostriedok – nesaje vodu, ostatné sú pomôcky na čistenie",M1,T2,VJS,bank,sk,true,VSJP8_Mudre-predplatne_2_Ulohy-hgfdda.pdf,VSJP8_Mudre-predplatne_2_Riesenia-6i0lha.pdf,13
bank-cielene-2-t2-14-55604dc070,Tri z pojmov spája istá logická súvislosť. Ktorý z pojmov do skupiny nepatrí ?,A. Antilopa|B. Jeleň|C. Gepard|D. Kamzík,C,"A, B, D sú bylinožravce, gepard mäsožravec.",M1,T2,VSP,bank,sk,true,VSJP8_Test-Cielene_2-s9j1i4.pdf,VSJP8_Test-Cielene_2_Riesenie-3mre04.pdf,14
bank-t2-14-02c56a4c47,Tri z nasledujúcich možností spája určitá súvislosť . Ktorá možnosť nepatrí medzi ostatné?,A. Kolovrátok|B. Podvozok|C. Lampión|D. Autobus,D,autobus má viac samohlások ako spoluhlások,M1,T2,VJS,bank,sk,true,VSJP8_Mudre-predplatne_2_Ulohy-hgfdda.pdf,VSJP8_Mudre-predplatne_2_Riesenia-6i0lha.pdf,14
bank-cielene-2-t2-15-c40b726187,Dvojica pojmov korytnačka → plaz je v rovnakom logickom vzťahu ako dvojica pojmov:,A. kolibrík → cicavec|B. ropucha → obojživelník|C. ryba → kapor|D. hlodavec → myš,B,"Korytnačka patrí medzi plazy, ropucha medzi obojživelníky .",M1,T2,VSP,bank,sk,true,VSJP8_Test-Cielene_2-s9j1i4.pdf,VSJP8_Test-Cielene_2_Riesenie-3mre04.pdf,15
bank-t2-15-4d5c40a48e,Nasledujúc e pojmy spája istá logická súvislosť. Ktorý z pojmov sa medzi ostatn é nehodí?,A. Sloboda|B. Hradby|C. Spravodlivosť|D. Odvaha,B,hradby nie sú abstraktné podstatné meno,M1,T2,VJS,bank,sk,true,VSJP8_Mudre-predplatne_2_Ulohy-hgfdda.pdf,VSJP8_Mudre-predplatne_2_Riesenia-6i0lha.pdf,15
bank-cielene-2-t2-16-632e2a6b9a,"Vyber, čo by mohlo nasledovať v postupnosti: VRT, REV, EMU, MOK, OKO, ...",A. KOV|B. VAK|C. KÁVA|D. SOK,A,"Hľadali sme trojpísmenové slovo (ako všetky ostatné), stredné písmeno predchádzajúceho slova sa stane prvým písmenom nasledujúceho.",M1,T2,VSP,bank,sk,true,VSJP8_Test-Cielene_2-s9j1i4.pdf,VSJP8_Test-Cielene_2_Riesenie-3mre04.pdf,16
bank-t2-16-a3160889dd,V nasledujúcich slovách sme poprehadzovali písmenká. Ktoré nepatrí medzi ostatné?,A. EČPUAP|B. ASOTKLIČ|C. ŇRISKA|D. SOPEĽT,A,"papuče nie sú kus nábytku, ostatné áno – stolička, skriňa, posteľ",M1,T2,VJS,bank,sk,true,VSJP8_Mudre-predplatne_2_Ulohy-hgfdda.pdf,VSJP8_Mudre-predplatne_2_Riesenia-6i0lha.pdf,16
bank-cielene-2-t2-17-f113dd1e48,"Budeme hovoriť, že slovenské slovo je krkavčie, ak sa skladá iba zo spoluhlások. Budeme tiež hovoriť, že slovo je krásne, ak má menej ako štyri písmená alebo sa končí samohláskou. Isté slovenské slovo je krásne a má 7 písmen. Ktorá z možností určite vyplýv a z uvedeného?",A. Je krkavčie|B. Obsahuje 6 spoluhlások|C. Nie je krkavčie|D. Obsahuje najmenej 3 samohlásk y,C,"Vieme, že slovo je krásne – má však viac ako 4 písmená, preto platí druhá časť za ALEBO – končí samohláskou. Viac o danom slove nevieme. Keďže končí samohláskou, určite nie je krkavčie, preto platí možnosť C. Krkavčie nie je – určite nie možnosť A. Možnost i B a D môžu nastať, ale nevyplývajú automaticky z uvedených podmienok.",M1,T2,VSP,bank,sk,true,VSJP8_Test-Cielene_2-s9j1i4.pdf,VSJP8_Test-Cielene_2_Riesenie-3mre04.pdf,17
bank-t2-17-a3160889dd,V nasledujúcich slovách sme poprehadzovali písmenká. Ktoré nepatrí medzi ostatné?,A. IKTNZÁO|B. VRKIČÝNKÍ|C. BADKO|D. NIKAH,D,"ostatné možnosti sú interpunkčné znamienka, kniha nie",M1,T2,VJS,bank,sk,true,VSJP8_Mudre-predplatne_2_Ulohy-hgfdda.pdf,VSJP8_Mudre-predplatne_2_Riesenia-6i0lha.pdf,17
bank-cielene-2-t2-18-12d25ed0a1,Tri z pojmov spája istá logická súvislosť. Ktorý z pojmov do skupiny nepatrí?,A. Mlieko|B. Syr|C. Jogurt|D. Jablko,D,Jablko jediné nie je živočíšneho pôvodu.,M1,T2,VSP,bank,sk,true,VSJP8_Test-Cielene_2-s9j1i4.pdf,VSJP8_Test-Cielene_2_Riesenie-3mre04.pdf,18
bank-t2-18-9f25f21b47,V nasledujúcich slovách sme poprehadzovali písmená. Ktoré slovo nepatrí medzi ostatné?,A. OMRÁK|B. LAVEČ|C. OMÝĽT|D. ŠEŇSR,C,motýľ nie je bodavý hmyz,M1,T2,VJS,bank,sk,true,VSJP8_Mudre-predplatne_2_Ulohy-hgfdda.pdf,VSJP8_Mudre-predplatne_2_Riesenia-6i0lha.pdf,18
bank-cielene-2-t2-19-18591db4d8,Dvojica pojmov Slnko – planéta je v rovnakom logickom vzťahu ako dvojica pojmov:,A. Mliečna cesta – planéta|B. Galaxia – Zem|C. Jupiter – mesiac|D. Hviezda – hmlovina,C,"Okolo Slnka obiehajú planéty, okolo Jupitera mesiace.",M1,T2,VSP,bank,sk,true,VSJP8_Test-Cielene_2-s9j1i4.pdf,VSJP8_Test-Cielene_2_Riesenie-3mre04.pdf,19
bank-t2-19-93f106953b,Tri z uvedených pojmov spája istá logická súvislosť. Ktorý pojem do tejto skupiny nepatrí?,A. macocha|B. vdova|C. sirota|D. pozostalá,A,všetky ostatné pojmy súvisia s úmrtím,M1,T2,VJS,bank,sk,true,VSJP8_Mudre-predplatne_2_Ulohy-hgfdda.pdf,VSJP8_Mudre-predplatne_2_Riesenia-6i0lha.pdf,19
bank-t2-20-93f106953b,Tri z uvedených pojmov spája istá logická súvislosť. Ktorý pojem do tejto skupiny nepatrí?,A. priveľký|B. pridrahý|C. prikrátky|D. pripravený,D,"v ostatných slovách je predpona pri - indikujúca, že je niečo príliš veľké, drahé alebo krátke",M1,T2,VJS,bank,sk,true,VSJP8_Mudre-predplatne_2_Ulohy-hgfdda.pdf,VSJP8_Mudre-predplatne_2_Riesenia-6i0lha.pdf,20
bank-cielene-2-t2-21-9519c7d464,"Vyber slovo, ktoré významovo najviac zapadá do vety. Zajtra doobeda bude polooblačno. V popoludňajších hodinách naďalej _________, poobede zamračené. V noci veľká oblačnosť.",A. oblačno|B. slnečno|C. trvalých|D. polooblačno,D,Správna odpoveď: D.,M1,T2,VSP,bank,sk,true,VSJP8_Test-Cielene_2-s9j1i4.pdf,VSJP8_Test-Cielene_2_Riesenie-3mre04.pdf,21
bank-cielene-2-t2-23-96c230e67c,"Aj keď pravdepodobne neovládaš poľský jazyk, skús označiť najlepší možný nadpis textu v rámčeku.",A. História nírlandského jazyka|B. Vývoj nového jazyka v Nemecku|C. História holandského jazyka|D. Zrada tvorcov svätého písma,C,Preklad: Holandský jazyk vznikol z dolnofranských dialektov dolnej nemčiny okolo 7./8. storočia. Jeho najstaršie písomné záznamy pochádzajú z 9. storočia. Prvý písaný text v holandčine pochádza z roku 1100.,M1,T2,VSP,bank,sk,true,VSJP8_Test-Cielene_2-s9j1i4.pdf,VSJP8_Test-Cielene_2_Riesenie-3mre04.pdf,23
bank-cielene-2-t2-24-fa8c7bb2b9,"V akom jazyku je napísaný nasledujúci text? U sklopu Poslovnog centra Zadar na adresi Franka Lisice 85 već više od 55 godina posluje Volkswagen prodajno -servisni centar. Volkswagen centar nalazi se i u sklopu Poslovnog centra Karlovac gdje uspješno posluje već 6 godina. U Volkswagen centrima, Auto H rvatska se bavi prodajom osobnih vozila, dodatne opreme, rezervnih dijelova, prodajom rabljenih vozila, te uslugama ovlaštenog servisa.",A. Chorvátskom|B. Poľskom|C. Ruskom|D. Rumunskom,A,"Preklad: Obchodné a servisné stredisko spoločnosti Volkswagen funguje v Zadarskom obchodnom centre na adrese Franka Lisice 85 už viac ako 55 rokov. Volkswagen Center je tiež súčasťou Business Center Karlovac, kde úspešne funguje už 6 rokov. V strediská ch spoločnosti Volkswagen sa spoločnosť Auto Hrvatska zaoberá predajom osobných vozidiel, príslušenstva, náhradných dielov, predajom ojazdených vozidiel a službami autorizovaného servisného strediska.",M1,T2,VSP,bank,sk,true,VSJP8_Test-Cielene_2-s9j1i4.pdf,VSJP8_Test-Cielene_2_Riesenie-3mre04.pdf,24
bank-cielene-2-t2-25-66300407aa,Do ktorej jazykovej skupiny tento jazyk zaraďujeme?,A. Ugrofínskej|B. Slovanskej|C. Germánskej|D. Románskej,B,Správna odpoveď: B.,M1,T2,VSP,bank,sk,true,VSJP8_Test-Cielene_2-s9j1i4.pdf,VSJP8_Test-Cielene_2_Riesenie-3mre04.pdf,25
bank-cielene-2-t2-26-9de4036021,Pokús sa identifikovať ústrednú tému textu.,A. Turizmus|B. Obchodné a servisné centrum|C. Mapa mesta|D. Dohodnuté stretnutie vo Volkswagen,B,Správna odpoveď: B.,M1,T2,VSP,bank,sk,true,VSJP8_Test-Cielene_2-s9j1i4.pdf,VSJP8_Test-Cielene_2_Riesenie-3mre04.pdf,26
bank-cielene-2-t2-27-61211c03e1,"Označ slovo, ktoré sa významovo hodí do textu. Jež tmavý (iné názvy: jež západný, staršie: jež západoeurópsky, jež obyčajný západoeurópsky, jež obyčajný, lat. Erinaceus europaeus, staršie: Erinaceus europaeus europaeus) je druh z čeľade ježovité, Európsky endemit. Výskyt na Slovensku bol _______ na 0,9 % územia.",A. Odrátaný|B. Nejasný|C. Zistený|D. Evakuovaný Język niderlandzki wyodrębnił się z dialektów dolnofrankońskich języka dolnoniemieckiego około VII/VIII w. Jego najstarsze pisemne zabytki pochodzą z IX wieku. Pierwszy tekst pisany w języku niderlandzkim pochodzi z 1100 roku,C,Správna odpoveď: C.,M1,T2,VSP,bank,sk,true,VSJP8_Test-Cielene_2-s9j1i4.pdf,VSJP8_Test-Cielene_2_Riesenie-3mre04.pdf,27
bank-cielene-2-t2-28-e4ba6582e2,V nasledujúcich slovách sme vynechali samohlásky. V troch prípadoch išlo o tú istú trojicu samohlások. V ktorej možnosti to neplatí?,A. SDŤ|B. NBDŤ|C. VDŤ|D. DLVŤ UKÁŽKA,D,"E, I, E – sedieť, nebdieť, vedieť",M1,T2,VSP,bank,sk,true,VSJP8_Test-Cielene_2-s9j1i4.pdf,VSJP8_Test-Cielene_2_Riesenie-3mre04.pdf,28
bank-cielene-2-t2-30-c938d9ae0c,Vyber synonymum prvého zvýrazneného z ukážky.,A. Zverinec|B. Zverolekár|C. Zverokruh|D. Zveropark,C,Správna odpoveď: C.,M1,T2,VSP,bank,sk,true,VSJP8_Test-Cielene_2-s9j1i4.pdf,VSJP8_Test-Cielene_2_Riesenie-3mre04.pdf,30
bank-cielene-2-t2-31-d52eb2d1f8,"Vyber možnosť, v ktorej sú všetky slová synonymá k druhému zvýraznenému slovu z ukážky.","A. Konflikty, odpory, bitky|B. Spory, nezhody, hádky|C. Smútky, tragédie, katastrofy",B,Správna odpoveď: B.,M1,T2,VSP,bank,sk,true,VSJP8_Test-Cielene_2-s9j1i4.pdf,VSJP8_Test-Cielene_2_Riesenie-3mre04.pdf,31
bank-cielene-2-t2-32-27434d32d6,Najvhodnejšou alternatívou na doplnenie chýbajúcich slov v ukážke je trojica :,A. Neprakticky – tvár – sobáš|B. Nepríjemne – šancu – sobáš|C. Neprakticky – polovičku – sobáš|D. Nepríjemne – polovičku – šancu,C,Správna odpoveď: C.,M1,T2,VSP,bank,sk,true,VSJP8_Test-Cielene_2-s9j1i4.pdf,VSJP8_Test-Cielene_2_Riesenie-3mre04.pdf,32
bank-cielene-2-t2-33-0d2bd874a4,"Vyber nadpis, ktorý sa najviac hodí k ukážke .",A. Luxusné prasiatko|B. Znamenie prasaťa|C. Prasa ako partner|D. Šťastný nový rok,B,Správna odpoveď: B.,M1,T2,VSP,bank,sk,true,VSJP8_Test-Cielene_2-s9j1i4.pdf,VSJP8_Test-Cielene_2_Riesenie-3mre04.pdf,33
bank-cielene-2-t2-34-b18a151905,"Aj keď pravdepodobne neovládaš latinčinu, skús určiť, ktorý výrok nesúvisí s pravdou.",A. Veritas liberabit|B. Errare humanum est|C. In vino veritas|D. Veritas omnia vincit,B,"A – Pravda oslobodzuje, B – Mýliť sa je ľudské, C – Vo víne je pravda, D – Pravda vždy zvíťazí .",M1,T2,VSP,bank,sk,true,VSJP8_Test-Cielene_2-s9j1i4.pdf,VSJP8_Test-Cielene_2_Riesenie-3mre04.pdf,34
bank-cielene-2-t2-35-ba02a9deba,"Z opisu v nasledujúcom texte skús určiť, o aký hudobný nástroj ide . BRNKACÍ ŠTVOR -, PÄŤ - ALEBO ŠESŤSTRUNOVÝ NÁSTROJ, NA KTOROM TÓN VZNIKÁ PODOBNE AKO PRI GITARE ROZOCHVENÍM STRUNY MEDZI NULTÝM PRAŽCOM A KOBYLKOU. POMOCOU HMATNÍKA JE MOŽNÉ STRUNY SKRACOVAŤ A TÝM ZVYŠOVAŤ ICH TÓN.",A. Heligonka|B. Viola|C. Drumbľa|D. Bendžo,D,Správna odpoveď: D.,M1,T2,VSP,bank,sk,true,VSJP8_Test-Cielene_2-s9j1i4.pdf,VSJP8_Test-Cielene_2_Riesenie-3mre04.pdf,35
bank-cielene-2-t2-36-1471e8db16,V ktorej možnosti je použitý básnický prívlastok?,A. Zavesený obraz|B. Silný vietor|C. Letná nálada|D. Nebezpečný tiger,C,Správna odpoveď: C.,M1,T2,VSP,bank,sk,true,VSJP8_Test-Cielene_2-s9j1i4.pdf,VSJP8_Test-Cielene_2_Riesenie-3mre04.pdf,36
bank-cielene-2-t2-37-c7be2847f5,"Označ vetu, v ktorej nie je možné na zvýraznených miestach poprehadzovať písmená tak, aby vznikla zmysluplná veta.","A. LÓHYPCSOG je človek, ktorému sa môžeme vždy ŤORYVVÁZARP|B. Ak sa chceš IRPOAŤD o svojej budúcnosti, môžeš navštíviť aj ONEKRAHIÉR poradcu|C. Keď sa opýtaš ĽITUAČEI , povie ti, kde týchto ľudí JÁDŠEN|D. Ak však nechceš, aby o tvojej TUICISIÁ niekto vedel, informácie nájdeš aj na NEKÁSRT školy",C,"A – psychológ, vyrozprávať, B – poradiť, kariérneho, C – učiteľa(i), nájdeš, D – situácii, stránke",M1,T2,VSP,bank,sk,true,VSJP8_Test-Cielene_2-s9j1i4.pdf,VSJP8_Test-Cielene_2_Riesenie-3mre04.pdf,37
bank-cielene-2-t2-38-eb004f58ff,"Z akého slova pochádza názov orchis podľa nasledujúcej ukážky ? Orchis es un género que incluye veinte especies y numerosas notoespecies de orquídeas de hábito terrestre pertenecientes a la subfamilia Orchidoideae. Se distribuyen desde Macaronesia, el Mediterráneo y Europa hasta Mongolia. El nombre del género deriva del griego ορχις (orchis = testículo), vocablo que se encontró por primera vez en los manuscritos del filósofo griego Teofrasto que datan aproximadamente del año 375 antes de Cristo. Tal vocablo hace referencia a la forma de los tubérculos dobles de estas especies, los cu ales parec en testículos. El nombre del género y su descripción fueron realizadas por Joseph Pitton de Tournefort (1656 - 1708), a quién Carlos Linneo adjudicó su autoría en 1753.",A. Makarónskeho|B. Anglického|C. Gréckeho|D. Mongolského,C,"Preklad: Orchis je čeľaď, ktorá zahŕňa dvadsať druhov a početné druhy orchideí suchozemského pôvodu patriacich do podčeľade Orchidoideae. Pochádzajú z Makaronézie, Stredomoria a Európy do Mongolska. Názov čeľade pochádza z gréckeho ορχις (orchis = semenník), slova, ktoré sa po prvý raz našlo v rukopisoch gréckeho filozofa Theophrastusa z obdobia približne roku 375 pred n.l. Toto slovo označuje tvar dvojitých tuberkul týchto druhov, ktoré vyzerajú ako semenníky. Názov rodu a jeho opis dal Joseph Pitton de Tournefort (1656 -1708), ktorému v roku 1753 jeho autorstvo pridelil Carlos Linnaeus.",M1,T2,VSP,bank,sk,true,VSJP8_Test-Cielene_2-s9j1i4.pdf,VSJP8_Test-Cielene_2_Riesenie-3mre04.pdf,38
bank-cielene-2-t2-39-9518748eea,K trom zo štyroch možností možno pridať rovnakú predponu. Pri ktorom z uvedených slov pôjde o inú predponu ako pri ostatných troch?,A. -presor|B. -centračný|C. -federácia|D. -text,A,"A – predpona kom -, B, C, D – prepona kon -",M1,T2,VSP,bank,sk,true,VSJP8_Test-Cielene_2-s9j1i4.pdf,VSJP8_Test-Cielene_2_Riesenie-3mre04.pdf,39
bank-cielene-2-t2-40-9a27c34dbc,"Do troch možností je možné doplniť tri rovnaké samohlásky tak, aby vzniklo zmysluplné slovo (podstatné meno v N sg.). V ktorej možnosti to nie je možné?",A. ZDB|B. DRD|C. KMNT|D. DBRT,C,"Trojica O -O-A. A – ozdoba, B – odroda, C – komnata, D – dobrota",M1,T2,VSP,bank,sk,true,VSJP8_Test-Cielene_2-s9j1i4.pdf,VSJP8_Test-Cielene_2_Riesenie-3mre04.pdf,40
bank-cielene-b1-t3-01-c8ef6f5e97,Hodiny na veži ukazujú čas – veľká ručička je na 7 a malá medzi 2 a 3. Koľko hodín ukazujú hodiny?,A. 14:07|B. 14:35|C. 15:07|D. 17:10,D,17:10,M2,T3,VSP,bank,sk,true,VSJP8_Test_Cielene_B.1-lps2ko.pdf,VSJP8_Test_Cielene_B.1_Riesenie-oc39x3.pdf,1
bank-exam-x4-t3-01-640b2f4087,"Aj keď pravdepodobne neovládate latinčinu, pokúste sa odhadnúť, ktorý výrok nesúvisí s náboženstvom.",A. Ad honorem Dei gloriam|B. Ad honorem Jesu|C. Ora et labora|D. Manus manum lavat,D,"Slová: honorem, Dei, gloriam, Jesu, ora – sú značne náboženské. Manus manum lavat (ruka ruku umýva) nesúvisí s náboženstvom. Môžeme tiež pozorovať slová, ktoré sa opakujú v predchádzajúcich výrokoch.",M2,T3,VJS,bank,sk,true,3_VSJP8_Text_X4_Exam-bnkq6k.pdf,3_VSJP8_Test_X4_Exam_Riesenie-ixnmlr.pdf,1
bank-t3-01-6cf9ccbb8f,"Margaréta vytvára výzdobu zo špagátov. Rozuzľuje dva špagáty – modrý (M) a zelený (Z). Platí vzťah: M = 0,5 x Z Ktoré z nasledujúcich tvrdení vyplýva z uvedeného vzťahu?",A. Zelený špagát je dvakrát dlhší než modrý špagát|B. Modrý špagát je dvakrát tak dlhý než zelený špagát|C. Zelený špagát je dvakrát kratší než modrý|D. Dĺžka modrého špagátu je pätinou zeleného špagátu,A,"Skúsime si dosadiť reálne hodnoty, ak by mal zelený špagát 10 metrov, po dosadení do rovnice vyjde, že M = 0,5 * 10 = 5 m. Modrý špagát má 5 metrov. Zelený špagát je teda dvakrát dlhší .",M2,T3,VSP,bank,sk,true,VSJP8_Mudre-predplatne_3_Ulohy-2cvhxh.pdf,VSJP8_Mudre-predplatne_3_Riesenia-hmvek4.pdf,1
bank-cielene-b1-t3-02-9327d68630,"Pred decimalizáciou (zdesiatkovaním) v roku 1971 bola každá anglická libra (£) rozdelená na 240 pencí alebo 20 šilingov, z ktorých každý mal hodnotu 12 pencí. Symbol pre šiling „s“ bol odvodený od latinského slova solidus. Starý symbol pre penny „d“ z latinského denarius. Keby si dostal odmenu vo výške 120 d, bolo by to:",A. 12 s|B. 10 d|C. 10 s|D. 24 d,D,24 d 1 s = 12 d,M2,T3,VSP,bank,sk,true,VSJP8_Test_Cielene_B.1-lps2ko.pdf,VSJP8_Test_Cielene_B.1_Riesenie-oc39x3.pdf,2
bank-exam-x4-t3-02-c6f291a2e8,"Prečítajte si krátky text v jazyku Interlingua: Io presenta iste blog como un ressource pro stedentes de linguas interessange in iste maniera de studiar linguas. Omne le usatores de iste blog es libere a copiar e republicar su textos – e mesme a facer nove redactioines de illos pro usos personal o pro le production de nove resources pro studentes de linguas. Aj keď tento jazyk pravdepodobne neovládate, pokúste sa odhadnúť, ktoré slovo je preložené správne.",A. maniera - výhoda|B. omne - každý|C. mesme - chýba|D. facer - nadávať,B,"Z prekladu nám vyjde: omne le usatores - všetci používatelia, každý používateľ.",M2,T3,VJS,bank,sk,true,3_VSJP8_Text_X4_Exam-bnkq6k.pdf,3_VSJP8_Test_X4_Exam_Riesenie-ixnmlr.pdf,2
bank-t3-02-617960f9c9,Jakub má o 30% viac tenisiek (T) než spoločenských topánok (S). Ktorý zápis vyjadruje tento vzťah?,"A. S = T + 30%|B. T = 1,3 S|C. T = 0,3 S|D. S = - 0,3 T",B,"Opäť je najjednoduchšie hodnoty dosadiť (ideálne také, s ktorými sa ľahko násobí). Čiže ak má 10 spoločenských topánok, o 30% viac je o 3 ks viac, čiže 10 + 3 = 13 tenisiek. Napr. možnosť C by znamenala, že má pri 10 spoločenských topánkach len 3 tenisky a možnosť D zas že má záporný počet niektorých topánok .",M2,T3,VSP,bank,sk,true,VSJP8_Mudre-predplatne_3_Ulohy-2cvhxh.pdf,VSJP8_Mudre-predplatne_3_Riesenia-hmvek4.pdf,2
bank-cielene-b1-t3-03-9514fc8458,"Existujú slová, pri ktorých zámenou jedného písmena (samohlásky alebo spoluhlásky) v podstatnom mene v nominatíve singuláru získame iné podstatné meno v nominatíve singuláru s odlišným významom, pričom poradie ostatných písmen zostáva nezmenené, napr. meč – moč, nazývame hravé. V každej možnosti uveď jedno hravé slovo prislúchajúce k danému podstatnému menu.",A. lavica - ____________________|B. piatok - ____________________|C. rok - ____________________|D. opora - ____________________,D,"opora - ____________________ Lavica – levica, piatok – piatak, potok, rok – rak, opora – opera",M2,T3,VSP,bank,sk,true,VSJP8_Test_Cielene_B.1-lps2ko.pdf,VSJP8_Test_Cielene_B.1_Riesenie-oc39x3.pdf,3
bank-exam-x4-t3-03-44abf0a394,Zo štyroch podstatných mien sme vynechali všetky samohlásky. V troch prípadoch išlo o tú istú trojicu samohlások. Z ktorého slova sme vynechali inú trojicu samohlások ako zo zvyšných troch?,A. DVKT|B. SMTR|C. PRHČ|D. PRKTR,D,"Vybraná trojica je A – O – Á. Slová sú: advokát, samotár, paroháč. Posledné slovo je slovo pretekár, čiže samohlásky sú iné. Pozor na to, že samohláskou sa môže slovo napr. aj začínať.",M2,T3,VJS,bank,sk,true,3_VSJP8_Text_X4_Exam-bnkq6k.pdf,3_VSJP8_Test_X4_Exam_Riesenie-ixnmlr.pdf,3
bank-t3-03-06a04b8fc1,"Index telesnej hmotnosti (ITH) sa počíta ako hmotnosť v kilogramoch delená druhou mocninou výšky v metroch. Ako bude vyzerať výpočet ITH Petry, ktorá meria 176 cm a váži 70kg?","A. ITH = 700 : 176 x 2|B. ITH = 70 : 176 2|C. ITH = 176 x √70|D. ITH = 70 : 1 ,76 2",D,Dôležité je nezabudnúť premeniť centimetre na metre .,M2,T3,VSP,bank,sk,true,VSJP8_Mudre-predplatne_3_Ulohy-2cvhxh.pdf,VSJP8_Mudre-predplatne_3_Riesenia-hmvek4.pdf,3
bank-cielene-b1-t3-04-52db8baeed,"Ktoré tvrdenie nevyplýva z uvedeného textu? Podľa rôznych historických prameňov má perník (medovník) pôvod v Nemecku. Na Slovensku sa perníky začali vyrábať až koncom 14. storočia a keďže boli koreniny veľmi drahé, považovali sa za veľký luxus a ľudia ich konzumovali najmä cez sviatky. Perník je sladké pečivo hnedej farby, ktorého pôvodná receptúra sa skladá z medu, múky a korenia. Neskôr sa jeho receptúra začala upravovať a dnes ho poznáme ako zmes pšeničnej a ražnej múky, mlieka, vajec, karamelizovaného cukru, medu, škorice a klinčeku. Počas jeho prípravy by sa po zmiešaní všetkých ingrediencií malo cesto nechať niekoľko týždňov odležať, aby mohlo vykysnúť. Zaujímavou vlastnosťou perníkového cesta je, že surové ani upečené nestráca časom na akosti ani na chuti, ale naopak sa zlepšuje. Perníky po dop ečení sa zdobia farebnými cukrovými polevami alebo čokoládou. Perníky môžu byť vykrajované do rôznych tvarov. Najznámejším motívom je perníková chalúpka z rozprávky O Jankovi a Marienke. (Zdroj: Wikipédia)","A. Perník na Slovensko priniesli nemeckí kolonisti po tureckom vpáde|B. Perník sa pôvodne skladal z medu, múky a korenia|C. Perníky po dopečení sa zdobia farebnými cukrovými polevami alebo čokoládou|D. Najznámejším motívom vykrajovaných perníkov je perníková chalúpka z rozprávky O Jankovi a Marienke",D,Najznámejším motívom vykrajovaných perníkov je perníková chalúpka z rozprávky O Jankovi a Marienke.,M2,T3,VSP,bank,sk,true,VSJP8_Test_Cielene_B.1-lps2ko.pdf,VSJP8_Test_Cielene_B.1_Riesenie-oc39x3.pdf,4
bank-exam-x4-t3-04-d135c838ed,"Slovné spojenie prídete k nám má rovnaký rytmus ako spojenie nádherne spí, ale iný rytmus ako spojenie moderný štýl. Ktoré z uvedených slovných spojení má iný rytmus ako zvyšné tri?",A. stopa líšky|B. kúsok kriedy|C. parná sauna|D. koniec prázdnin,A,"KKDK, B – DKDK, C – KDKK, D - KDDK",M2,T3,VJS,bank,sk,true,3_VSJP8_Text_X4_Exam-bnkq6k.pdf,3_VSJP8_Test_X4_Exam_Riesenie-ixnmlr.pdf,4
bank-t3-04-affd0f6adc,"Vlak môže ísť maximálnou rýchlosťou X km/h. Autobus môže ísť maximálnou rýchlosťou Y km/h. Vieme, že: 3X + 5 = 2Y","A. Trojnásobok maximálnej rýchlosti autobusu je o 5 km/h nižší ako dvojnásobo k rýchlosti vlaku|B. Trojnásobok maximálnej rýchlosti vlaku je o 5 km/h nižší ako dvojnásobok rýchlosti autobusu|C. Vlak môže ísť trikrát rýchlejšie, ako je dvojnásobok maximálnej rýchlosti autobusu|D. Autobus môže ísť osemkrát rýchlejšie než vlak",B,"Ak by maximálna rýchlosť vlaku bola 10 km/h, potom 3 * 10 + 5 = 2 Y, teda 35 = 2 Y a Y = 17,5. Trojnásobok rýchlosti vlaku je teda 30, dvojnásobok autobusu 35.",M2,T3,VSP,bank,sk,true,VSJP8_Mudre-predplatne_3_Ulohy-2cvhxh.pdf,VSJP8_Mudre-predplatne_3_Riesenia-hmvek4.pdf,4
bank-cielene-b1-t3-05-b166178447,Dvojica pojmov obilie  múka nie je v rovnakom logickom vzťahu ako dvojica pojmov:,A. ropa  benzín|B. jahoda  lekvár|C. cesta  asfalt|D. ruda  kov,D,ruda  kov Látka vľavo slúži ako surovina na výrobu látky vpravo.,M2,T3,VSP,bank,sk,true,VSJP8_Test_Cielene_B.1-lps2ko.pdf,VSJP8_Test_Cielene_B.1_Riesenie-oc39x3.pdf,5
bank-exam-x4-t3-05-a18fa99daa,S ktorým podstatným menom sa zvykne spájať sloveso jatriť ?,A. rany|B. príležitosť|C. zrak|D. úmysly,A,Jatríme jedine rany.,M2,T3,VJS,bank,sk,true,3_VSJP8_Text_X4_Exam-bnkq6k.pdf,3_VSJP8_Test_X4_Exam_Riesenie-ixnmlr.pdf,5
bank-t3-05-2d57d559b5,Plyšový medvedík (P) stojí o 20% menej ako auto na ovládanie (A). Ktorý vzorec najlepšie vystihuje tento vzťah?,"A. P = 1,2 A|B. A = 1,5 P|C. P = 0,8 A|D. A = 0,5 P",C,"Ak by auto stálo 10 €, medveď by mal stáť o 20% menej (2€) a teda cena by bola 8€. Platí rovnica 8 = 0,8 *10 .",M2,T3,VSP,bank,sk,true,VSJP8_Mudre-predplatne_3_Ulohy-2cvhxh.pdf,VSJP8_Mudre-predplatne_3_Riesenia-hmvek4.pdf,5
bank-cielene-b1-t3-06-10c2509365,"Doplň postupnosť: 7, 14, 28, 56, ...",A. 112|B. 63|C. 96|D. 84,D,84 K ďalšiemu číslu prirátame to predchádzajúce. 7 + 7 = 14 + 14 = 28 + 28 = ...,M2,T3,VSP,bank,sk,true,VSJP8_Test_Cielene_B.1-lps2ko.pdf,VSJP8_Test_Cielene_B.1_Riesenie-oc39x3.pdf,6
bank-exam-x4-t3-06-ffcd0c207a,Mirka rada vymýšľa hádanky pre svojho brata. Zvolí si spisovné slovenské slovo a nejako ho rozdelí na tri časti. Potom v každej časti napíše písmená v opačnom poradí. Napokon všetky časti opäť spojí. Napr.: UČEBNICA UČE+BNICA EČU+ACINB EČUACINB Bratovi ukáže iba výsledok a on má uhádnuť pôvodné slovo. Pri tvorbe jednej z nasledujúcich hádaniek sa Mirka pomýlila. Pri ktorej?,A. LORTSUBJE|B. SDERPADE|C. LKTENIRA|D. JEREVSON,D,V možnosti by malo vychádzať slovo verejnosť. Posledné písmeno – Ť však chýba.,M2,T3,VJS,bank,sk,true,3_VSJP8_Text_X4_Exam-bnkq6k.pdf,3_VSJP8_Test_X4_Exam_Riesenie-ixnmlr.pdf,6
bank-t3-06-ea4b11de86,"Štyri čerpadlá s rovnakým výkonom naplnia nádrž za 40 hodín. Koľko čerpadiel by sme museli použiť, keby sme chceli ušetriť 20 % času?",A. 10|B. 5|C. 8|D. 16,B,"Chceme ušetriť 20 % času (8 hodín), čiže nový čas čerpania bude 32 hodín. Ide o nepriamu úmeru – čím viac čerpadiel, tým menej času trvá naplniť nádrž. Ak 4 čerpadlá naplnia nádrž za 40 hodín, jednému by to trvalo 160 hodín (4 x 40). Avšak, ak chceme nádrž naplniť za 32 hodín, bude potrebných 160/32, teda 5 čerpadiel.",M2,T3,VSP,bank,sk,true,VSJP8_Mudre-predplatne_3_Ulohy-2cvhxh.pdf,VSJP8_Mudre-predplatne_3_Riesenia-hmvek4.pdf,6
bank-cielene-b1-t3-07-2161c1ac82,"Písmenám boli priradené čísla podľa istého princípu: B → 1, A → 2, M → 1, K → 2, R → 1 Ktoré z nasledujúcich písmen je zaradené do nesprávnej skupiny?",A. Z → 1|B. L → 1|C. V → 1|D. T → 2,D,T → 2,M2,T3,VSP,bank,sk,true,VSJP8_Test_Cielene_B.1-lps2ko.pdf,VSJP8_Test_Cielene_B.1_Riesenie-oc39x3.pdf,7
bank-exam-x4-t3-07-8a5322027e,"V ktorom z uvedených slov možno nahradiť otázniky písmenami (1 otáznik = 1 písmeno) tak, aby vzniklo slovo (v nominatíve singuláru) označujúce domáci spotrebič?",A. ??VOV???|B. ???ROV???|C. ???STO???|D. ???LIČ???,C,Toastovač,M2,T3,VJS,bank,sk,true,3_VSJP8_Text_X4_Exam-bnkq6k.pdf,3_VSJP8_Test_X4_Exam_Riesenie-ixnmlr.pdf,7
bank-t3-07-06e1699ac2,"Jediný dospelý buk vyprodukuje za hodinu 1,7 kg kyslíka, čo je spotreba troch dospelých ľudí za deň. Koľko dospelých bukov vyprodukuje spolu za hodinu množstvo kyslíka potrebné pre 600 ľudí na deň?",A. 200|B. 1800|C. 340|D. 3060,A,"Jeden buk vyprodukuje za hodinu dennú spotrebu troch ľudí. Zisťujeme, koľko bukov je potrebných na vyprodukovanie kyslíka pre 600 ľudí. Počet ľudí sa vynásobil 200 (z 3 na 600), čo znamená, že aj počet bukov vzrastie rovnakým spôsobom. 600 ľudí/3 ľudia na jeden buk = 200 bukov.",M2,T3,VSP,bank,sk,true,VSJP8_Mudre-predplatne_3_Ulohy-2cvhxh.pdf,VSJP8_Mudre-predplatne_3_Riesenia-hmvek4.pdf,7
bank-exam-x4-t3-08-ce45328da3,"V ktorej vete možno v oboch zvýraznených slovách zmeniť poradie písmen tak, aby vznikli spisovné a správne napísané slová, ktoré sa významovo aj gramaticky hodia do vety?",A. Niektoré cesty na severe NSVESOKL sú kvôli snehovej MATKIELA nepriechodné|B. Čínska NOSAD pristála na TEVÁRNOJDE strane Mesiaca|C. Kniha trojnásobného TJASMART sveta Sagana zaujme fanúšikov SYKICYTLIK|D. LENOFENIATOV za volantom štvornásobne zvyšuje riziko ONYATODUHE,B,"Sonda, odvrátenej",M2,T3,VJS,bank,sk,true,3_VSJP8_Text_X4_Exam-bnkq6k.pdf,3_VSJP8_Test_X4_Exam_Riesenie-ixnmlr.pdf,8
bank-t3-08-f795db6998,"V zábavnom parku sa nachádza pokladnica, v ktorej si návštevníci môžu vymieňať kartičky. 1 kartička s hercom má hodnotu 2 kartičiek so športovcom. 2 kartičky s hercom majú hodnotu 3 kartičiek s panovníkom. Mirka by chcela vymeniť 1 kartičku s hercom a 6 kartičiek s panovníkom za kartičky so športovcom. Koľko kartičiek so športovcom by získala?",A. 15|B. 10|C. 2|D. 12,B,"I herec = 2 športovci. 2 herci = 3 panovníci -> 4 športovci = 3 panovníci (dosadili sme z prvej rovnice) . Tým pádom ak vymení herca, získa 2 športovcov. Ak vymení 6 panovníkov, získa 8 športovcov. Spolu získa 2 + 8 = 10 športovcov.",M2,T3,VSP,bank,sk,true,VSJP8_Mudre-predplatne_3_Ulohy-2cvhxh.pdf,VSJP8_Mudre-predplatne_3_Riesenia-hmvek4.pdf,8
bank-cielene-b1-t3-09-20654610ce,"Slovné spojenie márna snaha má rovnaký rytmus ako spojenie slávna kniha, ale odlišný rytmus ako spojenie verný priateľ. Ktoré z uvedených spojení má iný rytmus ako spojenie nová výzva?",A. mletá káva|B. zlatá krava|C. stará váha|D. jasná spása,D,"jasná spása A, C, D – štruktúra KDDK hláska, B má KDKK",M2,T3,VSP,bank,sk,true,VSJP8_Test_Cielene_B.1-lps2ko.pdf,VSJP8_Test_Cielene_B.1_Riesenie-oc39x3.pdf,9
bank-exam-x4-t3-09-551cec64bb,"V akom jazyku je napísaný nasledujúci text? Olipa kerran kolme pikkuruista lasta, Kielo, Vuokko ja Ruusu. He matkasivat taivaan halki joutsenen. Joutsen lensi kohti Lintukotoa, Joka sijaitsi horisontin takana. Siellä oli lasten uusi koti.",A. v írskom|B. vo fínskom|C. v tureckom|D. v holandskom,B,Správna odpoveď: B.,M2,T3,VJS,bank,sk,true,3_VSJP8_Text_X4_Exam-bnkq6k.pdf,3_VSJP8_Test_X4_Exam_Riesenie-ixnmlr.pdf,9
bank-t3-09-b105c8eeed,"Ktorú z nasledujúcich možností je nutné dosadiť za symbol @ v nasledujúcom vzťahu, aby platila uvedená rovnosť @3+7):5=1?",A. (25 -1|B. (3*4|C. (2 -4*|D. (4 -2*,D,dosadíme jednotlivé možnosti za @ v rovnici. (4 –2*3+7):5=1. (4 –6+7):5 = 1. (–2+7):5 = 1. 5:5 = 1.,M2,T3,VSP,bank,sk,true,VSJP8_Mudre-predplatne_3_Ulohy-2cvhxh.pdf,VSJP8_Mudre-predplatne_3_Riesenia-hmvek4.pdf,9
bank-cielene-b1-t3-10-ea808b3fc2,Zo štyroch slov sme vynechali všetky samohlásky. V troch prípadoch išlo o tú istú trojicu samohlások. Z ktorého slova sme vynechali inú trojicu samohlások ako zo zvyšných troch?,A. LVC|B. PLC|C. DC|D. CHLDNČK,D,CHLDNČK A – I – A Lavica – palica – udica – chladnička,M2,T3,VSP,bank,sk,true,VSJP8_Test_Cielene_B.1-lps2ko.pdf,VSJP8_Test_Cielene_B.1_Riesenie-oc39x3.pdf,10
bank-exam-x4-t3-10-8eda15e4b4,"Najskôr zistite, ako má znieť otázka a potom zvoľte správnu odpoveď. Koľko d●●●●v má t●●●●●●a?",A. 7|B. 5|C. 3|D. 1,C,"Dielov, trilógia",M2,T3,VJS,bank,sk,true,3_VSJP8_Text_X4_Exam-bnkq6k.pdf,3_VSJP8_Test_X4_Exam_Riesenie-ixnmlr.pdf,10
bank-t3-10-4c18225df3,"V pekárni pracuje 27 pekárov, ktorí stíhajú napiecť obrovské torty za 12 dní. V dôsledku školenia do práce prišlo 9 pekárov. Koľko dní budú musieť piecť obrovskú tortu?",A. 4|B. 12|C. 24|D. 36,D,"27 pekári by torty upiekli za 12 dní, tým pádom jeden pekár za 27 x 12 = 324 dní. Vieme, že do práce prišlo 9 pekárov, ktorým to bude trvať deväťkrát menej ako jednému, teda 324:9=36. Zároveň si môžeme všimnúť, že do práce prišla len tretina zamestnanc ov (9 z 27), tým pádom bude pečenie trvať trikrát toľko, čiže 12x3= 36.",M2,T3,VSP,bank,sk,true,VSJP8_Mudre-predplatne_3_Ulohy-2cvhxh.pdf,VSJP8_Mudre-predplatne_3_Riesenia-hmvek4.pdf,10
bank-cielene-b1-t3-11-7c65a462e5,"Vyber, v ktorej možnosti je správne vysvetlený význam historizmov bukréta a purpur.","A. kytica, sýtočervená farba|B. púčik, profesionálne mydlo|C. žena s nižším intelektom, antracit|D. Rumunka, vonná zmes",D,"Rumunka, vonná zmes",M2,T3,VSP,bank,sk,true,VSJP8_Test_Cielene_B.1-lps2ko.pdf,VSJP8_Test_Cielene_B.1_Riesenie-oc39x3.pdf,11
bank-t3-11-558999c530,"Doplň postupnosť: 7, 9, 18, 20, 40, 42, 84, ...",A. 86|B. 168|C. 170|D. 172,A,"Postupnosť sa zvyšuje + 2, x 2, + 2, x 2...",M2,T3,VSP,bank,sk,true,VSJP8_Mudre-predplatne_3_Ulohy-2cvhxh.pdf,VSJP8_Mudre-predplatne_3_Riesenia-hmvek4.pdf,11
bank-cielene-b1-t3-12-3d06c30158,"Ktorú možnosť treba doplniť na vynechané miesta, aby vznikol zmysluplný text? Salzburg je štvrté najväčšie mesto v ............. . Leží na rieke Salzach na úpätí Salzburských Álp. Je známe jedinečným historickým ................ s pamiatkami zo 17.-18. storočia. Staré mesto (historické mestské jadro) bolo v roku 1996 zapísané do Zoznamu svetového dedičstva .............. . Rieka Salzach preteká mestom a formuje nezastavané mestské kopce, čím zo Salzburgu robí jedno z najzelenších veľkomiest Európy. Nad mestom tróni najväčší úplne zachovalý stredoveký hrad v Európe. V meste sa narodil v roku 1756 velikán svetovej hudby Wolfgang .................. Mozart. (Zdroj: Wikipédia)",A. Rakúsku/prístavom/UNESCO/Josephus|B. Nemecku/mostom/FAO/Amadeus|C. Rakúsku/centrom/UNESCO/Amadeus|D. Sasku/orlojom/EÚ/Titus,D,Sasku/orlojom/EÚ/Titus,M2,T3,VSP,bank,sk,true,VSJP8_Test_Cielene_B.1-lps2ko.pdf,VSJP8_Test_Cielene_B.1_Riesenie-oc39x3.pdf,12
bank-t3-12-9c67141083,Súčet siedmich po sebe nasledujúcich nepárnych čísel je 7. Aké je najväčšie z týchto čísel?,A. 11|B. 7|C. 5|D. 13,B,"Postupnosť ide od -5, teda: -5 -3 -1 +1 +3 +5 +7 .",M2,T3,VSP,bank,sk,true,VSJP8_Mudre-predplatne_3_Ulohy-2cvhxh.pdf,VSJP8_Mudre-predplatne_3_Riesenia-hmvek4.pdf,12
bank-cielene-b1-t3-13-2d4886d824,Graf znázorňuje podiel operovaných jedincov v jednodňovej zdravotnej starostlivosti podľa špecializačného odboru v roku 2018 vo vekovej skupine obyvateľov SR starších ako 19 rokov (Zdroj: Zdravotnícka ročenka SR 2018). Ktoré tvrdenia vyplývajú z grafu?,A. V odbore urológia bolo menej operovaných ako v odbore otorinolaryngológia|B. Podiel operovaných v odboroch oftalmológia a gynekológia a pôrodníctvo tvoril viac ako 60 % zo všetkých operovaných|C. Chirurgia a ortopédia a traumatológia mali približne štvrtinový podiel na všetkých operovaných|D. Najmenej operovaných bolo v odbore plastická chirurgia,D,Najmenej operovaných bolo v odbore plastická chirurgia.,M2,T3,VSP,bank,sk,true,VSJP8_Test_Cielene_B.1-lps2ko.pdf,VSJP8_Test_Cielene_B.1_Riesenie-oc39x3.pdf,13
bank-t3-13-55221d8e15,"Doplň postupnosť: 5, 8, 14, 26, 50, ...",A. 66|B. 78|C. 118|D. 98,D,"Postupnosť stúpa o 3, 6, 12, 24, čiže nasleduje 48. 50 + 48 = 98 .",M2,T3,VSP,bank,sk,true,VSJP8_Mudre-predplatne_3_Ulohy-2cvhxh.pdf,VSJP8_Mudre-predplatne_3_Riesenia-hmvek4.pdf,13
bank-cielene-b1-t3-14-1d7838082c,"Vyber možnosť, v ktorej sú správne uvedená synonymá k slovám črieda, klíma a núdza.","A. stádo, podnebie, psota|B. stádo, oblačnosť, bieda|C. náčrt, podnebie, chudoba|D. krčma, termovízia, nedostatok",D,"krčma, termovízia, nedostatok",M2,T3,VSP,bank,sk,true,VSJP8_Test_Cielene_B.1-lps2ko.pdf,VSJP8_Test_Cielene_B.1_Riesenie-oc39x3.pdf,14
bank-t3-14-ed4e559135,"Odhaľ, čo v postupnosti chýba, doplň chýbajúci údaj a porovnaj hodnoty dvoch stĺpcov. Stĺpec A Stĺpec B 5 + 3 + 6 + 4 + + 5 6 + 3 + 9 + 4,5 + + 6,75",A. Stĺpec B má väčšiu hodnotu než stĺpec A|B. Stĺpec A má väčšiu alebo rovnú hodnotu stĺpcu B|C. Stĺpec B má menšiu hodnotu než stĺpec A|D. Nie je možné vypočítať hodnoty stĺpca B,A,"Stĺpec A má postupnosť: – 2 + 3 – 2 + 3...čiže zakryté číslo je 7 . Stĺpec B má postupnosť :2 x3 :2 x3, čiže zakryté je číslo 13,5 . Po sčítaní oboch strán zistíme, že stĺpec B má vyššie hodnoty .",M2,T3,VSP,bank,sk,true,VSJP8_Mudre-predplatne_3_Ulohy-2cvhxh.pdf,VSJP8_Mudre-predplatne_3_Riesenia-hmvek4.pdf,14
bank-t3-15-e2ca6dd8ef,Doplň nasledujúcu postupnosť: erk – enu – em – ars – ....,A. ali|B. tris|C. dli|D. upi,D,"Sú to 2. až 4. písmeno z názvov planét : Merkúr, Venuša, Zem, Mars a jUPIter .",M2,T3,VSP,bank,sk,true,VSJP8_Mudre-predplatne_3_Ulohy-2cvhxh.pdf,VSJP8_Mudre-predplatne_3_Riesenia-hmvek4.pdf,15
bank-cielene-b1-t3-16-63fe825ba4,Ktorú skupinu slov je možné usporiadať do zmysluplnej vety?,A. Je Nitra Bratislavy vzdialená od približne mesta km východne hlavného|B. Trenčiansky oblasť obchodné spájajúce strážila stredomorskú s Pobaltím cesti hrad|C. Na štvrtým obyvateľov je Žilina Slovensku štvrtým najväčším mestom Slovensku počtom na|D. Okresné je mesto severovýchodnom Slovensku na Levoča,D,Okresné je mesto severovýchodnom Slovensku na Levoča. Nitra je vzdialená približne (90) km východne od hlavného mesta Bratislavy. Trenčiansky hrad strážil(a) obchodné cest(i)y spájajúce stredomorskú oblasť s Pobaltím. Počtom obyvateľov je Žilina štvrtým (štvrtým) najväčším mestom na Slovensku. Levoča je okresné mesto na severovýchodnom Slovensku.,M2,T3,VSP,bank,sk,true,VSJP8_Test_Cielene_B.1-lps2ko.pdf,VSJP8_Test_Cielene_B.1_Riesenie-oc39x3.pdf,16
bank-t3-16-0dc98772cd,Doplň postupnosť: a23d5 6g8...,A. j5k9 m1112|B. h5j10kl11|C. 9j1112m1 4|D. h910mn13,C,"menujeme písmená abecedy, pričom vždy vymenujeme jedno písmeno a ďalšie dve nahradíme čísl om , ktor é označuje ich poradie v abecede (teda napr. namiesto b napíšeme 2) . Nasleduj ú 9 j 11 12 m 14.",M2,T3,VSP,bank,sk,true,VSJP8_Mudre-predplatne_3_Ulohy-2cvhxh.pdf,VSJP8_Mudre-predplatne_3_Riesenia-hmvek4.pdf,16
bank-cielene-b1-t3-17-2c6d47dfef,"Tri z uvedených športov spája istá logická súvislosť. Urči, ktorý šport nepatrí do tejto skupiny.",A. futbal|B. ľadový hokej|C. basketbal|D. hádzaná,B,"hádzaná Loptové hry, ľadový hokej sa hrá s pukom",M2,T3,VSP,bank,sk,true,VSJP8_Test_Cielene_B.1-lps2ko.pdf,VSJP8_Test_Cielene_B.1_Riesenie-oc39x3.pdf,17
bank-t3-17-45c4d172ee,"Nasledujúca postupnosť je vytvorená podľa určitého logického princípu: 2, 4, 1, 3, 0, 2, -1, 1 … Čo by v nej mohlo nasledovať?",A. -3|B. -2|C. 2|D. 3,B,"postupnosť je +2, –3, +2, –3...",M2,T3,VSP,bank,sk,true,VSJP8_Mudre-predplatne_3_Ulohy-2cvhxh.pdf,VSJP8_Mudre-predplatne_3_Riesenia-hmvek4.pdf,17
bank-cielene-b1-t3-18-c9a7a71a35,V ktorej možnosti je správne vysvetlený význam slov renovovaný a renomovaný?,"A. znovunájdený, uznávaný|B. reprezentatívny, premenovaný|C. obnovený, premenovaný|D. opravený, uznávaný",D,"opravený, uznávaný",M2,T3,VSP,bank,sk,true,VSJP8_Test_Cielene_B.1-lps2ko.pdf,VSJP8_Test_Cielene_B.1_Riesenie-oc39x3.pdf,18
bank-t3-18-ddea328c73,"Nasledujúca postupnosť je vytvorená podľa určitého logického princípu. Čo by v nej mohlo nasledovať? 6, 13, 25, 51, 101, …",A. 201|B. 251|C. 203|D. 361,C,"postupnosť je x2 + 1, x2 – 1, x2 + 1, x2 – 1...čiže 101 x 2 = 202; 202 + 1 = 203.",M2,T3,VSP,bank,sk,true,VSJP8_Mudre-predplatne_3_Ulohy-2cvhxh.pdf,VSJP8_Mudre-predplatne_3_Riesenia-hmvek4.pdf,18
bank-t3-19-41169e8f56,"Nasledujúca postupnosť je vytvorená podľa určitého logického princípu: me, ve, ze, ma, ju, sa, ur,... Čo by v nej mohlo nasledovať?",A. ja|B. va|C. ne|D. pl,C,prvé dve písmená planét slnečnej sústavy,M2,T3,VSP,bank,sk,true,VSJP8_Mudre-predplatne_3_Ulohy-2cvhxh.pdf,VSJP8_Mudre-predplatne_3_Riesenia-hmvek4.pdf,19
bank-cielene-b1-t3-20-4c728d285b,Nájdi slovenský preklad českého slová líný.,A. líniový|B. lenivý|C. lineárny|D. linkový,D,linkový,M2,T3,VSP,bank,sk,true,VSJP8_Test_Cielene_B.1-lps2ko.pdf,VSJP8_Test_Cielene_B.1_Riesenie-oc39x3.pdf,20
bank-t3-20-b31ed82199,"Nasledujúca postupnosť je vytvorená podľa určitého logického princípu: an6, eb7, ar5, pr5, áj3, ún3, úl3,... Čo by v nej mohlo nasledovať?",A. eg4|B. ej6|C. uj4|D. ug6,D,"mesiace v roku (druhé a tretie písmeno konkrétneho mesiaca) + počet písmen v danom slove, nasleduje teda a ug ust, ktorý má 6 písmen",M2,T3,VSP,bank,sk,true,VSJP8_Mudre-predplatne_3_Ulohy-2cvhxh.pdf,VSJP8_Mudre-predplatne_3_Riesenia-hmvek4.pdf,20
bank-cielene-b1-t3-23-c58460b4d1,"Názor, že stredom vesmíru nie je nehybná Zem, ale Slnko, vznikol už v starovekom Grécku a najdokonalejšie ho prepracoval Aristarchos zo Samu. Takýto názor na svet sa však vtedy ešte nepresadil. Pohyb Zeme sa zdal protizmyselný a protirečiaci vtedajšej Aristotelovskej fyzike. Ako sa nazýva teória tvrdiaca, že Slnko je stredom vesmíru a Slnečnej sústavy? Je protikladom geocentrizmu.",A. antigenocentrizmus|B. antigona|C. heliocentrizmus|D. solárne centrum,D,solárne centrum,M2,T3,VSP,bank,sk,true,VSJP8_Test_Cielene_B.1-lps2ko.pdf,VSJP8_Test_Cielene_B.1_Riesenie-oc39x3.pdf,23
bank-cielene-b1-t3-24-79e6ee5c55,"Bavíme sa o vnútrozemskom štáte v strednej Európe, ktorý je členským štátom Európskej únie a NATO. Má rozlohu približne 50 000 km² a žije tu 5-6 miliónov obyvateľov. Krajina je prevažne hornatá, pretože väčšinu povrchu zaberajú vysočiny. Zo severu sem z mohutného oblúka zasahujú Karpaty, na juhu sa rozprestiera Panónska panva. Historický názov hlavného mesta je Prešporok. Od polovice 10. do konca 11. storočia sa územie postupne začlenilo do Uhorska, ktoré sa v roku 1526 stalo súčasťou habsburskej monarchie, od roku 1867 nazývanej Rakúsko-Uhorsko. 1. januára 1993 vznikla samostatná republika. Od 1. mája 2004 členom Európskej únie, od 21. decembra 2007 je členom Schengenského priestoru. Od 1. januára 2009 je 16. členom Eurozóny. Tento štát je parlamentná demokracia, presnejšie parlamentno-prezidentská republika. O ktorom štáte vypovedá uvedený text?",A. Slovensko|B. Taliansko|C. Chorvátsko|D. Rakúsko,D,Rakúsko,M2,T3,VSP,bank,sk,true,VSJP8_Test_Cielene_B.1-lps2ko.pdf,VSJP8_Test_Cielene_B.1_Riesenie-oc39x3.pdf,24
bank-cielene-b1-t3-25-8ee5b530f8,"Otázka sa týka predchádzajúceho textu: Ako často sa v tejto krajine konajú prezidentské a parlamentné voľby? Prvý uvedený údaj je pre prezidentské, druhý pre parlamentné voľby.",A. 4 a 5|B. 4 a 4|C. 5 a 5|D. 5 a 4,A,5 a 4,M2,T3,VSP,bank,sk,true,VSJP8_Test_Cielene_B.1-lps2ko.pdf,VSJP8_Test_Cielene_B.1_Riesenie-oc39x3.pdf,25
bank-cielene-b1-t3-26-8048b0c73f,Doplň vhodné pokračovanie frazeologizmu: Muzikanti mi vyhrávajú v bruchu...,A. teraz sa mi páči Miška z 9.C|B. najradšej by som si dal guláš|C. dnes počúvam v rádiu samé šlágre|D. nikdy som nevedel tancovať,D,nikdy som nevedel tancovať.,M2,T3,VSP,bank,sk,true,VSJP8_Test_Cielene_B.1-lps2ko.pdf,VSJP8_Test_Cielene_B.1_Riesenie-oc39x3.pdf,26
bank-cielene-b1-t3-27-e7acbf5574,"Aj keď pravdepodobne neovládaš poľský jazyk, pokús sa určiť, čo znamená príslovie: Gość w dom - Bóg w dom.",A. Kosiť v dome – Bývať v dome|B. Groše vo vrecku – Radosť vo vrecku|C. Duch v kostole – Boh v kostole|D. Hosť do domu – Boh do domu,D,Hosť do domu – Boh do domu.,M2,T3,VSP,bank,sk,true,VSJP8_Test_Cielene_B.1-lps2ko.pdf,VSJP8_Test_Cielene_B.1_Riesenie-oc39x3.pdf,27
bank-cielene-b1-t3-29-063571a745,"Označ možnosť, ktorá nie je veda.",A. astrológia|B. psychológia|C. etnológia|D. história,D,história,M2,T3,VSP,bank,sk,true,VSJP8_Test_Cielene_B.1-lps2ko.pdf,VSJP8_Test_Cielene_B.1_Riesenie-oc39x3.pdf,29
bank-cielene-b1-t3-30-f884e354a6,"Urči synonymum a antonymum podčiarknutého slova: Vrhla na matku prísny pohľad, ale keď zazrela potmehúdsky pohľad na jej tvári, musela sa usmiať.",A. prekvapený - triezvy|B. šibalský - vážny|C. tajuplný - vyčítavý|D. smiešny - zvedavý,D,smiešny - zvedavý,M2,T3,VSP,bank,sk,true,VSJP8_Test_Cielene_B.1-lps2ko.pdf,VSJP8_Test_Cielene_B.1_Riesenie-oc39x3.pdf,30
bank-cielene-b1-t3-31-58a7a3ae59,Urči pravdivý údaj vyplývajúci z nasledujúcej tabuľky.,"A. Hodnota vľavo je väčšia než hodnota vpravo|B. Hodnota vpravo je väčšia než hodnota vľavo|C. Hodnota vpravo je rovnaká ako hodnota vľavo|D. Nie je možné jednoznačne určiť, ktorá hodnota je väčšia",D,"Nie je možné jednoznačne určiť, ktorá hodnota je väčšia.",M2,T3,VSP,bank,sk,true,VSJP8_Test_Cielene_B.1-lps2ko.pdf,VSJP8_Test_Cielene_B.1_Riesenie-oc39x3.pdf,31
bank-cielene-b1-t3-32-24940e9dff,Ošetrovateľ Matúš učeše ťavu za 40 minút. Jeho pomocníkovi Miškovi to trvá 2 hodiny. Za aký čas učešú Matúš s Miškom štyri ťavy?,A. 1 hod. 20 min|B. 4 hodiny|C. 2 hodiny|D. 60 minút,C,60 minút Za 2 hodiny Matúš učeše 3 ťavy (3 x 40 minút = 120 minút) a Miško práve 1. Spolu učešú 4 ťavy.,M2,T3,VSP,bank,sk,true,VSJP8_Test_Cielene_B.1-lps2ko.pdf,VSJP8_Test_Cielene_B.1_Riesenie-oc39x3.pdf,32
bank-cielene-b1-t3-33-68432fa7de,"Slová sme podľa určitého princípu rozdelili do dvoch skupín: 1. skupina: balalaika, ukulele, drumbľa, kastanety... 2. skupina: griláž, tiramisu, dobos, profiteroles... Ktoré z nasledujúcich slov sme zaradili do správnej skupiny?",A. vuvuzela - 2. skupina|B. atašé - 2. skupina|C. trubka - 1. skupina|D. tiramisu - 1. skupina,D,tiramisu - 1. skupina,M2,T3,VSP,bank,sk,true,VSJP8_Test_Cielene_B.1-lps2ko.pdf,VSJP8_Test_Cielene_B.1_Riesenie-oc39x3.pdf,33
bank-cielene-b1-t3-34-0f291c9f95,Čo znamená skratka UV?,A. uranium vitae|B. ukončil vzdelanie|C. universe-velocity|D. ultraviolet,D,"Ultraviolet 20% z 0,001 0,02 500",M2,T3,VSP,bank,sk,true,VSJP8_Test_Cielene_B.1-lps2ko.pdf,VSJP8_Test_Cielene_B.1_Riesenie-oc39x3.pdf,34
bank-cielene-b1-t3-35-c1a4a61041,"Aké je železo, keď je skorodované?","A. hrdzavé|B. tvárne|C. kujné|D. zmagnetizované 20% z 0,001 0,02 500",D,zmagnetizované,M2,T3,VSP,bank,sk,true,VSJP8_Test_Cielene_B.1-lps2ko.pdf,VSJP8_Test_Cielene_B.1_Riesenie-oc39x3.pdf,35
bank-cielene-b1-t3-36-ded5762046,Pospájaj české výrazy s ich slovenskými ekvivalentmi.,A. bačkora|B. rampouch|C. tváře|D. drůbež,D,"drůbež d. papuča Ad, Bc, Ca, Db",M2,T3,VSP,bank,sk,true,VSJP8_Test_Cielene_B.1-lps2ko.pdf,VSJP8_Test_Cielene_B.1_Riesenie-oc39x3.pdf,36
bank-cielene-b1-t3-37-ae68ce83b1,"Otáčacie dvere sa skladajú z troch krídel, ktoré rotujú v priestore v tvare kruhu. Vnútorný priemer tohto priestoru je 2 metre (200 centimetrov). Tri dverové krídla rozdeľujú priestor na tri rovnaké sektory takto: Aká je veľkosť uhla v stupňoch, ktorý zvierajú dve dverové krídla?",A. 120°|B. 90°|C. 180°|D. 45°,D,45° 360°/3 = 120°,M2,T3,VSP,bank,sk,true,VSJP8_Test_Cielene_B.1-lps2ko.pdf,VSJP8_Test_Cielene_B.1_Riesenie-oc39x3.pdf,37
bank-cielene-b1-t3-38-1ef08c091d,"Označ vetu, ktorá nie je napísaná slovanským jazykom.","A. W naszym domu mówią o mnie łebski Franek|B. A nevem Miro, és egy nagyvárosból származom|C. Takav pristup građi vježbenice olakšava savladavanje obilježja i specifičnosti hrvatskoga jezika|D. V začetku leta 2011 je Wikipedijo urejalo približno 200 uporabnikov s po več kot 5 in približno 20 s po več kot 100 urejanj člankov na mesec",D,V začetku leta 2011 je Wikipedijo urejalo približno 200 uporabnikov s po več kot 5 in približno 20 s po več kot 100 urejanj člankov na mesec.,M2,T3,VSP,bank,sk,true,VSJP8_Test_Cielene_B.1-lps2ko.pdf,VSJP8_Test_Cielene_B.1_Riesenie-oc39x3.pdf,38
bank-cielene-b1-t3-39-85b55d1c8e,Janka šifruje slová pre svoju mladšiu sestru Alžbetku. Takto zašifrovala slovo pohár – qnizs. Akým spôsobom Janka zašifruje slovo gaštan?,A. hztsbm|B. hbtubo|C. fzrszm|D. qazdqm,D,"qazdqm Jedno písmeno doprava a potom jedno písmeno doľava – g / h, a / z, š / t...",M2,T3,VSP,bank,sk,true,VSJP8_Test_Cielene_B.1-lps2ko.pdf,VSJP8_Test_Cielene_B.1_Riesenie-oc39x3.pdf,39
bank-cielene-b1-t3-40-c37d560efe,Vyber slovenský ekvivalent k anglickému frazeologizmu When pigs fly.,A. Nemá všetkých pokope|B. Keď budú padať traktory|C. Keď padne z blata do kaluže|D. Spraví dieru do sveta SKVELÁ PRÁCA! NEZABUDNI SI TEST SKONTROLOVAŤ,D,Spraví dieru do sveta,M2,T3,VSP,bank,sk,true,VSJP8_Test_Cielene_B.1-lps2ko.pdf,VSJP8_Test_Cielene_B.1_Riesenie-oc39x3.pdf,40
bank-cielene-b2-t4-01-a516c912f9,Porovnaj hodnoty výrazov vľavo a vpravo a zvoľ správnu odpoveď. 12 . 45 . 72 5 . 46 . 16 . 7,"A. Hodnota vľavo je väčšia než hodnota vpravo|B. Hodnota vpravo je väčšia než hodnota vľavo|C. Hodnota vpravo je rovnaká ako hodnota vľavo|D. Nie je možné jednoznačne určiť, ktorá hodnota je väčšia",D,"Nie je možné jednoznačne určiť, ktorá hodnota je väčšia. Vynásobíme jednotlové výrazy, príp.sa dá aj odhadom. Dôležité je sledovať veľkosť čísel: 38 880 je väčšie ako 25 760.",M2,T4,VSP,bank,sk,true,VSJP8_Test_Cielene_B.2-tt9mn9.pdf,VSJP8_Test_Cielene_B.2_Riesenie-kfodbr.pdf,1
bank-t4-01-9518748eea,K trom zo štyroch možností možno pridať rovnakú predponu. Pri ktorom z uvedených slov pôjde o inú predponu ako pri ostatných troch?,A. -gamia|B. -kel|C. -variát|D. -pol,C,Slovo MONOvariát neexistuje.,M2,T4,VJS,bank,sk,true,VSJP8_Mudre-predplatne_4_Ulohy-lv0avh.pdf,VSJP8_Mudre-predplatne_4_Riesenia-wetyfq.pdf,1
bank-cielene-b2-t4-02-cdb97b91fe,"Adam (A) je o polovicu mladší než jeho mama (M), zároveň je o päť rokov starší než jeho brat (B). Označ možnosť, v ktorej rovnice vyjadrujú tento vzťah.",A. A = M/2; B = A+5|B. M = A – ½; A = B+5|C. A = ½ M; B = A - 5|D. M =,A,"M = A.2; B = ½A Adam = ½ veku Mamy (jedna polovica v zlomku) Adam = Brat + 5, čiže Brat = Adam - 5",M2,T4,VSP,bank,sk,true,VSJP8_Test_Cielene_B.2-tt9mn9.pdf,VSJP8_Test_Cielene_B.2_Riesenie-kfodbr.pdf,2
bank-t4-02-e9655e4565,V ktorej z nasledujúcich možností nie je možné pridaním predpony dys - vytvoriť zmysluplné slovo?,A. -lexia|B. -funkcia|C. -grafia|D. -kvalifikácia,D,Diskvalifikácia,M2,T4,VJS,bank,sk,true,VSJP8_Mudre-predplatne_4_Ulohy-lv0avh.pdf,VSJP8_Mudre-predplatne_4_Riesenia-wetyfq.pdf,2
bank-cielene-b2-t4-03-087a26b07b,"Nasledujúca postupnosť je utvorená podľa istého logického princípu. Označ možnosť s číslom, ktoré v postupnosti nasleduje. 23, 19, 24, 18, 25, 17 …",A. 26|B. 23|C. 14|D. 16,D,"16 23 -4, +5, -6, +7, -8, +9 = 26",M2,T4,VSP,bank,sk,true,VSJP8_Test_Cielene_B.2-tt9mn9.pdf,VSJP8_Test_Cielene_B.2_Riesenie-kfodbr.pdf,3
bank-t4-03-567a35aea9,Ktoré z uvedených slov neobsahuje predponu kontra -?,A. kontraindikácia|B. kontrabas|C. kontrakt|D. kontraproduktivita,C,"V tomto prípade sa nejedná o predponu, slovo ‚kt‘ bez ‚kontra‘ neexistuje a nie je slovotvorným základom .",M2,T4,VJS,bank,sk,true,VSJP8_Mudre-predplatne_4_Ulohy-lv0avh.pdf,VSJP8_Mudre-predplatne_4_Riesenia-wetyfq.pdf,3
bank-cielene-b2-t4-04-1fe213076c,"Pred cukrárňou čaká 7 trojčlenných rodín. Najmenej koľko osôb musí vojsť do cukrárne, aby sme mohli s istotou povedať, že aspoň jedna rodina je celá v cukrárni? (Bez toho, aby sme osoby videli.)","A. 20|B. 15|C. Aby sme si boli istí, musia vojsť všetci|D. 8",D,"8 2x7 + 1 = 14 + 1 = 15 Predstavme si trojčlennú rodinu (mama, otec, dieťa) sedemkrát (7x mama, 7x otec, 7x dieťa) Keby bolo v reštaurácii 14 ľudí, mohli by to byť iba rodičia (7x mama a 7x otec) preto pripočítame ešte 1 človeka (dieťa), aby aspoň jedna rodina bola určite celá.",M2,T4,VSP,bank,sk,true,VSJP8_Test_Cielene_B.2-tt9mn9.pdf,VSJP8_Test_Cielene_B.2_Riesenie-kfodbr.pdf,4
bank-t4-04-63b5318e7e,"V ktorej z možností je nesprávne použitá 4 predpona ,,vice’’?",A. vicemiss|B. viceosoba|C. viceprezident|D. vicemajster,B,"predpona vice - sa používa na označenie zástupcu, náhradníka alebo druhého v poradí",M2,T4,VJS,bank,sk,true,VSJP8_Mudre-predplatne_4_Ulohy-lv0avh.pdf,VSJP8_Mudre-predplatne_4_Riesenia-wetyfq.pdf,4
bank-cielene-b2-t4-05-c732dce93c,"Silvia má 8 bratrancov a 3 sesternice, jeden z jej rodičov je jedináčik. Z uvedeného určite vyplýva, že:",A. Silviina mama má aspoň dve sestry|B. Jeden zo Silviiných rodičov má aspoň dvoch súrodencov|C. Jeden zo Silviiných rodičov má aspoň jedného súrodenca|D. Silviin otec je jedináčik,D,"Silviin otec je jedináčik. Aby mala Silvia bratrancov a sesternice (nezáleží koľko), aspoň jeden z jej rodičov musí mať aspoň jedného súrodenca (Silviina teta alebo ujo má deti – to sú Silviini bratranci a sesternice.)",M2,T4,VSP,bank,sk,true,VSJP8_Test_Cielene_B.2-tt9mn9.pdf,VSJP8_Test_Cielene_B.2_Riesenie-kfodbr.pdf,5
bank-t4-05-003d25ca8f,K trom zo štyroch možností možno pridať rovnakú predponu. Pri ktorom slove pôjde o inú predponu ako pri ostatných troch?,A. -punkcia|B. -vencia|C. -lepsia|D. -kontinentálny,C,"epilepsia, v ostatných predpona inter -",M2,T4,VJS,bank,sk,true,VSJP8_Mudre-predplatne_4_Ulohy-lv0avh.pdf,VSJP8_Mudre-predplatne_4_Riesenia-wetyfq.pdf,5
bank-cielene-b2-t4-06-cfd32a0489,"Jurajov triedny učiteľ na rodičovskom združení povedal: ,,Váš syn vždy dostáva jednotky.’’ Rodičia však vedia, že to nie je pravda. Čo to znamená?","A. Juraj má viac jednotiek ako štvoriek|B. Učiteľ sa pozerá na priemer známok|C. Juraj nedostal za celý školský rok známku horšiu ako 3|D. Aspoň jedna známka, ktorú Juraj dostal, nie je jednotka",D,"Aspoň jedna známka, ktorú Juraj dostal, nie je jednotka. Aspoň jedna iná známka ako jednotka už znamená, že Juraj nedostáva vždy jednotky.",M2,T4,VSP,bank,sk,true,VSJP8_Test_Cielene_B.2-tt9mn9.pdf,VSJP8_Test_Cielene_B.2_Riesenie-kfodbr.pdf,6
bank-t4-06-103d16bf74,K trom zo štyroch možností možno pridať rovnakú predponu. Pri ktorom z uvedených slov nie je možné pridať rovnakú predponu ako pri ostatných troch?,A. -komfort|B. -proporcia|C. -harmónia|D. -ciplína,D,"pozor, v slove disciplína nemáme predponu dis -, je to súčasť základu slova",M2,T4,VJS,bank,sk,true,VSJP8_Mudre-predplatne_4_Ulohy-lv0avh.pdf,VSJP8_Mudre-predplatne_4_Riesenia-wetyfq.pdf,6
bank-t4-07-9518748eea,K trom zo štyroch možností možno pridať rovnakú predponu. Pri ktorom z uvedených slov pôjde o inú predponu ako pri ostatných troch?,A. -histor|B. -klinika|C. -glot|D. -funkčný,B,"poli vo význame mestský (teda mestská klinika), v ostatných poly vo význame mnoho",M2,T4,VJS,bank,sk,true,VSJP8_Mudre-predplatne_4_Ulohy-lv0avh.pdf,VSJP8_Mudre-predplatne_4_Riesenia-wetyfq.pdf,7
bank-cielene-b2-t4-08-b1b37dc877,"Ktorú z nasledujúcich možností je nutné dosadiť za symbol * v uvedenom vzťahu, aby platila uvedená rovnosť? 18 = ( 4 + *",A. 6 ) x 2 – 2|B. 6 + 3 x 2)|C. 2 x 3 ) x 0|D. 10 ) x -5/2,D,10 ) x -5/2 18 = (4 + 6) x 2 – 2 = 10 x 2 – 2 = 20 – 2 = 18,M2,T4,VSP,bank,sk,true,VSJP8_Test_Cielene_B.2-tt9mn9.pdf,VSJP8_Test_Cielene_B.2_Riesenie-kfodbr.pdf,8
bank-t4-08-ab02df395c,Pri ktorom z uvedených slov je správne uvedená predpona?,A. diskusia|B. dysciplína|C. dysfunkcia|D. disgrafia,C,"poruchy píšeme s predponou dys -, pozor, v A nemáme predponu",M2,T4,VJS,bank,sk,true,VSJP8_Mudre-predplatne_4_Ulohy-lv0avh.pdf,VSJP8_Mudre-predplatne_4_Riesenia-wetyfq.pdf,8
bank-cielene-b2-t4-09-2de52cf280,"Uvedené prísady sú na prípravu jedla pre 8 osôb. Milan chce pripraviť jedlo len pre 4 osoby. V ktorej z možností sú správne uvedené pomery prísad, ktoré má Milan použiť? Vajcia 4 Maslo 250 gramov Múka 8 hrnčekov Cukor ¼ hrnčeka","A. 2 vajcia, 120 gramov masla, 4 hrnčeky múky, ¼ hrnčeka cukru|B. 2 vajcia, 135 gramov masla, 4 hrnčeky múky, 1/8 hrnčeka cukru|C. 2 vajcia, 125 gramov masla, 4 hrnčeky múky, 0,125 hrnčeka cukru|D. 2 vajcia, 125 gramov masla, 4 hrnčeky múky, 0,25 hrnčeka cukru",D,"2 vajcia, 125 gramov masla, 4 hrnčeky múky, 0,25 hrnčeka cukru Celý pôvodný recept musíme správne rozdeliť na polovicu: 2 vajcia, 125 gramov masla, 4 hrnčeky múky a 1/8 hrnčeka cukru = 0,125",M2,T4,VSP,bank,sk,true,VSJP8_Test_Cielene_B.2-tt9mn9.pdf,VSJP8_Test_Cielene_B.2_Riesenie-kfodbr.pdf,9
bank-t4-09-c2bba7ae39,Do ktorej z možností nie je možné pridať predponu a -?,A. -rogantný|B. -rytmia|C. -symetria|D. -morálny,A,"je to súčasť základu slova, nie predpona",M2,T4,VJS,bank,sk,true,VSJP8_Mudre-predplatne_4_Ulohy-lv0avh.pdf,VSJP8_Mudre-predplatne_4_Riesenia-wetyfq.pdf,9
bank-cielene-b2-t4-10-90e0a82071,"Slovenský časopis Záhradníctvo bol tak úspešný, že oň prejavili záujem až v Škótsku. Vyžiadali si celkovo 800 kusov a pracovníci časopisu vypočítali, že tieto časopisy dokážu zabaliť do krabíc. Do jednej krabice sa zmestí 50 časopisov. Označ ten postup, ktorým pracovníci zistia, koľko krabíc budú potrebovať.","A. Číslo 800 vydelíme číslom 50|B. Číslo 50 vynásobíme číslom 800|C. Vypočítame to cez zlomok 50/800 a zvyšok pripočítame|D. Nie je možné to presne vypočítať, keď nepoznáme rozmery",D,"Nie je možné to presne vypočítať, keď nepoznáme rozmery. 800 (kusov) chceme zmestiť do krabíc. Do jednej krabice sa zmestí 50 (časopisov). 800:50.",M2,T4,VSP,bank,sk,true,VSJP8_Test_Cielene_B.2-tt9mn9.pdf,VSJP8_Test_Cielene_B.2_Riesenie-kfodbr.pdf,10
bank-t4-10-1bc0148c6a,V ktorej z možností sa nenachádza predpona bi -?,A. bizón|B. bimetalický|C. bilingválny|D. biatlon,A,"je to súčasť základu slova, nie predpona bi - vo význame dva",M2,T4,VJS,bank,sk,true,VSJP8_Mudre-predplatne_4_Ulohy-lv0avh.pdf,VSJP8_Mudre-predplatne_4_Riesenia-wetyfq.pdf,10
bank-cielene-b2-t4-11-0df124df67,"Marek a Frederika sú súrodenci, ktorí si kupujú bicykle. Marek je vyšší, preto potrebuje bicykel, ktorého obvod kolesa má jeden a pol metra. Frederika má mať podľa jej výšky taký bicykel, ktorého obvod kolesa bude o 50 centimetrov menší. Marek tvrdí, že Frederikino koleso sa otočí na chodníku s dĺžkou 120 metrov menejkrát, pretože je menšie. Má Marek pravdu?","A. Áno, pretože Frederikino koleso je menšie|B. Áno, pretože Marekov bicykel bude potrebovať viac otočení kolesa|C. Nie, pretože Frederikin bicykel bude potrebovať viac otočení kolesa|D. Nie, pretože prejdú rovnakú trasu",D,"Nie, pretože prejdú rovnakú trasu. Marekov bicykel = 120:1,5 m = 80 otočení Frederikin bickyel = 120:1 m = 120 otočení",M2,T4,VSP,bank,sk,true,VSJP8_Test_Cielene_B.2-tt9mn9.pdf,VSJP8_Test_Cielene_B.2_Riesenie-kfodbr.pdf,11
bank-t4-11-3474d015ac,"V ktorej vete nemožno v oboch zvýraznených slovách zmeniť poradie písmen tak, aby vznikli spisovné a správne napísané slová?","A. Svorka vlka HÉVADRO má štyri až šesť NUČLVO|B. Keď vlci ALIOV, vždy počkajú, kým sa obeť unaví, až potom ÚAČIZATO|C. ČVÁTAĹ tvoria vlastnú malú svorku, tak sa učia sociálnym RONMÁM a fungovaniu svorky|D. Rozširovaním UDKĽSÉHO osídlenia z mnohých území MIVYLZI",A,"dravého, člunov / členov, B – lovia, zaútočia, C – vĺčatá, normám, D – ľudského, vymizli",M2,T4,VJS,bank,sk,true,VSJP8_Mudre-predplatne_4_Ulohy-lv0avh.pdf,VSJP8_Mudre-predplatne_4_Riesenia-wetyfq.pdf,11
bank-t4-12-a551205430,"V nasledujúcich názvoch sme poprehadzovali písmená, Ktorý logicky nepatrí medzi ostatné?",A. ÁNABN|B. AŠRHUK|C. VÍČLAK|D. NILAMA,C,"VALČÍK nie je ovocie, ostatné áno – banán, hruška, malina",M2,T4,VJS,bank,sk,true,VSJP8_Mudre-predplatne_4_Ulohy-lv0avh.pdf,VSJP8_Mudre-predplatne_4_Riesenia-wetyfq.pdf,12
bank-cielene-b2-t4-13-d4df9c5ac0,"Gymnázium vyhlásilo konkurz na nového riaditeľa školy. Malo by ísť o človeka, ktorý má doktorát, pracoval v školstve minimálne 10 rokov, ovláda excel, ovláda aspoň dva jazyky. Vyber uchádzača, ktorý spĺňa uvedené podmienky.","A. Ing. Halaj, učil na strednej škole 12 rokov, ovláda excel, hovorí anglicky a rozumie nemecky|B. Mgr. Benovičová, pracovala na škole ako zástupkyňa 10 rokov, ovláda word, ovláda angličtinu a ruštinu|C. PhDr. Ondráčková, učila na základnej škole 15 rokov, ovláda excel, ovláda angličtinu a španielčinu|D. MUDr. Jágelka, pracoval v nemocnici 20 rokov, ovláda excel, ovláda latinčinu a taliančinu",D,"MUDr. Jágelka, pracoval v nemocnici 20 rokov, ovláda excel, ovláda latinčinu a taliančinu 1 2 3 4 5 6 7 8 9 10 11 12 13 14 15 16 17 18 PhDr. je doktorát, pracovala v školstve 15 rokov, vláda excel aj 2 jazyky.",M2,T4,VSP,bank,sk,true,VSJP8_Test_Cielene_B.2-tt9mn9.pdf,VSJP8_Test_Cielene_B.2_Riesenie-kfodbr.pdf,13
bank-t4-13-9cb278dfa2,"Grécka prípona -lógia pochádza z gréckeho slova „logos “. Na základe slov, ktoré túto príponu obsahujú , sa pokúste určiť jeho význam.",A. logika|B. veda|C. život|D. dôkladne,B,"Napríklad onkológia, psychológia , biológia . Sú to vedy o...",M2,T4,VJS,bank,sk,true,VSJP8_Mudre-predplatne_4_Ulohy-lv0avh.pdf,VSJP8_Mudre-predplatne_4_Riesenia-wetyfq.pdf,13
bank-cielene-b2-t4-14-bc92ebb4e9,"Elena s Jarom si stavajú dom. Podlaha v ich obývacej izbe má tvar štvorca so stranou dlhou 5 m. Na podlahu chcú položiť dlaždice tvaru obdĺžnika so stranami 10 cm a 20 cm. Jaro tvrdí, že by mali radšej použiť štvorcové dlaždice so stranou dlhou 50 cm, aby nemali vela stavebného odpadu. Má Jaro pravdu?","A. Nie, odpadu bude stále rovnako|B. Áno, štvorcové dlaždice budú lepšie pasovať do štvorcovej podlahy|C. Nie, odpadu bude menej pri dlaždiciach tvaru obdĺžnika|D. Áno, obdĺžnikové dlaždice by musel píliť",D,"Áno, obdĺžnikové dlaždice by musel píliť. Obe možnosti pokryjú rovnakú plochu a obe je možné položiť bez odpadu na plochu 5x5 metrov.",M2,T4,VSP,bank,sk,true,VSJP8_Test_Cielene_B.2-tt9mn9.pdf,VSJP8_Test_Cielene_B.2_Riesenie-kfodbr.pdf,14
bank-t4-14-c32e495c26,"Odhaľ, aká je otázka a následne zvoľ správnu odpoveď . Aké je ÉVLAHN OSTME ASTRÁULIE?",A. Canberra|B. Sydney|C. Queensland|D. Nový Zéland,A,Canberra (h lavné mesto Austrálie),M2,T4,VJS,bank,sk,true,VSJP8_Mudre-predplatne_4_Ulohy-lv0avh.pdf,VSJP8_Mudre-predplatne_4_Riesenia-wetyfq.pdf,14
bank-cielene-b2-t4-15-e0001d0b6a,"V tabuľke je uvedená pravdepodobnosť, že dieťa bude mať pehy na základe toho, či majú pehy jeho rodičia. Anetka sa narodila s pehami. Vyber možnosť, ktorá je určite pravdivá. Pehy Mama Otec Dieťa Áno Áno 95% Áno Nie 25% Nie Áno 15% Nie Nie 2%","A. Anetkini rodičia mali obaja pehy|B. Anetka má pehy preto, lebo jeden z rodičov má pehy|C. Anetkin otec má pehy s pravdepodobnosťou 15%|D. Ani jeden z Anetkiných rodičov nemusí mať pehy. 1 2 3 4 5 6 7 8 9 10 11 12 13 14 15 16 17 18",D,"Ani jeden z Anetkiných rodičov nemusí mať pehy. Existuje 2% pravdepodobnosť, že Anetkini rodičia pehy vôbec nemajú. Ostatné možnosti nemôžeme s určitosťou tvrdiť.",M2,T4,VSP,bank,sk,true,VSJP8_Test_Cielene_B.2-tt9mn9.pdf,VSJP8_Test_Cielene_B.2_Riesenie-kfodbr.pdf,15
bank-t4-15-11e1df5b6f,"Označ ten z nasledujúcich výrazov, ktorého predpona nie je spojená s minulosťou.",A. retrospektívny|B. prehistorický|C. predrománsky|D. znovuobjavený,D,Predpona znovu sa vzťahuje na prítomnosť.,M2,T4,VJS,bank,sk,true,VSJP8_Mudre-predplatne_4_Ulohy-lv0avh.pdf,VSJP8_Mudre-predplatne_4_Riesenia-wetyfq.pdf,15
bank-t4-16-4eb2ce0b9e,"V nasledujúcich vetách sme popr ehadzovali písmená. V ktorej vete nemožno zmeniť poradie písmen tak, aby vznikol zmysluplný a spisovný text?","A. NÝBUZ kaz je BORC OHA tvrdých zubných tkanív|B. Mikroorganizmy vytvárajú na CHOBUZ zubný KLAVOP|C. Bolesť zuba začína v KAOHMYU, keď kaz prenikne pod VISKLONU|D. Prichádza pri NÍJEED alebo pití horúceho či NÉHODESTU",C,"A – zubný, choroba, B – zuboch, povlak, C – okamyhu / okamihu, sklovinu, D – jedení, studeného",M2,T4,VJS,bank,sk,true,VSJP8_Mudre-predplatne_4_Ulohy-lv0avh.pdf,VSJP8_Mudre-predplatne_4_Riesenia-wetyfq.pdf,16
bank-cielene-b2-t4-17-b4393c7691,"Vyber, ktoré slová patria na vynechané miesta. Jadrom Aristotelovej filozofie je ontológia, ktorú ______ „prvá filozofia“ a ktorú vytvoril kritickým ______ Platónovej teórie ideí.","A. nazýva, pretvorením|B. poznáme, zhodnotením|C. približuje, pomenovaním|D. znehodnocuje, prečítaním",D,"znehodnocuje, prečítaním Možnosť A je správna, B ,,poznáme‘‘ chýba ,,ako‘‘ a je nesprávne vyskloňovaná ,,prvá fiozofia‘‘ – ,,prvú filozofiu‘‘!, C – nesedí logicky ,,pomenovaním Platónovej teórie‘‘, D – logicky nesedí ,,znehodnocuje“ prvá filozofia.",M2,T4,VSP,bank,sk,true,VSJP8_Test_Cielene_B.2-tt9mn9.pdf,VSJP8_Test_Cielene_B.2_Riesenie-kfodbr.pdf,17
bank-t4-17-a2c1048069,V uvedených slo vách sme poprehadzovali písmená. Ktoré slovo nepatrí medzi ostatné ?,A. FOSTVÉR|B. TOROB|C. NTDEZIPRE|D. RÁROH,D,"HORÁR nie je cudzie slovo /softvér, robot, prezident/",M2,T4,VJS,bank,sk,true,VSJP8_Mudre-predplatne_4_Ulohy-lv0avh.pdf,VSJP8_Mudre-predplatne_4_Riesenia-wetyfq.pdf,17
bank-t4-18-f9c856110d,"V ktorej vete je možné v oboch zvýraznených slovách zmeniť poradie písmen tak, aby vznikli spisovné a správne napísané slová, ktoré sa významovo aj gramaticky hodia do vety?","A. Hilversum je STOME, ktoré sa nachádza v provincii Severný Holland a v súčasnosti má ENPIRLIBŽ 86 500 obyvateľov|B. Hoci je Hilversum obklopený vresoviskami, lúkami, lesmi a ZAJORAIM, považuje sa za SASČÚŤ mestskej aglomerácie Randstad|C. Stopy osád sa ŠANLI v Hilversume, niektoré siahajú až do doby bronzovej a tiež sa tu objavilo NMSOŽŠTOV hlinenej keramiky|D. Zaznamenaná HRAIYSTÓ mesta prvýkrát spomína Hilversum v roku 1300 a jeho hlavným zdrojom hospodárstva bolo poľnohospodárstvo a OVCH dobytka",A,"mesto, približne",M2,T4,VJS,bank,sk,true,VSJP8_Mudre-predplatne_4_Ulohy-lv0avh.pdf,VSJP8_Mudre-predplatne_4_Riesenia-wetyfq.pdf,18
bank-cielene-b2-t4-19-0df861d46a,Ukážka 1 pojednáva o známej stavbe. O akú stavbu sa jedná?,A. Koloseum|B. Bazilika Sv. Petra|C. Pyramída v Gíze|D. Tádž Mahal,D,"Tádž Mahal Odhad: Vespansianus a Titus vládli v Ríme, v tejto aréne bojovali gladiátori (Rím), Palazzo Venezia a Palazzo della Cancelleria…hľadáme možnosť, v ktorej sa nachádza stavba v Ríme.",M2,T4,VSP,bank,sk,true,VSJP8_Test_Cielene_B.2-tt9mn9.pdf,VSJP8_Test_Cielene_B.2_Riesenie-kfodbr.pdf,19
bank-t4-19-e8964561ea,"V ktorej vete nie je možné v oboch zvýraznených slovách zmeniť poradie písmen tak, aby vznikli spisovné a správne napísané slová, ktoré sa významovo aj gramaticky hodia do vety?","A. Fitnes sú športové aktivity a celkový NŽVIOTÝ štýl, ktorý má za cieľ všeobecnú telesnú kondíciu, zdatnosť, zlepšenie držania LATE, zlepšenie konceptu postavy a podobne|B. Na fitnes cvičeniach sa OPAJÚVÍŽU okrem tradičných činiek aj rôzne špeciálne stroje, trenažéry, ktoré sú bežne STOUDÉNP vo fitnes centrách|C. Okrem cvičenia záujemcovia obyčajne dodržiavajú aj RIUČTÝ diétny režim, prípadne používajú rôzne POLDYKN výživy|D. Medzi najznámejšie OSSTIBNO a predstaviteľky ženského fitnes na Slovensku APIRAT Zora Czoborová alebo Marietta Žigalová",B,"považujúí / považujú, dostupné; A – životný, tela, C – určitý, doplnky, D – osobnosti, patria",M2,T4,VJS,bank,sk,true,VSJP8_Mudre-predplatne_4_Ulohy-lv0avh.pdf,VSJP8_Mudre-predplatne_4_Riesenia-wetyfq.pdf,19
bank-cielene-b2-t4-20-9d1036b087,Obdobou zvýraznenej časti Ukážky 1 nie je:,A. v roku 404 nášho letopočtu|B. v roku 404 po Kresťanstve|C. v roku 404 roku Pána|D. v roku 404 anno Domini,D,"v roku 404 anno Domini Možnosti A, C, D hovoria o našom letopočte a sú synoymá. Možnosť B sa v tomto kontexte vôbec nepoužíva.",M2,T4,VSP,bank,sk,true,VSJP8_Test_Cielene_B.2-tt9mn9.pdf,VSJP8_Test_Cielene_B.2_Riesenie-kfodbr.pdf,20
bank-t4-20-e8964561ea,"V ktorej vete nie je možné v oboch zvýraznených slovách zmeniť poradie písmen tak, aby vznikli spisovné a správne napísané slová, ktoré sa významovo aj gramaticky hodia do vety?","A. Hodváb je RÍPDNÉOR proteínové vlákno, ktoré môže byť TKÉNA do textílií|B. Bavlna alebo IERDKZAOV kotón je najdôležitejšia zo všetkých plodín pestovaných na BUVRÝO textilného vlákna|C. Tkanina je dnes NZÁMA predovšetkým ako textilný výrobok, ktorý vznikol prepletením CHVOD vzájomne kolmých sústav nití|D. Výnimočné miesto v našej EKBIERZ majú baly ľanového plátna s pútkami, ktorými sa uchopovali o žrde pri bielení, pri ĹŠKED jedného balu je zvyčajne 20 metrov, šírke okolo 60 až 70 centimetrov",D,"zbierke, dĺške / dĺžke ; A – prírodné, tkané; B – zriedkavo, výrobu; C – známa, dvoch",M2,T4,VJS,bank,sk,true,VSJP8_Mudre-predplatne_4_Ulohy-lv0avh.pdf,VSJP8_Mudre-predplatne_4_Riesenia-wetyfq.pdf,20
bank-cielene-b2-t4-21-70a12595c7,Ktorá z uvedených informácií nevyplýva z Ukážky 1?,"A. Vespasianus organizoval oslavy, ktoré trvali 100 dní|B. Keď bola budova zasvätená mučeníkom, ukončila sa ťažba kameňa|C. V stavbe bojovali ľudskí bojovníci|D. Stavba bola miestom pre dobýjanie povrchového kameňa",D,"Stavba bola miestom pre dobýjanie povrchového kameňa. Oslavy organizoval Titus, ktorý Koloseum otvoril.",M2,T4,VSP,bank,sk,true,VSJP8_Test_Cielene_B.2-tt9mn9.pdf,VSJP8_Test_Cielene_B.2_Riesenie-kfodbr.pdf,21
bank-cielene-b2-t4-22-9110eadebc,"Vymysleli sme istý princíp, podľa ktorého priraďujeme slovám čísla. Ku ktorému slovu je správne pridelené číslo? bezohľadný – 1 vysmiaty – 2 rovný – 3 nenávistný – 1 nádherná – 2 dažďové – 3 múdre – 2 drzá – 1",A. nadšený – 1|B. nerastná – 3|C. nahnevaný – 2|D. prostredný – 2,D,"prostredný – 2 I – negatívna konotácia, 2 – pozitívna konotácia, 3 – neutrálne prídavné mená",M2,T4,VSP,bank,sk,true,VSJP8_Test_Cielene_B.2-tt9mn9.pdf,VSJP8_Test_Cielene_B.2_Riesenie-kfodbr.pdf,22
bank-cielene-b2-t4-24-43defa6798,Doplňte vhodné pokračovanie frazeologizmu: Lepší vrabec v hrsti...,A. ako líška v dome|B. bez neho by sme nemali nič|C. ako holub na streche|D. konečne ho držím,D,konečne ho držím. Ustálené slovné spojenie.,M2,T4,VSP,bank,sk,true,VSJP8_Test_Cielene_B.2-tt9mn9.pdf,VSJP8_Test_Cielene_B.2_Riesenie-kfodbr.pdf,24
bank-cielene-b2-t4-25-c461942177,"Slovné spojenie prídete k nám má rovnaký rytmus ako spojenie nádherne spí, ale odlišný rytmus ako spojenie moderný štýl. Ktoré z uvedených spojení má iný rytmus ako ostatné tri?",A. beznádejný|B. na náš pekný|C. prenádherný|D. náruživá,D,"náruživá (A. – KDKD, B. – KDKD, C. – KDKD, D. – DKKD)",M2,T4,VSP,bank,sk,true,VSJP8_Test_Cielene_B.2-tt9mn9.pdf,VSJP8_Test_Cielene_B.2_Riesenie-kfodbr.pdf,25
bank-cielene-b2-t4-26-2a2ec3dde9,"V ktorej z možností nemožno v oboch prípadoch zmeniť poradie písmen tak, aby vznikli zmysluplné a gramaticky správne slová, ktoré sa významovo hodia do vety?","A. Romantizmus bol odmietavou EAOVRICK na osvietenstvo v dôsledku sklamania z historických výsledkov francúzskej EÚCLIREOV 18. storočia a vývinu meštiackej spoločnosti vôbec|B. Romantický intelektuál pohŕdal dobre vychovanými UIMĽĎ, nazýval ich filistrami a meštiakmi, vystavoval na OIVDB svoju výnimočnosť a čudáctvo, pohŕdal empíriou a matematikou, dôveroval len inštinktom, intuícii, fantázii|C. Z tohto OPMTO romantizmus odvodzoval právo génia na to, aby sa striasol CHETVKŠÝ tiesnivých a všedných právd|D. Romantizmus VÁADL prednosť nemennému, stálemu pred pokračujúcim, vyvíjajúcim sa, uprednostňoval organické ERPD mechanickým, prapôvodné pred súcnom",D,"Romantizmus VÁADL prednosť nemennému, stálemu pred pokračujúcim, vyvíjajúcim sa, uprednostňoval organické ERPD mechanickým, prapôvodné pred súcnom. (A. – reakcioV, revolúcie, B. – ľuďmi, obdiv, C. – potom, všetkých, D. – dával, pred)",M2,T4,VSP,bank,sk,true,VSJP8_Test_Cielene_B.2-tt9mn9.pdf,VSJP8_Test_Cielene_B.2_Riesenie-kfodbr.pdf,26
bank-cielene-b2-t4-29-ada57eb199,Vyber nesprávne tvrdenie o slovenskom jazyku.,A. Slovenský jazyk patrí medzi západoslovanské jazyky|B. Slovenský jazyk patrí do rovnakej jazykovej skupiny ako maďarský jazyk|C. Slovenský jazyk sa vyvinul z praslovančiny|D. Slovenský jazyk patrí do rodiny slovanských jazykov,D,"Slovenský jazyk patrí do rodiny slovanských jazykov. Slovenský jazyk patrí do slovanskej skupiny, maďarský do ugrofínskej.",M2,T4,VSP,bank,sk,true,VSJP8_Test_Cielene_B.2-tt9mn9.pdf,VSJP8_Test_Cielene_B.2_Riesenie-kfodbr.pdf,29
bank-cielene-b2-t4-31-0722bb4bec,Ktorú knihu nazývame knihou kníh?,A. Šlabikár|B. Biblia|C. René mláďenca Príhodi a Skúsenosťi|D. Epos o Gilgamešovi,D,Epos o Gilgamešovi,M2,T4,VSP,bank,sk,true,VSJP8_Test_Cielene_B.2-tt9mn9.pdf,VSJP8_Test_Cielene_B.2_Riesenie-kfodbr.pdf,31
bank-cielene-b2-t4-32-e629299d15,Čo sa meria úrovňou Ph?,A. tlak|B. elektrický prúd|C. kyslosť|D. teplota lávy,D,teplota lávy,M2,T4,VSP,bank,sk,true,VSJP8_Test_Cielene_B.2-tt9mn9.pdf,VSJP8_Test_Cielene_B.2_Riesenie-kfodbr.pdf,32
bank-cielene-b2-t4-33-3982a35d80,Slovo biografia v preklade znamená:,A. letokruh|B. film|C. životopis|D. beletria,D,beletria,M2,T4,VSP,bank,sk,true,VSJP8_Test_Cielene_B.2-tt9mn9.pdf,VSJP8_Test_Cielene_B.2_Riesenie-kfodbr.pdf,33
bank-cielene-b2-t4-34-510e4e1f57,Ako sa volajú látky s pravidelným usporiadaním atómov?,A. tekuté|B. amorfné|C. kovalentné|D. kryštalické,D,kryštalické,M2,T4,VSP,bank,sk,true,VSJP8_Test_Cielene_B.2-tt9mn9.pdf,VSJP8_Test_Cielene_B.2_Riesenie-kfodbr.pdf,34
bank-cielene-b2-t4-35-ed32460307,"Homo habilis v užšom zmysle sa niekedy (v minulosti a v posledných rokoch opäť) zaraďuje ako australopit, teda do rodov Australopithecus alebo Paranthropus. Alternatívne sa od začiatku 21. storočia občas zaraďuje do rodu Kenyanthropus, ale ani zďaleka nie tak často, ako v prípade druhu Homo rudolfensis. Vyber slovenský názov pre opísaného australopita.",A. Človek rozumný|B. Človek zručný|C. Človek vzpriamený|D. Človek jaskynný,D,Človek jaskynný,M2,T4,VSP,bank,sk,true,VSJP8_Test_Cielene_B.2-tt9mn9.pdf,VSJP8_Test_Cielene_B.2_Riesenie-kfodbr.pdf,35
bank-cielene-b2-t4-36-1287b525ab,Slovné spojenie táram ako kamarát nazývame:,A. palindróm|B. homonymum|C. neologizmus|D. frazeologizmus,D,"frazeologizmus Palindróm je slovo, veta, verš, číslo, ktoré má tú vlastnosť, že ju možno čítať v ľubovoľnom smere (sprava doľava alebo zľava doprava) a má vždy rovnaký význam.",M2,T4,VSP,bank,sk,true,VSJP8_Test_Cielene_B.2-tt9mn9.pdf,VSJP8_Test_Cielene_B.2_Riesenie-kfodbr.pdf,36
bank-cielene-b2-t4-37-7da51fe48c,"Nasledujúci obrázok má jednu výnimku z pravidla. Vyber možnosť, v ktorej je táto výnimka opísaná nesprávne.",A. Jedna zo šálok je otočená o 180°|B. Jedna zo šálok je zrkadlovo otočená|C. Jedna zo šálok je otočená okolo svojej vertikálnej osi|D. Jedna zo šálok je otočená naruby,D,"Jedna zo šálok je otočená naruby. Naruby = šálka by bola prevrátená po inej osi, alebo by bola prekrútená zvnútra smerom von.",M2,T4,VSP,bank,sk,true,VSJP8_Test_Cielene_B.2-tt9mn9.pdf,VSJP8_Test_Cielene_B.2_Riesenie-kfodbr.pdf,37
bank-cielene-b2-t4-38-e308174df0,"Označ možnosť, v ktorej nájdeš 10-miestne číslo, pre ktoré platí: - prvá číslica značí, koľko núl sa v danom čísle nachádza, - druhá číslica predstavuje, koľko jednotiek je v danom čísle, - tretia číslica predstavuje počet dvojok, štvrtá počet trojok atď… až po desiatu, ktorá vyjadruje počet deviatok v čísle.",A. 122333444455555|B. 6210001000|C. 0123456789|D. 11002233444,D,"11002233444 6 núl, 2 jednotky, 0 trojok, 0 štvoriek, 0 pätiek, 1 šestka...",M2,T4,VSP,bank,sk,true,VSJP8_Test_Cielene_B.2-tt9mn9.pdf,VSJP8_Test_Cielene_B.2_Riesenie-kfodbr.pdf,38
bank-cielene-b2-t4-39-ddbb37b7c3,Rieš príklad. ‡ + ‡ + ‡ = 60 ‡ + † + † = 30 † - » - » = 3 » + ‡ x † = ?,A. 105|B. 101|C. 205|D. 100,D,100,M2,T4,VSP,bank,sk,true,VSJP8_Test_Cielene_B.2-tt9mn9.pdf,VSJP8_Test_Cielene_B.2_Riesenie-kfodbr.pdf,39
bank-cielene-b2-t4-40-3a0bdd86fe,"Je možné, že Anežka mala predvčerom 35 rokov a na budúci rok bude mať 38 rokov?","A. Áno, ak je priestupný rok a Anežka sa narodila 29. februára|B. Nie, niečo takéto nie je možné|C. Áno, ak sa Anežka narodila 31. decembra a otázku kladie 1. januára|D. Nie, ak Anežka bude mať budúci 37 rokov",D,"Nie, ak Anežka bude mať budúci 37 rokov. Vymyslíme si roky: Anežka mala 30.12.2022 35 rokov, narodeniny 36 rokov oslávila 31.12.2022. O 2 dni neskôr je 1.1.2023 a má 36 rokov. Ak sa opýta túto otázku 1.1.2023, tak 37 rokov bude mať 31.12.2023 a o rok neskôr, čiže 31.12.2024 bude mať 38 rokov.",M2,T4,VSP,bank,sk,true,VSJP8_Test_Cielene_B.2-tt9mn9.pdf,VSJP8_Test_Cielene_B.2_Riesenie-kfodbr.pdf,40
bank-cielene-b2-t4-41-9e2e51e8f9,"Na rodinnej oslave bol starý otec, stará mama, dvaja otcovia, dve mamy, štyri deti, tri vnúčatá, brat, dve sestry, dvaja synovia, dve dcéry, svokor a svokra. Koľko ľudí sa mohlo na oslave najmenej stretnúť?",A. 7|B. 14|C. 22|D. 10,D,"10 Počítame ľudí a uvedomujeme si rodinné vzťahy: Starý otec = je niekomu na oslave aj svokor, aj otec (1 starý otec, 1 svokor, 1 otec) Stará mama = je aj svokra, aj mama (1 stará mama, 1 svokra, 1 mama) Otec = je niekomu aj dieťa, aj syn (1 otec, 1 dieťa, 1 syn) Mama = (1 mama) 3 deti = (3 deti – jedným zo štyroch je už otec), 2 vnučky a jeden vnuk (1 syn)",M2,T4,VSP,bank,sk,true,VSJP8_Test_Cielene_B.2-tt9mn9.pdf,VSJP8_Test_Cielene_B.2_Riesenie-kfodbr.pdf,41
bank-cielene-b2-t4-43-cbda7d71ad,Koľko kostí sa približne nachádza v ľudskom tele?,A. 3040|B. 1300|C. 206|D. 4921,D,4921,M2,T4,VSP,bank,sk,true,VSJP8_Test_Cielene_B.2-tt9mn9.pdf,VSJP8_Test_Cielene_B.2_Riesenie-kfodbr.pdf,43
bank-cielene-b2-t4-44-9cec785cc6,S ktorou krajinou má Slovensko najdlhšiu hranicu?,A. Poľsko|B. Česko|C. Rakúsko|D. Maďarsko,D,Maďarsko,M2,T4,VSP,bank,sk,true,VSJP8_Test_Cielene_B.2-tt9mn9.pdf,VSJP8_Test_Cielene_B.2_Riesenie-kfodbr.pdf,44
bank-cielene-b2-t4-45-ec3588cb59,Ktorá z týchto farieb nie je farbou dúhy?,A. ružová|B. oranžová|C. modrá|D. fialová SKVELÁ PRÁCA! NEZABUDNI SI TEST SKONTROLOVAŤ,B,"fialová Červená/oranžová, žltá, zelená, modrá, indigo/tmavomodrá/tmavofialová, fialová)",M2,T4,VSP,bank,sk,true,VSJP8_Test_Cielene_B.2-tt9mn9.pdf,VSJP8_Test_Cielene_B.2_Riesenie-kfodbr.pdf,45
bank-cielene-b3-t5-01-b2fc6e22b6,"Rodina Uzimená (mama, otec a dve deti) si vyberá letnú dovolenku. Malo by sa jednať o prímorskú krajinu EÚ, pobyt by mal byť minimálne na 10 nocí s raňajkami a cena na osobu by nemala presiahnuť 500€. Ktorý zájazd vyhovuje rodine Uzimenej?","A. Letecký zájazd do Grécka na týždeň, s polpenziou, cena 490€ na osobu|B. All inclusive dovolenka v Turecku na osem nocí, 1000€ za dospelého, deti zadarmo|C. Pobyt v chorvátskom penzióne s bohatými kontinentálnymi raňajkami na 12 dní, cena 1650€ za celú rodinu|D. Dovolenka na Balatone s raňajkami a večerou formou švédskych stolov na 10 nocí, cena 1290€ za všetkých",C,"Dovolenka na Balatone s raňajkami a večerou formou švédskych stolov na 10 nocí, cena 1290€ za všetkých. A – menej ako 10 nocí, B – Turecko nie je EÚ, D – Balaton je v Maďarsku, ktoré neleží pri mori.",M3,T5,VSP,bank,sk,true,VSJP8_Test_Cielene_B.3-qwqjcw.pdf,VSJP8_Test_Cielene_B.3_Riesenie-omn3sb.pdf,1
bank-exam-x6-t5-01-7bed5cbcf0,"Aj keď pravdepodobne neovládate chorvátčinu, pokúste sa odhadnúť, ktorá veta hovorí o počasí.","A. Danas nemam vremena, ali sutra ću sigurno doći|B. Kišo je cijeli dan, ali popodne sunce sijalo i bilo je toplo|C. Moja prelepa devojka je najboli kuhar i pekar na svetu|D. Prošle zime nas je posetila porodica iz Amerike",B,Indície: popodne sunce sijalo i bilo je toplo.,M3,T5,VJS,bank,sk,true,5_VSJP8_Test_X6_Exam-3ndcxh.pdf,5_VSJP8_Test_X6_Exam_Riesenie-zhweu2.pdf,1
bank-t5-01-cab409e886,"Máme dve nádoby a dve páky. Pri potiahnutí páky 1 sa do nádoby 1 vysype 14 guličiek. Pri potiahnutí páky 2 sa do nádoby 2 vysypú 3 guličky. Koľkokrát musíme potiahnuť páku 2 tak, aby v nádobe 2 bol rovnaký počet guličiek ako v nádobe 1, ak sme páku 1 stlačili trikrát?",A. 18|B. 23|C. 14|D. 12,C,V prvej nádobe je 3 stlačenia x 14 = 42 guličiek. Druhú musíme teda stlačiť 42 : 3 = 14 x.,M3,T5,VSP,bank,sk,true,VSJP8_Mudre-predplatne_5_Ulohy-s6hvtz.pdf,VSJP8_Mudre-predplatne_5_Riesenia-00ceqg.pdf,1
bank-cielene-b3-t5-02-dc646e5403,"Porovnaj hodnoty vľavo a vpravo a zvoľ správnu odpoveď. 15% z 83,00€ 85% z 18,00€","A. Hodnota vľavo je väčšia než hodnota vpravo|B. Hodnota vpravo je väčšia než hodnota vľavo|C. Hodnota vpravo je rovnaká ako hodnota vľavo|D. Nie je možné jednoznačne určiť, ktorá hodnota je väčšia",D,"Nie je možné jednoznačne určiť, ktorá hodnota je väčšia. x (napr. 20% z 80 je to isté čo 80% z 20). Teda porovnáme: 15% z 83 je menej ako 18% z 85 (netreba počítať, lebo obe čísla vpravo sú väčšie).",M3,T5,VSP,bank,sk,true,VSJP8_Test_Cielene_B.3-qwqjcw.pdf,VSJP8_Test_Cielene_B.3_Riesenie-omn3sb.pdf,2
bank-exam-x6-t5-02-82c9cc8c48,"Prečítajte si krátky text v jazyku Esperanto: Genetikaj esploroj konfirmis ke afrikajn savanajn kaj arbarajn elefantojn oni devus rigardi kiel apartajn speciojn. La du bestoj aspektas malsame kaj fakuloj antaŭe argumentis ke oni klasifiku ilin kiel du speciojn, ne variantojn de unu. Rezultoj de DNA-analizo subtenas la argumenton ke estas tri elefantaj specioj, du en Afriko kaj unu en Azio. Aj keď tento jazyk pravdepodobne neovládate, pokúste sa odhadnúť, o čom text hovorí.","A. O výsledkoch analýzy, ktorá potvrdila, že existujú tri druhy slonov|B. O chorobách a zlej zdravotnej situácii detí v afrických kmeňoch|C. O štúdii, ktorá charakterizuje rieky a rastlinstvo v Afrike a Ázii|D. O arabskej konferencii biológov, ktorá sa uskutočnila v Afrike",A,Posledná veta: Rezultoj de DNA-analizo subtenas la argumenton ke estas tri elefantaj specioj.,M3,T5,VJS,bank,sk,true,5_VSJP8_Test_X6_Exam-3ndcxh.pdf,5_VSJP8_Test_X6_Exam_Riesenie-zhweu2.pdf,2
bank-t5-02-9ce093e422,"Žiaci jednej triedy dostali spolu 36 pomarančov, 24, čokoládových figúrok a 60 jabĺk. Každé dieťa dostalo pri rozdeľovaní rovnakú nádielku a pri rozdeľovaní nič nezostalo. Ak bolo žiakov najviac, ako je to možné – čo si našiel každý v balíčku?","A. 4 pomaranče, 3 čokoládové figúrky, 6 jabĺk|B. 2 pomaranče, 3 čokoládové figúrky, 8 jabĺk|C. 3 pomaranče, 2 čokoládové figúrky, 5 jabĺk|D. 4 pomaranče, 2 čokoládové figúrky, 8 jabĺk",C,"Pomocou najväčšieho spoločného deliteľa vieme prísť na to, že žiakov je 12, teda jednotlivé nádielky vydelíme 12.",M3,T5,VSP,bank,sk,true,VSJP8_Mudre-predplatne_5_Ulohy-s6hvtz.pdf,VSJP8_Mudre-predplatne_5_Riesenia-00ceqg.pdf,2
bank-cielene-b3-t5-03-52c4f0e521,"V tabuľke je uvedená energetická hodnota niektorých potravín v kJ. Pán Ivan sa rozhodol stravovať zdravšie a stanovil si, že jeho obed by nemal presiahnuť energetickú hodnotu 3000 kJ. V závodnej jedálni si vzal pohár čerstvého pomarančového džúsu 0,25 l a na tanier si naložil 200 g ryže. Maximálne koľko gramov pečeného kuraťa (predpokladajme chudšie prsia s cca 500 kJ v 100 g) si môže ešte naložiť, aby dodržal svoj limit?",A. 250 g|B. 332 g|C. 518 g|D. 420 g,D,"420 g Džús obsahuje 420 kJ, 200 g ryže zas",M3,T5,VSP,bank,sk,true,VSJP8_Test_Cielene_B.3-qwqjcw.pdf,VSJP8_Test_Cielene_B.3_Riesenie-omn3sb.pdf,3
bank-exam-x6-t5-03-44abf0a394,Zo štyroch podstatných mien sme vynechali všetky samohlásky. V troch prípadoch išlo o tú istú trojicu samohlások. Z ktorého slova sme vynechali inú trojicu samohlások ako zo zvyšných troch?,A. ZVRN|B. PTN|C. MŠT|D. SMRNC,B,"Trojica E I A – zverina, mešita, smernica. Nezapadá teda možnosť B.",M3,T5,VJS,bank,sk,true,5_VSJP8_Test_X6_Exam-3ndcxh.pdf,5_VSJP8_Test_X6_Exam_Riesenie-zhweu2.pdf,3
bank-t5-03-dc2721743b,"Za tri dni prešli žiaci na výlete 65 km. Prvý deň prešli dvakrát toľko ako tretí deň, druhý deň prešli o 10 km menej ako prvý deň. Koľko kilometrov prešli v jednotlivých dňoch?","A. Prvý deň = 40 km, druhý deň = 15 km, tretí deň = 10 km|B. Prvý deň = 40 km, druhý deň = 30 km, tretí deň = 25 km|C. Prvý deň = 25 km, druhý deň = 25 km, tretí deň = 15 km|D. Prvý deň = 30 km, druhý deň = 20 km, tretí deň = 15 km",D,"Dôležitý je správny zápis: 1. deň .....2x km, 2. deň ..... (2x – 10 ) km, 3 . deň ..... x km. 2x + (2 x – 10 ) + x = 65 5 x – 10 = 65 5x = 65 + 10 5x = 75 x = 15 km = 3. deň",M3,T5,VSP,bank,sk,true,VSJP8_Mudre-predplatne_5_Ulohy-s6hvtz.pdf,VSJP8_Mudre-predplatne_5_Riesenia-00ceqg.pdf,3
bank-cielene-b3-t5-04-af1241ee66,"Číslo nazveme bláznivé, ak má na mieste stoviek číslo 3 a zároveň je nepárne. Číslo nazveme pojašené, ak sa v ňom opakujú aspoň dve číslice. Ktoré z nasledovných čísel je pojašené, ale nie je bláznivé?",A. 17 365|B. 38 319|C. 196 322|D. 46 938,D,"46 938 A – len bláznivé, B – bláznivé & pojašené, C – len pojašené, D – ani jedno",M3,T5,VSP,bank,sk,true,VSJP8_Test_Cielene_B.3-qwqjcw.pdf,VSJP8_Test_Cielene_B.3_Riesenie-omn3sb.pdf,4
bank-exam-x6-t5-04-d135c838ed,"Slovné spojenie prídete k nám má rovnaký rytmus ako spojenie nádherne spí, ale iný rytmus ako spojenie moderný štýl. Ktoré z uvedených slovných spojení má iný rytmus ako zvyšné tri?","A. pyšný ako páv|B. malý, ale náš|C. prvý slnka lúč|D. letí kŕdeľ vrán",D,"Pri pozorovaní dĺžňov a dvojhlások si v poslednej možnosti všimnime, že má tretiu slabiku dlhú, rozdielne od ostatných možností. Všímame si krátke a dlhé hlásky v spojeniach. A: po-ná-hľam-sa (K-D-K-K), B: vi-die-cky-dom (K-D-K- K), C: o-dí-du-preč (K-D-K-K), D: ne-po-viem-nič (K-K-D-K).",M3,T5,VJS,bank,sk,true,5_VSJP8_Test_X6_Exam-3ndcxh.pdf,5_VSJP8_Test_X6_Exam_Riesenie-zhweu2.pdf,4
bank-t5-04-d6d3ce50d9,Miloš zbiera stoeurové a päťdesiateurové bankovky. Spolu má 21 bankoviek a ich celková hodnota je 1550€. Koľko stoeurových bankoviek nazbieral?,A. 11|B. 10|C. 8|D. 12,B,50x + 100. (21 – x) = 1550 50x + 2100 – 100 = 1550 -50x + 2100 = 1550 / -2100 -50x = 1550 – 2100 -50x = -550 /:50 X = 11 (päťdesiateurových) 21 – 11 = 10 či je bankoviek 21.,M3,T5,VSP,bank,sk,true,VSJP8_Mudre-predplatne_5_Ulohy-s6hvtz.pdf,VSJP8_Mudre-predplatne_5_Riesenia-00ceqg.pdf,4
bank-cielene-b3-t5-05-e3abecfb98,Dvojica slov odkiaľ : zdola je v rovnakom logickom vzťahu ako dvojica:,A. kedy : zajtra|B. doprava : kam|C. tadiaľ : kadiaľ|D. vľavo : kam,D,"vľavo : kam Na otázku odkiaľ môžeme dostať odpoveď zdola, na otázku kedy môžeme dostať odpoveď zajtra.",M3,T5,VSP,bank,sk,true,VSJP8_Test_Cielene_B.3-qwqjcw.pdf,VSJP8_Test_Cielene_B.3_Riesenie-omn3sb.pdf,5
bank-exam-x6-t5-05-641c5ba662,"Aj keď pravdepodobne neovládate gréčtinu, pokúste sa odhadnúť význam slova ԑμχαριστώ [Efcharistó]",A. premena|B. zjavenie|C. svetlo|D. ďakujem,D,Správna odpoveď: D.,M3,T5,VJS,bank,sk,true,5_VSJP8_Test_X6_Exam-3ndcxh.pdf,5_VSJP8_Test_X6_Exam_Riesenie-zhweu2.pdf,5
bank-cielene-b3-t5-06-3f2490096b,"Vymysleli sme istý system, na základe ktorého priraďujeme mestám dve čísla. Tu je niekoľko príkladov: Amsterdam – 1 a 1 Marakéš – 3 a 1 Nairobi – 3 a 1 Peking – 2 a 1 Kjóto – 2 a 1 Kábul – 2 a 0 Brno – 1 a 0 New York City – 4 a 1 Belehrad – 1 a 0 Ktorému mestu sme priradili správne čísla?",A. Johannesburg – 3 a 0|B. San Francisco – 2 a 1|C. Göteborg – 1 a 1|D. Dubaj – 3 a 1,D,"Dubaj – 3 a 1 Na každé mesto sa pozeráme v kontexte krajiny, v ktorej leží. Prvé číslo: 1 – Európa, 2 – Ázia, 3 – Afrika, 4 – Severná Amerika. Druhé čislo: 1 – leží pri mori, 0 – neleží pri mori.",M3,T5,VSP,bank,sk,true,VSJP8_Test_Cielene_B.3-qwqjcw.pdf,VSJP8_Test_Cielene_B.3_Riesenie-omn3sb.pdf,6
bank-exam-x6-t5-06-f88053c920,Mirka rada vymýšľa hádanky pre svojho brata. Zvolí si spisovné slovenské slovo a nejako ho rozdelí na tri časti. Potom v každej časti napíše písmená v opačnom poradí. Napokon všetky časti opäť spojí. Napr.: AUTOBUS AU+TOB+US UA+BOT+SU UABOTSU Bratovi ukáže iba výsledok a on má uhádnuť pôvodné slovo. Pri tvorbe jednej z nasledujúcich hádaniek sa Mirka pomýlila. Pri ktorej?,A. TERPKERÁ|B. ĽOKANJECI|C. ALAPNICAK|D. TAĎILEAN,B,"Slová: pretekár, koľajnice, palacinka, ďatelina – možnosti B môžeme pozorovať, že sa písmená nenachádzajú v slabikách, sú nesprávne zašifrované.",M3,T5,VJS,bank,sk,true,5_VSJP8_Test_X6_Exam-3ndcxh.pdf,5_VSJP8_Test_X6_Exam_Riesenie-zhweu2.pdf,6
bank-t5-06-fb558054d0,Aký letopočet predstavuje zápis: MDCCXLVIII?,A. 1668|B. 1768|C. 1748|D. 1648,C,Správna odpoveď: C.,M3,T5,VSP,bank,sk,true,VSJP8_Mudre-predplatne_5_Ulohy-s6hvtz.pdf,VSJP8_Mudre-predplatne_5_Riesenia-00ceqg.pdf,6
bank-exam-x6-t5-07-a94c1dffa4,"V ktorom z uvedených slov možno nahradiť otázniky písmenami (1 otáznik = 1 písmeno) tak, aby vzniklo slovo (v nominatíve singuláru) označujúce umelecké slohy?",A. ??NES???|B. ???ANT???|C. ??ARO??|D. ??CES??,D,Secesia,M3,T5,VJS,bank,sk,true,5_VSJP8_Test_X6_Exam-3ndcxh.pdf,5_VSJP8_Test_X6_Exam_Riesenie-zhweu2.pdf,7
bank-t5-07-31b84d340c,Tyčinka obsahuje na 50 gramov 12 gramov cukru. Koľko percent cukru obsahuje tyčinka?,A. 12|B. 50|C. 20|D. 24,D,Percento cukru = (50 :12 )×100=24%,M3,T5,VSP,bank,sk,true,VSJP8_Mudre-predplatne_5_Ulohy-s6hvtz.pdf,VSJP8_Mudre-predplatne_5_Riesenia-00ceqg.pdf,7
bank-cielene-b3-t5-08-d5fe026cd2,"Ktorú z nasledujúcich možností je nutné dosadiť za symbol ‡ v uvedenom vzťahu, aby platila uvedená rovnosť? 2 : (- 0,5) ‡ = 32",A. + (144 : 4)|B. x (-10 + 2)|C. : 4 + 111 : 11|D. - 10 ) x -9/3,D,"- 10 ) x -9/3 2 : (- 0,5) + (144 : 4) = - 4 + 36= 32",M3,T5,VSP,bank,sk,true,VSJP8_Test_Cielene_B.3-qwqjcw.pdf,VSJP8_Test_Cielene_B.3_Riesenie-omn3sb.pdf,8
bank-exam-x6-t5-08-ce45328da3,"V ktorej vete možno v oboch zvýraznených slovách zmeniť poradie písmen tak, aby vznikli spisovné a správne napísané slová, ktoré sa významovo aj gramaticky hodia do vety?",A. Na APEZÁD Slovenska vypukla ÉDIAPIEME žltačky|B. Slovenskí VRIŠOPTOV si z olympiády odniesli niekoľko IDAMELE|C. TORÁMEDOR slávnostným príhovorom zahájil VÚPSELO sezónu|D. Les v neďalekej EDONIEL sa zmenil na BAKORISÚN,C,"Moderátor, plesovú (v ostatných možnostiach je zmenené písmeno, prípadne aspoň jedno zo slov obsahuje viac písmen, než má).",M3,T5,VJS,bank,sk,true,5_VSJP8_Test_X6_Exam-3ndcxh.pdf,5_VSJP8_Test_X6_Exam_Riesenie-zhweu2.pdf,8
bank-t5-08-fa8ce7ba18,"Skupina turistov prešla za 6 dní 3/11 plánovanej trasy. Za koľko dní prejdú celú trasu, keď počítame, že sa žiadne okolnosti nezmenia?",A. 33|B. 22|C. 44|D. 55,B,"Celá trasa predstavuje 11/11. 1/11 prejdú za 2 dni, to znamená, že celú trasu prejdú za 11 x 2 = 22 dní.",M3,T5,VSP,bank,sk,true,VSJP8_Mudre-predplatne_5_Ulohy-s6hvtz.pdf,VSJP8_Mudre-predplatne_5_Riesenia-00ceqg.pdf,8
bank-cielene-b3-t5-09-a0c6d91ccc,"Pastier Kubko pásol ovce. Okoloidúci sa ho spýtal a Kubko povedal: “Je ich menej ako 500. Ak ich postavím do dvojradu, trojradu, štvorradu, päťradu alebo šesťradu, vždy by jedna ostala. Môžem ich však zoradiť do sedemradu. Koľko oviec mal pastier?",A. 201|B. 301|C. 496|D. 483,D,"483 Hľadáme číslo, ktoré je deliteľné 7 a nie je deliteľné číslami 2 – 6.",M3,T5,VSP,bank,sk,true,VSJP8_Test_Cielene_B.3-qwqjcw.pdf,VSJP8_Test_Cielene_B.3_Riesenie-omn3sb.pdf,9
bank-exam-x6-t5-09-ccdc4dee0f,V ktorej z nasledujúcich možností možno pridaním predpony a- vytvoriť zmysluplné slová ?,"A. - symetrický, -fúzia|B. - proporcia, -rytmický|C. - morálny, -nulovať|D. -patia, -disponovaný",C,"Amorálny, Anulovať",M3,T5,VJS,bank,sk,true,5_VSJP8_Test_X6_Exam-3ndcxh.pdf,5_VSJP8_Test_X6_Exam_Riesenie-zhweu2.pdf,9
bank-t5-09-b65fcdb32f,"V mužskej hádzanej sa jednotlivým mužstvám udeľujú body nasledovne: - 1 bod za remízu, - 0 bodov za prehru. Dukla Banská Bystrica získala v sezóne 11 bodov. Aký je najmenší počet zápasov, ktorý mohlo toto mužstvo odohrať?",A. 4|B. 6|C. 5|D. 8,C,"Ak hľadáme najmenší počet zápasov, uprednostníme výsledok, ktorý predstavuje najviac získaných bodov – teda výhru. Z 11 bodov sme mohli inkasovať 9 za 3 výhry, a ďalšie dva body za dve remízy.",M3,T5,VSP,bank,sk,true,VSJP8_Mudre-predplatne_5_Ulohy-s6hvtz.pdf,VSJP8_Mudre-predplatne_5_Riesenia-00ceqg.pdf,9
bank-cielene-b3-t5-10-fdc71d4ec7,"V tabuľke nájdeme prehľad o obyvateľoch Bratislavy na základe údajov Štatistického úradu SR zo sčítania obyvateľstva v roku 2021. Urči, ktoré tvrdenie je pravdivé.","A. V Bratislave žilo v roku 2021 viac ako 5% cudzincov|B. Z hľadiska vekovej štruktúry má polovica obyvateľstva viac ako 42,49 roka|C. Celkovú plochu Bratislavy v km2 vyrátame predelením počtu obyvateľov jej hustotou|D. Ak by 65- a viacročných obyvateľov bolo trikrát viac, boli by najpočetnejšou skupinou obyvateľstva",D,"Ak by 65- a viacročných obyvateľov bolo trikrát viac, boli by najpočetnejšou skupinou obyvateľstva.",M3,T5,VSP,bank,sk,true,VSJP8_Test_Cielene_B.3-qwqjcw.pdf,VSJP8_Test_Cielene_B.3_Riesenie-omn3sb.pdf,10
bank-exam-x6-t5-10-04d91b1965,Slová podmorský a zámorie sú odvodené od toho istého slova more. Ktorá z nasledujúcich dvojíc slov nie je odvodená od toho istého slova?,A. zeman - zázemie|B. náhrada - hradby|C. prašný - prachovka|D. nákup - kupec,B,"Slovo náhrada sa vzťahuje k uhradeniu/ nahradeniu, čo nemá nič spoločné s hradbami, ktoré sú odvodené od slova hrad.",M3,T5,VJS,bank,sk,true,5_VSJP8_Test_X6_Exam-3ndcxh.pdf,5_VSJP8_Test_X6_Exam_Riesenie-zhweu2.pdf,10
bank-t5-10-8230705ba7,"Otočné dvere urobia 4 úplné otáčky za minútu. V každom z troch sektorov otáčacích dverí je miesto maximálne pre dve osoby. Aký je maximálny počet osôb, ktoré môžu vstúpiť dverami do budovy počas 30 minút?",A. 60|B. 240|C. 180|D. 720,D,3 sektory × 2 osoby = 6 osôb na jednu otáčku . Za jednu minútu je to 6 osôb x 4 otáčky = 24 osôb. Za 30 minút môže vstúpiť maximálne 24 osôb x 30 = 720 osôb.,M3,T5,VSP,bank,sk,true,VSJP8_Mudre-predplatne_5_Ulohy-s6hvtz.pdf,VSJP8_Mudre-predplatne_5_Riesenia-00ceqg.pdf,10
bank-cielene-b3-t5-11-4ba2851eb8,Stroj OTOČNÍK je schopný vykonávať nasledujúce pokyny: i. otoč (n) – otočí sa o n stupňov doprava ii. otoč (-n) – otočí sa o n stupňov doľava iii. čelom vzad = Na začiatku experimentu stojí stroj otočený na západ. Kam sa dostane po vykonaní týchto pokynov? otoč (90) – čelom vzad – otoč (-90) – otoč (135) – otoč (-45),A. juh|B. východ|C. sever|D. juhovýchod,D,"juhovýchod Nemusíme pracne rátať po krokoch, stačí len zrátať uhly a potom určiť smer: 90 + 180 - 90 +135 – 45 = 270°, čiže sa vlastne otočí trikrát o 90° doprava - zo západu na sever, zo severu na východ a z východu na juh.",M3,T5,VSP,bank,sk,true,VSJP8_Test_Cielene_B.3-qwqjcw.pdf,VSJP8_Test_Cielene_B.3_Riesenie-omn3sb.pdf,11
bank-cielene-b3-t5-12-758602f46b,"Nasledujúca postupnosť je vytvorená podľa určitého princípu: a2, c4, f8, j16, … Čo by v nej mohlo nasledovať?",A. m24|B. o32|C. p64|D. k2,A,"k2 Rozdiel medzi písmenami sa zväčšuje o 1 (medzi písmenami v A-C je jedno písmeno, C-F 2 písmená, F-J 3 písmená, J-O 4 písmená), čísla sú rastúce mocniny čísla 2.",M3,T5,VSP,bank,sk,true,VSJP8_Test_Cielene_B.3-qwqjcw.pdf,VSJP8_Test_Cielene_B.3_Riesenie-omn3sb.pdf,12
bank-t5-12-22d90bd1e8,Ivan má tri sesternice a jedného bratranca. Ivanova mama je jedináčik. Minimálne koľko detí musí mať jedna Ivanova stará mama?,A. 1|B. 2|C. 3|D. nevieme určiť,B,"Jedno z detí je Ivanov otec a na to, aby mal Ivan sesternice alebo bratrancov musí mať jeho otec súr odenca. Stačí jeden súrodenec, čiže 1+1.",M3,T5,VSP,bank,sk,true,VSJP8_Mudre-predplatne_5_Ulohy-s6hvtz.pdf,VSJP8_Mudre-predplatne_5_Riesenia-00ceqg.pdf,12
bank-cielene-b3-t5-13-9b7c94ca83,Ktorú skupinu slov možno usporiadať do zmysluplnej vety? (Chýbajúcu interpunknciu neberte do úvahy).,A. stali Švajčiarsko curlingu sveta v sa majsterkami|B. špecializovaného pomocou všetky kontrola položky softvéru|C. kolegyne popri oblečenie práci pre šijem|D. na kilogramov sa Mesiaca ukrývať vody bilióny povrchu,D,na kilogramov sa Mesiaca ukrývať vody bilióny povrchu A – Majsterkami sveta v curlingu sa stali Švajčiarsko (Švajčiarky). B - Všetky položky kontrola (kontrolujú) pomocou špecializovaného softvéru. C - Popri práci šijem oblečenie pre kolegyne. D - Na povrchu Mesiaca sa (môžu) ukrývať bilióny kilogramov vody.,M3,T5,VSP,bank,sk,true,VSJP8_Test_Cielene_B.3-qwqjcw.pdf,VSJP8_Test_Cielene_B.3_Riesenie-omn3sb.pdf,13
bank-t5-13-d86e751068,V rade za sebou kráča na začiatku kačka a za ňou kačiatka. Jedno kačiatko je pred druhým a dve za tretím. Koľko členov má kačacia rodinka?,A. 5|B. 6|C. 7|D. 9,B,"Za tretím kačiatkom sú ešte dve, čiže kačiatok je 5. Musíme však pripočítať aj mamu.",M3,T5,VSP,bank,sk,true,VSJP8_Mudre-predplatne_5_Ulohy-s6hvtz.pdf,VSJP8_Mudre-predplatne_5_Riesenia-00ceqg.pdf,13
bank-cielene-b3-t5-14-9f57a661a8,V jednotlivých slovách sme poprehadzovali písmená. Ktorá možnosť logicky nepatrí medzi ostatné?,A. ačažtkl|B. pokýsy|C. unatste|D. dacnáh,D,"dacnáh A – žltačka, B – osýpky, C – tetanus, D – nádcha, proti ktorej sa nedá zaočkovať",M3,T5,VSP,bank,sk,true,VSJP8_Test_Cielene_B.3-qwqjcw.pdf,VSJP8_Test_Cielene_B.3_Riesenie-omn3sb.pdf,14
bank-t5-14-4426781f39,"Laura má v zásuvke 30 červených a 18 zelených ponožiek. Iné ponožky nemá. Ľavé a pravé ponožky sú rovnaké. Ráno sa oblieka po tme. Koľko ponožiek musí zo zásuvky vytiahn uť, aby s i bola istá, že má aspoň dve ponožky rovnakej farby?",A. 3|B. 48|C. 18|D. 30,A,"Má iba dve farby, takže pri 3 vytiahnutých ponožkách bude mať určite 2 rovnakej farby.",M3,T5,VSP,bank,sk,true,VSJP8_Mudre-predplatne_5_Ulohy-s6hvtz.pdf,VSJP8_Mudre-predplatne_5_Riesenia-00ceqg.pdf,14
bank-cielene-b3-t5-15-40ca04b142,"Mnohí ste sa minulý rok žiakom venovali nielen počas výučby, ale aj po nej. Zaznamenali sme veľký nárast záujmu o doučovanie prostredníctvom projektov „Spolu múdrejší“ či „Spolu úspešnejší.“ Počas letných mesiacov ste mnohí pomáhali svojim žiakom upevniť poznatky prostredníctvom letných škôl. Projekt „Letné školy“ bude pokračovať aj počas tohto leta a verím, že na mnohých z nich sa spoločne stretneme. Na čo sa vzťahuje podčiarknuté slovo nich v uvedenom texte?",A. projekty Spolu múdrejší a Spolu úspešnejší|B. Letné školy|C. letné mesiace|D. vyučovacie hodiny,D,vyučovacie hodiny,M3,T5,VSP,bank,sk,true,VSJP8_Test_Cielene_B.3-qwqjcw.pdf,VSJP8_Test_Cielene_B.3_Riesenie-omn3sb.pdf,15
bank-t5-15-a0afe884ce,Dobre sa pozrite na nasledujúce obrázky. Akú hodnotu bude mať symbol puzzle? + + = 60 + + = 30 - = 3 + + =,A. 20|B. 23|C. 18|D. 27,D,"Sova má hodnotu 20, krab 5, had 2 .",M3,T5,VSP,bank,sk,true,VSJP8_Mudre-predplatne_5_Ulohy-s6hvtz.pdf,VSJP8_Mudre-predplatne_5_Riesenia-00ceqg.pdf,15
bank-cielene-b3-t5-16-32feb455af,"Z uvedených latinských fráz vyber tú, ktorá sa netýka života.","A. Honesta mors turpi vita potior|B. Non scholae, sed vitae discimus|C. Rex mortus, vivat rex|D. Amor non est sanabilis herbis",D,"Amor non est sanabilis herbis. A - Čestná smrť je lepšia než život v hanbe. B - Neučíme sa pre školu, ale pre život. C - Kráľ je mŕtvy, nech žije kráľ. D - Láska nie je vyliečiteľná bylinkami.",M3,T5,VSP,bank,sk,true,VSJP8_Test_Cielene_B.3-qwqjcw.pdf,VSJP8_Test_Cielene_B.3_Riesenie-omn3sb.pdf,16
bank-t5-16-ebf465c63f,"Koľko je teraz hodín, ak čas, ktorý uplynul od poludnia, tvorí tretinu času, ktorý uplynie od poludnia do polnoci?",A. 5:00|B. 16:00|C. 15:00|D. 8:00,B,"Poludnie znamená 12:00 na obed . Do polnoci zostáva 12 hodín. 12/ 3 = 4, čiže teraz je 16:00 a do polnoci ostáva ešte 8 hodín.",M3,T5,VSP,bank,sk,true,VSJP8_Mudre-predplatne_5_Ulohy-s6hvtz.pdf,VSJP8_Mudre-predplatne_5_Riesenia-00ceqg.pdf,16
bank-t5-17-efb494f6ec,"Dve kačky idú pred kačkou, dve kačky za kačkou a v strede je tiež kačka. Koľko najmenej kačiek je v rade?",A. 3|B. 5|C. 7|D. 8,A,Na splnenie všetkých troch podmienok postačujú tri kačky.,M3,T5,VSP,bank,sk,true,VSJP8_Mudre-predplatne_5_Ulohy-s6hvtz.pdf,VSJP8_Mudre-predplatne_5_Riesenia-00ceqg.pdf,17
bank-cielene-b3-t5-18-286c0dac0d,Aká je spoločná vlastnosť všetkých zvierat?,A. Žijú v komunitách|B. Sú živé tvory|C. Žijú vo vode i na súši|D. Môžu byť stavovce a bezstavovce,D,Môžu byť stavovce a bezstavovce.,M3,T5,VSP,bank,sk,true,VSJP8_Test_Cielene_B.3-qwqjcw.pdf,VSJP8_Test_Cielene_B.3_Riesenie-omn3sb.pdf,18
bank-t5-18-94afd2d347,Koľko jednosmerných leteckých liniek treba na priame spojenie každých dvoch z piatich ostrovov v Atramentovom mori?,A. 10|B. 8|C. 15|D. 20,D,"Chceme priamo spojiť každú dvojicu ostrovov, čo znamená, že budeme priamo letieť napríklad z elipsy do osemuholníka bez toho, aby sme prešli cez kruh. Keďže riešime jednosmerné spojenia, budeme rozlišovať trasu z A do B a z B do A. Na každý ostrov pripadajú 4 odchádzajúce lety (predstavme si, že z A sa potrebujeme vedieť dostať do B, C, D, E). 4 lety x 5 ostrovov = 20.",M3,T5,VSP,bank,sk,true,VSJP8_Mudre-predplatne_5_Ulohy-s6hvtz.pdf,VSJP8_Mudre-predplatne_5_Riesenia-00ceqg.pdf,18
bank-cielene-b3-t5-19-c3e0166640,Aké dva typy zverat sú spomenuté v texte?,A. stavovce a bezstavovce|B. ryby a obojživelníky|C. cicavce a plazy|D. mäsožravce a bylinožravce,D,mäsožravce a bylinožravce,M3,T5,VSP,bank,sk,true,VSJP8_Test_Cielene_B.3-qwqjcw.pdf,VSJP8_Test_Cielene_B.3_Riesenie-omn3sb.pdf,19
bank-t5-19-c2de3a05a0,"Na súťaži boli 4 šachisti. Koľko zápasov sa odohralo, ak hral každý s každým práve raz?",A. 4|B. 8|C. 6|D. 12,C,"Ak si šachistov označíme A, B, C, D, tak A odohrá zápas s B, C, D (3 zápasy), B už len s C a D (2 zápasy , keďže s A už zápas prebehol ) a C už len s D (1 zápas). 3+2+1 = 6.",M3,T5,VSP,bank,sk,true,VSJP8_Mudre-predplatne_5_Ulohy-s6hvtz.pdf,VSJP8_Mudre-predplatne_5_Riesenia-00ceqg.pdf,19
bank-cielene-b3-t5-20-ea4f8540f9,Kto podľa textu ovláda svet?,A. matka Zem|B. človek|C. zvieratá|D. príroda,D,príroda,M3,T5,VSP,bank,sk,true,VSJP8_Test_Cielene_B.3-qwqjcw.pdf,VSJP8_Test_Cielene_B.3_Riesenie-omn3sb.pdf,20
bank-t5-20-714a970eef,"Koľko rôznych trojciferných čísel deliteľných 5 môžeme vytvoriť z 2, 4, 5? Číslice sa smú opakovať.",A. 6|B. 7|C. 9|D. 8,C,"Číslo je deliteľné 5 , ak sa končí na 5 alebo 0 – v našom prípade máme k dispozícii len",M3,T5,VSP,bank,sk,true,VSJP8_Mudre-predplatne_5_Ulohy-s6hvtz.pdf,VSJP8_Mudre-predplatne_5_Riesenia-00ceqg.pdf,20
bank-cielene-b3-t5-22-8df68a520e,Ukážka 2 pojednáva o známej krajine. O akú krajinu sa jedná?,A. Egypt|B. Káhira|C. Izrael|D. Grécko,D,Grécko,M3,T5,VSP,bank,sk,true,VSJP8_Test_Cielene_B.3-qwqjcw.pdf,VSJP8_Test_Cielene_B.3_Riesenie-omn3sb.pdf,22
bank-cielene-b3-t5-23-d19601250f,Obdobou zvýrazneného slova Ukážky 2 nie je:,A. vládca|B. predseda|C. cisár|D. kráľ,D,"kráľ Možnosti A, C, D hovoria monarchovi a sú synoymá. Možnosť B sa v tomto kontexte vôbec nepoužíva.",M3,T5,VSP,bank,sk,true,VSJP8_Test_Cielene_B.3-qwqjcw.pdf,VSJP8_Test_Cielene_B.3_Riesenie-omn3sb.pdf,23
bank-cielene-b3-t5-24-cce5882e75,"Slovné spojenie hromadná výpoveď má rovnaký rytmus ako spojenie tradičná výšivka, ale iný rytmus ako spojenie slovenské slovníky. Ktoré z uvedených slovných spojení má iný rytmus ako zvyšné tri?",A. bez nežností|B. nevidomý|C. nemocnica|D. neovoniam,D,"neovoniam Dvojhlásky a slabiky s dĺžňom považujeme za dlhé slabiky. Všetky slová majú štyri slabiky, A, B a D majú poslednú slabiku dlhú: KKKD a možnosť C má len krátke slabiky: KKKK.",M3,T5,VSP,bank,sk,true,VSJP8_Test_Cielene_B.3-qwqjcw.pdf,VSJP8_Test_Cielene_B.3_Riesenie-omn3sb.pdf,24
bank-cielene-b3-t5-25-886368ae32,"Nasledujúci dialóg je v jazyku Interlingua. Aj keď pravdepodobne neovládaš tento jazyk, pokús sa odhadnúť, ktoré zo slov je správne preložené. Peter: Salve! Como te va? Lucia: Io va ben, gratias. E tu? Peter: Io anque va ben, gratias. Es un belle die hodie, nonne? Lucia: Si, vermente es un belle die. Io amazina como le sol splendide illumina omne cosas! Peter: Io concorda con te. Es un grande placer camminar al exteriores in un die como iste. Lucia: Io concorda. Es bon haber un momento pro relaxar nos e gauder le belleza del mundo que nos circumferi.",A. gratias – grátis|B. concorda – súhlasím|C. belleza – samota|D. exteriores – extrovert,D,"exteriores – extrovert Peter: Ahoj! Ako sa máš? Lucia: Mám sa dobre, ďakujem. A ty? Peter: Mám sa fajn, ďakujem. Dnes je pekný deň, no nie? Lucia: Áno, jednoznačne! Som užasnutá nad tým, ako sa rozlieva slnko a všetko osvetľuje. Peter: Súhlasím s tebou. Teší ma kráčať vonku v deň, ako je tento. Lucia: Súhlasím. Je to fajn mať chvíľku na relax a užiť si krásu sveta okolo nás.",M3,T5,VSP,bank,sk,true,VSJP8_Test_Cielene_B.3-qwqjcw.pdf,VSJP8_Test_Cielene_B.3_Riesenie-omn3sb.pdf,25
bank-cielene-b3-t5-26-79359eb793,"Popularne powiedzenie (w zdrowym ciele zdrowy duch) widoczne w tytule tego tekstu jest bardzo ważne. Choć aktywność fizyczna jest czasem bardzo męcząca, to jest też niezbędna dla prawidłowego rozwoju i dla utrzymania zdrowia. Dlatego też każdy powinien mieć jakiś swój ulubiony sport albo inny rodzaj ruchu, który będzie regularnie wykonywał. Podčiarknuté slovo v poľskom texte znamená:",A. príslovie|B. rečníctvo|C. povera|D. rozhovor,A,"rozhovor Populárne príslovie (v zdravom tele zdravý duch) v názve tohto textu je veľmi dôležité. Aj keď je fyzická aktivita niekedy veľmi únavná, je tiež nevyhnutná pre správny vývoj a udržanie zdravia. Každý by preto mal mať obľúbený šport alebo iný druh pohybu, ktorý bude pravidelne vykonávať.",M3,T5,VSP,bank,sk,true,VSJP8_Test_Cielene_B.3-qwqjcw.pdf,VSJP8_Test_Cielene_B.3_Riesenie-omn3sb.pdf,26
bank-cielene-b3-t5-28-3f983528ee,"Najskôr zisti, ako má znieť otázka, a potom zvoľ správnu odpoveď. (Každá bodka predstavuje jedno vynechané písmeno.) Koľko d•• má ka•••••••y r••?",A. 24|B. 12|C. 482|D. 365,D,365 Koľko dní má kalendárny rok?,M3,T5,VSP,bank,sk,true,VSJP8_Test_Cielene_B.3-qwqjcw.pdf,VSJP8_Test_Cielene_B.3_Riesenie-omn3sb.pdf,28
bank-cielene-b3-t5-30-cab567b9ac,V ktorej možnosti sa nenachádza synonymický rad?,A. rozhľadený – vzdelaný – edukatívny – učený|B. súci – schopný – zručný – perspektívny|C. bezduchá – prázdna – neobsažná – bezmyšlienkovitá|D. premrštená – prepiata – predimenzovaná – preexponovaná,D,"premrštená – prepiata – predimenzovaná – preexponovaná Slovo edukatívny (=vzdelávací) nepatrí do synonymického radu, patrilo by sem napr. edukovaný.",M3,T5,VSP,bank,sk,true,VSJP8_Test_Cielene_B.3-qwqjcw.pdf,VSJP8_Test_Cielene_B.3_Riesenie-omn3sb.pdf,30
bank-cielene-b3-t5-31-0e7de9f4d1,"Ktorá z možností sa najlepšie hodí na zakryté miesto v nasledujúcom texte? Referendum je nástroj, ktorý rôzne krajiny využívajú veľmi rozličným spôsobom. Politológ Michal Cirner sa venuje otázkam verejnej politiky a verejnej správy, ________________.","A. zaoberá sa tiež politickým a straníckym systémom|B. referendum je hlasovanie, ktorým voliči celého štátu alebo niektorej z jeho častí rozhodnú o prijatí alebo zamietnutí zákona|C. v právnom poriadku Slovenskej republiky je inštitút referenda upravený v piatej hlave Ústavy Slovenskej republiky|D. regionálny politik označujúci politika, ktorého pôsobenie sa obmedzuje na región menší než územie štátu",D,"regionálny politik označujúci politika, ktorého pôsobenie sa obmedzuje na región menší než územie štátu.",M3,T5,VSP,bank,sk,true,VSJP8_Test_Cielene_B.3-qwqjcw.pdf,VSJP8_Test_Cielene_B.3_Riesenie-omn3sb.pdf,31
bank-cielene-b3-t5-32-5a83922ac5,V ktorej z nasledujúcich viet je zakryté slovo bezprostredne?,"A. Moje 5 ročné dieťa je s nervami v koncoch a mám pocit, že ja som už na tom ________|B. Slováci môžu karanténu ukončiť po negatívnom výsledku RT-PCR testu, ktorý môžu absolvovať aj _________ po príchode na Slovensko|C. Popáleninu nenatierajte žiadnymi masťami, olejmi, krémami ani _________ vaječnými bielkami|D. _________ toho digitálne vzdelávanie umožňuje študentom získať prístup k širokému spektru vzdelávacích materiálov, vrátane videí, interaktívnych cvičení a online kurzov",D,"_________ toho digitálne vzdelávanie umožňuje študentom získať prístup k širokému spektru vzdelávacích materiálov, vrátane videí, interaktívnych cvičení a online kurzov.",M3,T5,VSP,bank,sk,true,VSJP8_Test_Cielene_B.3-qwqjcw.pdf,VSJP8_Test_Cielene_B.3_Riesenie-omn3sb.pdf,32
bank-cielene-b3-t5-33-058ac79b85,"Väčšina prídavných mien je použiteľná v spojení s mnohými podstatnými menami (napr. pekný, vysoký, ťažká). Existujú však aj prídavné mená, ktoré možno v danom rode použiť iba v spojení s veľmi malým počtom podstatných mien. Ktoré z nasledujúcich prídavných mien má túto vlastnosť?",A. asymetrický|B. atmosférický|C. arogantný|D. astronomický,B,astronomický Najčastejšie spojenie je „atmosférický tlak“.,M3,T5,VSP,bank,sk,true,VSJP8_Test_Cielene_B.3-qwqjcw.pdf,VSJP8_Test_Cielene_B.3_Riesenie-omn3sb.pdf,33
bank-cielene-b3-t5-34-963beecbcb,V ktorej vete je podčiarknuté slovo použité nesprávne?,"A. Dnes sme mali na obed polievku s rôsolovitou konzistenciou a veľmi mi chutila|B. Cudzinecká légia sa vydala na dlhú trasu cez národný park, aby si skrátila cestu k cieľu|C. Budúcu stredu sa stretneme na majálese|D. Jeho kastról bol vždy rozhodný, čo mu umožnilo prekonať mnohé prekážky",D,"Jeho kastról bol vždy rozhodný, čo mu umožnilo prekonať mnohé prekážky. Kastról znamená hrniec.",M3,T5,VSP,bank,sk,true,VSJP8_Test_Cielene_B.3-qwqjcw.pdf,VSJP8_Test_Cielene_B.3_Riesenie-omn3sb.pdf,34
bank-cielene-b3-t5-35-4bb40e4885,Ku každému z uvedených slov možno pridať určitú predponu. Pri ktorom z uvedených slov pôjde o inú predponu ako pri ostatných troch?,A. -teraktívny|B. -grafia|C. -lógia|D. -rytmus ČASŤ VŠEOBECNÝ PREHĽAD,A,"-rytmus Interaktívny, biografia, biológia, biorytmus. ČASŤ VŠEOBECNÝ PREHĽAD",M3,T5,VSP,bank,sk,true,VSJP8_Test_Cielene_B.3-qwqjcw.pdf,VSJP8_Test_Cielene_B.3_Riesenie-omn3sb.pdf,35
bank-cielene-b3-t5-36-71bd3cf77b,V ktorej možnosti sa nenachádza pohonná hmota?,A. LPG|B. petrolej|C. CNG|D. nafta,D,nafta,M3,T5,VSP,bank,sk,true,VSJP8_Test_Cielene_B.3-qwqjcw.pdf,VSJP8_Test_Cielene_B.3_Riesenie-omn3sb.pdf,36
bank-cielene-b3-t5-37-986f0e1563,"Cieľom tohto programu je katalogizovať a zachovať kultúrne a prírodné miesta mimoriadneho významu ako spoločné dedičstvo ľudstva. Vybrané lokality môžu po splnení určitých podmienok získať prostriedky z Fondu svetového dedičstva. Program bol založený na základe Dohody o ochrane svetového kultúrneho a prírodného dedičstva prijatej na konferencii 16. novembra 1972 , ktorá sa uskutočnila v Paríži. O akom programe hovorí text?",A. OSN|B. NATO|C. UNESCO|D. NASA,D,NASA,M3,T5,VSP,bank,sk,true,VSJP8_Test_Cielene_B.3-qwqjcw.pdf,VSJP8_Test_Cielene_B.3_Riesenie-omn3sb.pdf,37
bank-cielene-b3-t5-38-5393e47483,Ktorá z uvedených mier nie je dĺžková?,A. námorná míľa|B. svetelný rok|C. kelvin|D. palec,D,palec,M3,T5,VSP,bank,sk,true,VSJP8_Test_Cielene_B.3-qwqjcw.pdf,VSJP8_Test_Cielene_B.3_Riesenie-omn3sb.pdf,38
bank-cielene-b3-t5-39-ec481b60a7,"Ako nazývame ideálne prázdne prostredie, bez látkovej formy hmoty, alebo reálne prostredie, v ktorom je tlak plynu nižší ako atmosférický tlak?",A. vákuum|B. hydrocephalus|C. fahreiheit|D. absolútna nula,D,absolútna nula,M3,T5,VSP,bank,sk,true,VSJP8_Test_Cielene_B.3-qwqjcw.pdf,VSJP8_Test_Cielene_B.3_Riesenie-omn3sb.pdf,39
bank-cielene-b3-t5-40-2cc374ee02,"Označ možnosť, v ktorej sú predpony jednotiek zoradené od najväčšej po najmenšiu.","A. tera, kilo, mega, makro, piko|B. mili, mikro, nano, piko|C. mega, kilo, giga, mikro|D. tera, mega, giga, kilo, mili",D,"tera, mega, giga, kilo, mili",M3,T5,VSP,bank,sk,true,VSJP8_Test_Cielene_B.3-qwqjcw.pdf,VSJP8_Test_Cielene_B.3_Riesenie-omn3sb.pdf,40
bank-cielene-b3-t5-41-0dbdc19a2e,Ktorý jazyk nepatrí medzi ostatné z hľadiska skupiny?,A. estónčina|B. islandčina|C. holandčina|D. švédčina,D,"švédčina Je to ugrofínsky jayk, ostatné sú germánske.",M3,T5,VSP,bank,sk,true,VSJP8_Test_Cielene_B.3-qwqjcw.pdf,VSJP8_Test_Cielene_B.3_Riesenie-omn3sb.pdf,41
bank-cielene-b3-t5-42-d69ce122d3,Ktorá planéta našej slnečnej sústavy sa nazýva aj Červená planéta?,A. Venuša|B. Urán|C. Mars|D. Merkúr,D,Merkúr,M3,T5,VSP,bank,sk,true,VSJP8_Test_Cielene_B.3-qwqjcw.pdf,VSJP8_Test_Cielene_B.3_Riesenie-omn3sb.pdf,42
bank-cielene-b3-t5-43-5cf878630c,Označ hlavné mesto Austrálie.,A. Sydney|B. Canberra|C. Perth|D. Melbourne,D,Melbourne,M3,T5,VSP,bank,sk,true,VSJP8_Test_Cielene_B.3-qwqjcw.pdf,VSJP8_Test_Cielene_B.3_Riesenie-omn3sb.pdf,43
bank-cielene-b3-t5-44-ad5f9048de,Kto bol prvý človek na Mesiaci?,A. Jurij Gagarin|B. Neil Armstrong|C. Oleg Kononenko|D. Robert Houston,D,Robert Houston,M3,T5,VSP,bank,sk,true,VSJP8_Test_Cielene_B.3-qwqjcw.pdf,VSJP8_Test_Cielene_B.3_Riesenie-omn3sb.pdf,44
bank-cielene-b3-t5-45-a4f27bc158,Čo je zobrazené na obrázku?,A. enigma|B. hieroglyf|C. basový kľúč|D. emotikon SKVELÁ PRÁCA! NEZABUDNI SI TEST SKONTROLOVAŤ,D,emotikon,M3,T5,VSP,bank,sk,true,VSJP8_Test_Cielene_B.3-qwqjcw.pdf,VSJP8_Test_Cielene_B.3_Riesenie-omn3sb.pdf,45
bank-evan-martin-2021-t6-01-b42d5e914e,"Ktoré z uvedených slov možno doplniť na zakryté miesto tak, aby vznikla zmysluplná veta? Všetci boli zdesení, ako chladnokrvne spáchal tento ggg podvod.",A. bohapustý|B. bohumilý|C. bohorovný|D. bohabojný,A,Správna odpoveď: A.,M3,T6,VSP,bank,sk,true,6_VSJP8_Test_Evanjelicke_Martin_2021_DOD-zbwsh1.pdf,6_VSJP8_Test_Evanjelicke_Martin_2021_DOD_Riesenie-hfsocw.pdf,1
bank-t6-01-55915f83f7,Nasledujúci graf opisuje potreby učiteľov nemeckého jazyka v ankete. Ktorý z údaj vyplýva z grafu ? (zdroj: pocitacprekazdeho.sk),A. Najmenej učiteľov má záujem o cvičenia na písanie|B. Cvičenia na rozprávanie sa ukázali ako najpopulárnejšie|C. Prieskumu sa zúčastnilo 505 učiteľov|D. Tretina učiteľov prejavila záujem o hry,B,"všímame si žltý stĺpček grafu , hodnota je 86.",M3,T6,VSP,bank,sk,true,VSJP8_Mudre-predplatne_6_Ulohy-uwkir9.pdf,VSJP8_Mudre-predplatne_6_Riesenia-pnxgbz.pdf,1
bank-cielene-b4-t6-02-348cf98cea,"Ukážka 1 (zdroj martinus.sk): História značky Martinus sa začala písať už v roku 1990. Vtedy v Martine založili bratia Miroslav a Jozef Santusovci jedno z prvých súkromných kníhkupectiev na Slovensku. Kníhkupectvo začínalo v malinkých priestoroch, sotva pár metrov štvorcových. Knihy sme si vozili sami – najmä z Bratislavy a Čiech. Neskôr sa Martinus presťahoval do budovy Divadla Slovenského národného povstania, kde kníhkupectvo pôsobilo dlhé roky. Odtiaľ sa v roku 2004 kvôli rekonštrukcii divadla presunulo o pár sto metrov ďalej na martinskú pešiu zónu do nových priestorov, kde ho nájdete dodnes. Martinus sa medzi domácimi rýchlo stal synonymom kníhkupectva a stále sa teší veľkej obľube nielen u Martinčanov. Názov vznikol z latinského prekladu názvu mesta Martin a zároveň slovnou hračkou s priezviskom jedného z o zakladateľov – Miroslava Santusa (santUS). V roku 2000 vznikla myšlienka sprístupniť ponuku kníhkupectva aj ľuďom, ktorí nie sú z Martina, a voľba bola jednoduchá – pôvodná značka sa preniesla na internet a doplnila sa k nej koncovka .sk na dlhé roky – až v roku 2017 sa koncovka oddelila a kníhkupectvo funguje opäť bez nej pod značkou Martinus. Internetové kníhkupectvo Martinus.sk začalo vznikať 10 rokov po otvorení kamenného Martinusu, v septembri 2000. Vtedy sa ku kníhkupcom – bratom Santusovcom pridal programátor (vtedy ešte študent) Michal Meško, a tak vznikla trojica, ktorá začala budovať internetové kníhkupectvo, ktoré malo za cieľ stať sa nie najväčším, ale najlepším obchodom na slovenskom internete. Kníhkupectvo na adrese www.martinus.sk sme spusti li 31.8.2001 o 15:00. Na začiatok stačila jedna miestnosť s veľkosťou 10 metrov štvorcových, v nej jeden počítač, skener, atramentová tlačiareň, prenajatý hosting, pripojenie cez telefónnu linku (neskôr ISDN!), baliaci stôl a taška, s ktorou sa chodilo na poštu. Miro sa staral o katalóg, stránku a objednávky, Jožo vybavoval tovar a balil, dievčatá z kníhkupectva pomáhali vyberať knihy z políc, Mišo programoval. Všetci sme sa učili, ako sa robí internetový obchod. Ktoré tvrdenie súhlasí s informáciami v uvedenom texte?",A. Kníhkupectvo Martinus začínalo na Ulici Slovenského národného povstania v Martine|B. Pri začatí internetového kníhkupectva stačili 4 osoby ako zamestnanci|C. Internetové kníhkupectvo na adrese www.martinus.sk bolo spustené na konci augusta 2000|D. Kníhkupectvo Martinus sa radí medzi jedno z prvých kníhkupectiev v osobnom vlastníctve na Slovensku,D,"Kníhkupectvo Martinus sa radí medzi jedno z prvých kníhkupectiev v osobnom vlastníctve na Slovensku. A – Martinus sa najprv presťahoval do budovy Divadla Slovenského národného povstania. B – Boli minimálne 5 (Miro, Jožo, Mišo + „dievčatá“). C – Bolo spustené 31.8.2001, v roku 2000 začalo len vznikať.",M3,T6,VSP,bank,sk,true,VSJP8_Test_Cielene_B.4-1qxnvh.pdf,VSJP8_Test_Cielene_B.4_Riesenie-eaetxo.pdf,2
bank-evan-martin-2021-t6-02-fe6cb8c504,Z koľkých malých kociek nemôžeme (bez rozrezania) postaviť veľkú kocku?,A. 12|B. 8|C. 27|D. 64,A,Správna odpoveď: A.,M3,T6,VSP,bank,sk,true,6_VSJP8_Test_Evanjelicke_Martin_2021_DOD-zbwsh1.pdf,6_VSJP8_Test_Evanjelicke_Martin_2021_DOD_Riesenie-hfsocw.pdf,2
bank-t6-02-371c9a454f,"Nasledujúci graf zobrazuje dáta o populácii Slovenska v rokoch 1993 – 2010. Označ tvrdenie, ktoré z grafu nevyplýva. (zdroj: wikipedia.org)","A. Najvyšší nárast populácie Slovensko zaznamenalo medzi rokmi 1993 – 1998|B. Populácia Slovenska má stúpajúcu tendenciu|C. Populácia Slovenska prekročila hranicu 5,5 milióna obyvateľov|D. Nárast populácie medzi rokmi 1993 – 2010 neprekročil 1 mil ión",C,"z grafu môžeme vyčítať, že v poslednom uvedenom roku bola populácia mierne nad 5,41 milióna.",M3,T6,VSP,bank,sk,true,VSJP8_Mudre-predplatne_6_Ulohy-uwkir9.pdf,VSJP8_Mudre-predplatne_6_Riesenia-pnxgbz.pdf,2
bank-cielene-b4-t6-03-cca472a585,Ktorú skupinu slov možno usporiadať do zmysluplnej vety? (chýbajúcu interpunkciu neberte do úvahy),A. konca na priznania podania 2023 marca daňového termín do je|B. výške výdavky 15 275 mala € reálne|C. Anna zdravotníckom Slovensku je v zamestnaná štátnom na zariadení|D. následkami finančná považovať to bude všetky nepodanie správa za aj so,D,následkami finančná považovať to bude všetky nepodanie správa za aj so A - Termín podania daňového priznania do konca marca 2023 je na spadnutie (chýba spadnutie). B - Reálne výdavky mala vo výške 15 275 € (chýba vo). C – Anna je zamestnaná v štátnom zdravotníckom zariadení na Slovensku . D - Finančná správa to bude považovať za nepodanie aj so všetkými následkami . (chyba – všetky),M3,T6,VSP,bank,sk,true,VSJP8_Test_Cielene_B.4-1qxnvh.pdf,VSJP8_Test_Cielene_B.4_Riesenie-eaetxo.pdf,3
bank-evan-martin-2021-t6-03-6ef84f7df5,V ktorej z možností je správne utvorené prídavné meno?,A. o dievčati z Myjavy – o Myjavskom dievčati|B. pánom hradu – hradným pánom|C. dej povesti – povestní dej|D. vojen s Turkami – tureckími vojnami,B,Správna odpoveď: B.,M3,T6,VSP,bank,sk,true,6_VSJP8_Test_Evanjelicke_Martin_2021_DOD-zbwsh1.pdf,6_VSJP8_Test_Evanjelicke_Martin_2021_DOD_Riesenie-hfsocw.pdf,3
bank-t6-03-5192b04362,Graf zobrazuje vekové rozloženie priaznivcov počítačových hier. Ktoré z nasledujúcich tvrdení nevyplýva z uvedeného grafu?,A. Najmenej priaznivcov počítačových hier má 35 a viac rokov|B. Súčet percent dvoch najväčších vekových skupín tvorí viac ako polovicu priaznivcov|C. Graf zobrazuje celkovo 6 vekových skupín|D. Ľudia vo veku 15 – 19 rokov tvoria najväčšiu skupinu priaznivcov,A,najmenej priaznivcov počítačových hier má 0 – 14 rokov.,M3,T6,VSP,bank,sk,true,VSJP8_Mudre-predplatne_6_Ulohy-uwkir9.pdf,VSJP8_Mudre-predplatne_6_Riesenia-pnxgbz.pdf,3
bank-t6-04-3e2145a6b7,"V nasledujúc om grafe je zobrazené percentuálne rozloženie práce spolužiakov na skupinovom projekte. Vyber tvrdenie, ktoré z grafu nevyplýva.",A. Marek urobil najviac práce na skupinovom projekte|B. Marek a Veronika spolu urobili viac než polovicu práce|C. Domink a Tereza urobili menej než štvrtinu celkovej práce|D. Najmenej práce urobili Michal s Alicou,C,"Dominik + Tereza = 16 % + 17 % = 33%, čo je viac ako štvrtina (25%) .",M3,T6,VSP,bank,sk,true,VSJP8_Mudre-predplatne_6_Ulohy-uwkir9.pdf,VSJP8_Mudre-predplatne_6_Riesenia-pnxgbz.pdf,4
bank-cielene-b4-t6-05-ef18c5f72f,"Podľa istého princípu sme rozdelili písmená do dvoch skupín. Do 1. skupiny patria: N, I, C, ... Do 2. skupiny patria: F, L, H, ... Odhaľte princíp rozdelenia a rozhodnite, ktoré z nasledujúcich miest je zaradené do správnej skupiny.",A. E – 1. skupina|B. V – 1. skupina|C. X – 2. skupina|D. S – 2. skupina,D,"S – 2. skupina 1 – písmená bez pravého uhla, 2 – písmená s pravým uhlom",M3,T6,VSP,bank,sk,true,VSJP8_Test_Cielene_B.4-1qxnvh.pdf,VSJP8_Test_Cielene_B.4_Riesenie-eaetxo.pdf,5
bank-evan-martin-2021-t6-05-2810dd65bf,"O vete č. 6 platí, že je:","A. jednoduchá, rozvitá, jednočlenná, neúplná, oznamovacia|B. jednoduchá, holá, dvojčlenná, úplná, oznamovacia|C. jednoduchá, rozvitá, dvojčlenná, úplná, oznamovacia|D. jednoduchá, rozvitá, dvojčlenná, neúplná, oznamovacia",C,Správna odpoveď: C.,M3,T6,VSP,bank,sk,true,6_VSJP8_Test_Evanjelicke_Martin_2021_DOD-zbwsh1.pdf,6_VSJP8_Test_Evanjelicke_Martin_2021_DOD_Riesenie-hfsocw.pdf,5
bank-t6-05-c7516c39bd,"Uvedený graf zobrazuje teploty namerané na bratislavskom letisku. Označ odpoveď, ktorá nevyplýva z grafu. (zdroj: shmu.sk)",A. V júli 2021 stúpla denná maximálna teplota vzduchu nad 40°C|B. Aspoň v troch mesiacoch roku 2021 teploty neklesli pod 0°C|C. Z dlhodobého hľadiska je február najchladnejším mesiacom na Slovensku|D. Absolútne historické maximum dennej teploty vzduchu je 40°C,A,"všímame si oranžovú líniu – vidíme, že v roku 2021 denné maximálne teploty neprekročili ani len 35°C.",M3,T6,VSP,bank,sk,true,VSJP8_Mudre-predplatne_6_Ulohy-uwkir9.pdf,VSJP8_Mudre-predplatne_6_Riesenia-pnxgbz.pdf,5
bank-cielene-b4-t6-06-e5e8e8d058,"Nižšie je zobrazený cenník služieb Slovenskej pošty ( https://cennik.posta.sk/ ). Asistentka Klaudia bola na Hlavnej pošte v Bratislave 5. marca 2023 poslať 1 x doporučený list, 1 x balík na Poštu Nové Sady, 1 x balík na Štefánikovu 3 v Námestove a napokon 1 x Expres kuriéra na Poľnú 7 v Sverepci. Koľko eur jej vydali z 20€ bankovky?","A. 2,00€|B. 3,50€|C. 4,50€|D. 7,00€",D,"7,00€ Klaudia platila 2,20+3,90+4,90+7=18€, vydali jej teda presne 2€.",M3,T6,VSP,bank,sk,true,VSJP8_Test_Cielene_B.4-1qxnvh.pdf,VSJP8_Test_Cielene_B.4_Riesenie-eaetxo.pdf,6
bank-evan-martin-2021-t6-06-29a5089802,"Označ možnosť, v ktorej sú všetky slová pravopisne správne:","A. sychravý, výskot, hmýriť sa, brízgať|B. pýtať sa, prebytok, ryčať, rynčia (zbrane)|C. vydávať (zvuk), pomyje, rinúť sa (slzy), zapýriť sa|D. rýdzi, syčať, sypot, ríbezle",C,Správna odpoveď: C.,M3,T6,VSP,bank,sk,true,6_VSJP8_Test_Evanjelicke_Martin_2021_DOD-zbwsh1.pdf,6_VSJP8_Test_Evanjelicke_Martin_2021_DOD_Riesenie-hfsocw.pdf,6
bank-t6-06-86ccf3e7af,Nasledujúci graf zobrazuje výsledky ankety týkajúcej sa zálohovania plechoviek. Označ pravdivú informáciu . (zdroj: cas.sk),"A. V grafe sú uvedené nesprávne hodnoty|B. Viac ako polovica respondentov je spokojná so zálohovaním|C. 2,6% respondentov bolo vyčlenených z grafu|D. V grafe sú práve štyri gramatické chyby",A,súčet hodnôt nie je 100%.,M3,T6,VSP,bank,sk,true,VSJP8_Mudre-predplatne_6_Ulohy-uwkir9.pdf,VSJP8_Mudre-predplatne_6_Riesenia-pnxgbz.pdf,6
bank-cielene-b4-t6-07-38cec78c1d,V ktorej z nasledujúcich postupností sa nachádza chyba?,"A. -5, -3, -1, 2, 4, 6, 8, 10|B. 1, 4, 9, 16, 25, 36, 49|C. 1, 1, 2, 3, 5, 8, 13|D. 3, 6, 9, 12, 15, 18, 21",D,"3, 6, 9, 12, 15, 18, 21 A – postupnosť rastie o +2, po -1 mala ísť 1; B – postupnosť mocnín 1 2, 2 2, 3 2; C – Fibonaciho postupnosť – každý ďalší člen je súčtom dvoch predchádzajúcich; D – postupnosť rastie o +3",M3,T6,VSP,bank,sk,true,VSJP8_Test_Cielene_B.4-1qxnvh.pdf,VSJP8_Test_Cielene_B.4_Riesenie-eaetxo.pdf,7
bank-evan-martin-2021-t6-07-4c13f8282f,V troch možnostiach majú obidve uvedené slovesá podobný význam a líšia sa iba vidom. V ktorej možnosti sa slovesá líšia vidom aj významom?,A. baviť – vybaviť|B. tušiť – vytušiť|C. letieť – vyletieť|D. tvoriť – vytvoriť Evanjelické gymnázium Martin Deň otvorených dverí 3. – 4. 2. 2021 Test všeobecných študijných predpokladov a jazykových schopností - vzor,A,Správna odpoveď: A.,M3,T6,VSP,bank,sk,true,6_VSJP8_Test_Evanjelicke_Martin_2021_DOD-zbwsh1.pdf,6_VSJP8_Test_Evanjelicke_Martin_2021_DOD_Riesenie-hfsocw.pdf,7
bank-t6-07-0c491f6477,"Nasledujúci graf zobrazuje správnosť držania tela u žiakov základných škôl v roku 2002 . Označ tvrdenie, ktoré nevyplýva z grafu. (zdroj: ruvzmi.sk)",A. Žiaci vyšších ročníkov mali horšie držanie tela než žiaci nižších ročníkov|B. Nesprávne držanie tela sa najčastejšie vyskytovalo u žiakov 8. a 9. ročníka|C. V materskej škole sa žiaci naučili správne držať telo|D. Celkový pomer správneho a nesprávneho držania tela bol 2 : 8,C,tento údaj nemáme z grafu ako zistiť.,M3,T6,VSP,bank,sk,true,VSJP8_Mudre-predplatne_6_Ulohy-uwkir9.pdf,VSJP8_Mudre-predplatne_6_Riesenia-pnxgbz.pdf,7
bank-cielene-b4-t6-08-a9f153c74f,"Učiteľka sa chválila rodičom svojich žiakov: „Všetci moji žiaci, ktorých meno sa začína na samohlásku, mali v poslednom diktáte najviac 4 chyby. Jej žiaci povedali: Dušan: Diktát som nikdy nenapísal lepšie ako so siedmimi chybami. Eleonóra: Z poslednej písomky som dosala jednotku a v diktáte som mala len 2 chyby. Štefan: V diktáte som sa pomýlil len v jednom ypsilone. Ivona: V diktáte som napísala aj tieto slová riža, bivol, kobila, vynník a vysieť. Ktoré tvrdenie je v rozpore s učiteľkiným ? VSJP8 B.4 TEST",A. Iba Štefanove|B. 4 TEST|C. Iba Ivonine|D. Žiadne,D,Žiadne,M3,T6,VSP,bank,sk,true,VSJP8_Test_Cielene_B.4-1qxnvh.pdf,VSJP8_Test_Cielene_B.4_Riesenie-eaetxo.pdf,8
bank-evan-martin-2021-t6-08-7530bd9a4a,"Niektoré prídavné mená vnímame ako neutrálne (napr. sklenený), iné majú istý pozitívny alebo negatívny nádych (napr. milý, neútulný). Ktoré z nasledujúcich prídavných mien je neutrálne?",A. svieži|B. pútavý|C. nevyvážený|D. autobiografický,D,Správna odpoveď: D.,M3,T6,VSP,bank,sk,true,6_VSJP8_Test_Evanjelicke_Martin_2021_DOD-zbwsh1.pdf,6_VSJP8_Test_Evanjelicke_Martin_2021_DOD_Riesenie-hfsocw.pdf,8
bank-t6-08-ed58d918c4,Koláčový graf znázorňuje početnosť žiakov jednej školy v rôznych krúžkoch. V ktorých dvoch krúžkoch je rovnaký počet žiakov?,A. v športovom a turistickom|B. v speváckom a športovom|C. v matematickom a dramatickom|D. vo výtvarnom a speváckom,B,Správna odpoveď: B.,M3,T6,VSP,bank,sk,true,VSJP8_Mudre-predplatne_6_Ulohy-uwkir9.pdf,VSJP8_Mudre-predplatne_6_Riesenia-pnxgbz.pdf,8
bank-cielene-b4-t6-09-4c99007851,"Ružová sukňa s volánmi stojí X eur, žlté tričko s lienkami Y eur. Čo platí, pokiaľ vieme, že: X = 0,8*Y?","A. Dve sukne sú o 60% lacnejšie ako tri tričká|B. Tričko stojí o 80% menej ako sukňa|C. Sukňa je o 20% drahšia ako tričko|D. Desať ružových sukní by stálo presne toľko, koľko 8 žltých tričiek",D,"Desať ružových sukní by stálo presne toľko, koľko 8 žltých tričiek. V tomto type úloh je vhodné skúsiť si pre overenie dosadiť reálne hodnoty – napríklad ak tričko Y stojí 10€, po doplnení do rovnice (0,8*10) vychádza, že sukňa X stojí 8€. Tento systém dokáže pomôcť práve pri takýchto „abstraktnejších“ úlohách bez čísel.",M3,T6,VSP,bank,sk,true,VSJP8_Test_Cielene_B.4-1qxnvh.pdf,VSJP8_Test_Cielene_B.4_Riesenie-eaetxo.pdf,9
bank-evan-martin-2021-t6-09-b1c62e8584,"Väčšina prídavných mien je použiteľná v spojení s mnohými podstatnými menami (napríklad pekný, vysoký, ťažký, ...). Existujú však aj také prídavné mená, ktoré možno použiť iba v spojení s veľmi malým počtom podstatných mien. Ktoré z nasledujúcich prídavných mien má túto vlastnosť?",A. dokonalý|B. zarámovaný|C. samostatný|D. očakávaný,B,zarámovaný obraz,M3,T6,VSP,bank,sk,true,6_VSJP8_Test_Evanjelicke_Martin_2021_DOD-zbwsh1.pdf,6_VSJP8_Test_Evanjelicke_Martin_2021_DOD_Riesenie-hfsocw.pdf,9
bank-t6-09-3cc876cdb7,Graf: Podiel tržieb aquaparkov na celkových tržbách. Zdroj: Podnikatel.sk Ktorá možnosť nevyplýva z grafu ?,"A. Všetky aquaparky spolu tvoria 100% tržieb|B. Aquapark Galandia nemá žiadny podiel na celkových tržbách|C. Najvyššie zisky mali Slovenské liečebné kúpele Turčianske Teplice,|D. Tržby aquaparku Poprad, s. r. o. majú približne štvrtinový podiel na celkových tržbách",B,aquapark Galandia má podiel 1%.,M3,T6,VSP,bank,sk,true,VSJP8_Mudre-predplatne_6_Ulohy-uwkir9.pdf,VSJP8_Mudre-predplatne_6_Riesenia-pnxgbz.pdf,9
bank-cielene-b4-t6-10-216d6136a0,"Babka Štefka pečie koláč pre svoje vnúčatá. Zabudla však, či príd e všetkých 8, 4 alebo len 3 vnúčatká. Na najmenej koľko kúskov musí koláč nakrájať, aby každé vnúča mohlo zjesť spravodlivo veľa?",A. 12|B. 24|C. 36|D. 30,D,"30 Hľadáme vlastne najmenší spoločný násobok čísel 8, 4 a 3 – tým je 24.",M3,T6,VSP,bank,sk,true,VSJP8_Test_Cielene_B.4-1qxnvh.pdf,VSJP8_Test_Cielene_B.4_Riesenie-eaetxo.pdf,10
bank-t6-10-72f62fe8ae,"Bunka je sústava mnohých chemických zlúčenín. Na obrázku je znázornené percentuálne zastúpenie jej jednotlivých zložiek. Označte možnosť, ktorá z grafu vyplýva.","A. Sacharidy, lipidy, nukleové kyseliny a minerálne látky tvoria spolu štvrtinu celkového zloženia bunky|B. Voda tvorí maximálne polovicu bunky|C. Percentuálny podiel bielkovín nevieme z grafu zistiť|D. Voda a sacharidy spolu tvoria takmer tri štvrtiny zloženia bunky",D,65 % + 9 % = 74 %,M3,T6,VSP,bank,sk,true,VSJP8_Mudre-predplatne_6_Ulohy-uwkir9.pdf,VSJP8_Mudre-predplatne_6_Riesenia-pnxgbz.pdf,10
bank-cielene-b4-t6-11-23ea63f21d,V nasled ujúcich slovách sme poprehadzovali písmenká. Ktor é logicky nepatrí medzi ostatné?,A. ávalifo|B. áonvžoar|C. ávuorž|D. áorysyvtk,D,"áorysyvtk A – fialová, B – oranžová, C – ružová , D – tyrkysová",M3,T6,VSP,bank,sk,true,VSJP8_Test_Cielene_B.4-1qxnvh.pdf,VSJP8_Test_Cielene_B.4_Riesenie-eaetxo.pdf,11
bank-evan-martin-2021-t6-11-5f4647f8a2,V ktorej z možností je správne uvedený slovenský preklad cudzieho slova?,A. akcent – prízvuk|B. akceptácia – pochvala|C. okupácia – vojna|D. fotel – otec,A,Správna odpoveď: A.,M3,T6,VSP,bank,sk,true,6_VSJP8_Test_Evanjelicke_Martin_2021_DOD-zbwsh1.pdf,6_VSJP8_Test_Evanjelicke_Martin_2021_DOD_Riesenie-hfsocw.pdf,11
bank-t6-11-a6b8ded7ac,"V nasledujúcej tabuľke je uvedené hodnotenie globálnych kompetencií žiakov na Slovensku v medzinárodnej štúdii PISA 2018. Označ tvrdenie, ktoré je určite pravdivé. (zdroj: nucem.sk)",A. Slovensko sa v testovaní umiestnilo v spodnom pásme priemeru|B. Rozdiel v skóre medzi Slovenskom a najlepšie umiestnenou krajinou je 90|C. Čína sa do testovania zapojila dvakrát|D. Z anglicky hovoriacich krajín sa najvyššie umiestnilo Spojené kráľovstvo,B,Si ngapur – Slovensko = 90,M3,T6,VSP,bank,sk,true,VSJP8_Mudre-predplatne_6_Ulohy-uwkir9.pdf,VSJP8_Mudre-predplatne_6_Riesenia-pnxgbz.pdf,11
bank-cielene-b4-t6-12-a0c9f72fdc,"Hra Búrka sa hrá s číslami. Na začiatku si zvolíme ľubovoľné prirodzené číslo. Potom ho postupne meníme : Na úvod mu poprehadzujeme všetky číslice odzadu dopredu. Ďalej ho vydelíme číslom 2. K získanému číslu prirátame 13. Dve stredné číslice vymeníme. Napokon ho vynásobíme 5. Ak začneme s číslom 2698 , k akému číslu dospejeme ?",A. 8160|B. 24720|C. 22405|D. 28990,B,28990 2698 – 8962 – 4481 – 4494 – 4944 – 24 720,M3,T6,VSP,bank,sk,true,VSJP8_Test_Cielene_B.4-1qxnvh.pdf,VSJP8_Test_Cielene_B.4_Riesenie-eaetxo.pdf,12
bank-evan-martin-2021-t6-12-c3cfe7363e,"Ktorú dvojicu slov možno doplniť na zakryté miesta tak, aby vznikla zmysluplná veta? Vzhľadom na ggg zloženie bratislavského publika bolo pozývanie hosťujúcich spevákov, ktorých mená diváci poznali z viedenských a budapeštianskych novín, dôležitým ggg hospodárskeho úspechu divadla.",A. lukratívne / predpokladom|B. lukratívne / dôsledkom|C. viacnárodné / predpokladom|D. viacnárodné / dôsledkom Evanjelické gymnázium Martin Deň otvorených dverí 3. – 4. 2. 2021 Test všeobecných študijných predpokladov a jazykových schopností - vzor MATEMATIKA,D,"aby bolo divadlo úspešné, museli pozývať hostí ... teda hostia boli dôležitým predpokladom úspechu; naopak úspech by bol dôsledkom pozývania hostí MAT",M3,T6,VSP,bank,sk,true,6_VSJP8_Test_Evanjelicke_Martin_2021_DOD-zbwsh1.pdf,6_VSJP8_Test_Evanjelicke_Martin_2021_DOD_Riesenie-hfsocw.pdf,12
bank-t6-12-1c13c2400c,V nasledujúc ej tabuľke sú uvedené hodnoty koláčov v cukrárni medzi rokmi 2018 –2020. Ktoré z tvrdení nie je pravdivé?,A. Cena veter níka nek les ala|B. Cena krémeša má stúpajúcu tendenciu|C. Cena bublaniny má stúpajúcu tendenciu|D. V roku 2019 cena muffinu klesla oproti predchádzajúcemu roku,C,"v roku 2019 cena vzrástla na 1,35%.",M3,T6,VSP,bank,sk,true,VSJP8_Mudre-predplatne_6_Ulohy-uwkir9.pdf,VSJP8_Mudre-predplatne_6_Riesenia-pnxgbz.pdf,12
bank-cielene-b4-t6-13-2b059a23d4,"Vyber dvojicu slov, ktorá sa gramaticky a štylisticky najlepšie hodí na vynechané miesta: Rodová rovnosť je teda spravodlivé zaobchádzanie so ženami a mužmi, čo môže znamenať tak _________ zaobchádzanie, ako aj zaobchádzanie, ktoré je rozdielne, ale je ekvivalentné z hľadiska __________, výhod, povinností a možností.",A. rovnaké - práv|B. sp ontánne - príležitostí|C. rôzne - pohlavia|D. ekvivalentné - bonusov VSJP8,D,ekvivalentné - bonusov,M3,T6,VSP,bank,sk,true,VSJP8_Test_Cielene_B.4-1qxnvh.pdf,VSJP8_Test_Cielene_B.4_Riesenie-eaetxo.pdf,13
bank-t6-13-afa7b06614,"V nasledujúcej tabuľke sú uvedené mesačné počty zamestnancov jednej firmy. Vyber tvrdenie, ktoré z tabuľky vyplýva.",A. Na oddelení bezpečnosti v uvedených mesiacoch pracovali tí istí ľudia|B. Oddelenie administratívy malo najmenej zamestnancov v júli|C. Na vrátnici firma potrebuje minimálne piatich ľudí|D. V auguste pracovalo na oddelení ľudských zdrojov najviac zamestnancov,B,31 zamestnancov.,M3,T6,VSP,bank,sk,true,VSJP8_Mudre-predplatne_6_Ulohy-uwkir9.pdf,VSJP8_Mudre-predplatne_6_Riesenia-pnxgbz.pdf,13
bank-cielene-b4-t6-14-051b17903b,"V prednáškovej sále Prijímačiek nanečisto sa nachádza 12 radov po 16 sedadiel. Najmenej koľko žiakov musí v sále sedieť, aby sme mali istotu, že v každom rade sedí aspoň jeden žiak?",A. 12|B. 16|C. 38|D. 177,D,"177 Predstavíme si extrém, v ktorom je 11 radov plne obsadených (11 radov x 16 sedadiel) a zároveň v dvanástom rade ešte nik nesedí. Teda musí tam byť minimálne o jedného žiaka viac, teda 177 žiakov.",M3,T6,VSP,bank,sk,true,VSJP8_Test_Cielene_B.4-1qxnvh.pdf,VSJP8_Test_Cielene_B.4_Riesenie-eaetxo.pdf,14
bank-t6-14-886769f9e0,Nasledujúca tabuľka z roku 2019 zobrazuje vývoj trhu pre všetky kategórie nových vozidiel na Slovensku. Ktoré tvrdenie z tabuľky nevyplýva?,A. Konštantne najviac predávanými sú osobné automobily|B. Počet všetkých predaných vozidiel v roku 2019 stúpol oproti roku 2018|C. Vývoj trhu pre kategóriu vozidiel N3 má klesajúcu tendenciu|D. V roku 2020 stúpol predaj osobných automobilov o približne 500,D,"údaj týkajúci sa roka 2020 je len odhad, reálne dáta nie sú z tabuľky zrejmé.",M3,T6,VSP,bank,sk,true,VSJP8_Mudre-predplatne_6_Ulohy-uwkir9.pdf,VSJP8_Mudre-predplatne_6_Riesenia-pnxgbz.pdf,14
bank-t6-15-fd793a9bb6,Nasledujúca tabuľka zobrazuje počet obyvateľov Slovenska vo veku 20 – 49 rokov bez formálneho vzdelania alebo so základným vzdelaním v jednotlivých krajoch v roku 2011. Ktoré tvrdenie vyplýva z tabuľky?,"A. Najvyšší počet ľudí so základným vzdelaním žije v Košickom kraji|B. Najvyšší podiel ľudí so základným vzdelaním žije v Bratislavskom a Prešovskom kraji|C. Najmenej ľudí bez formálneho vzdelania žije v Banskobystrickom kraji|D. Celkový podiel ľudí bez formálneho vzdelania na Slovensku je 7,1 %",A,"10,5 %",M3,T6,VSP,bank,sk,true,VSJP8_Mudre-predplatne_6_Ulohy-uwkir9.pdf,VSJP8_Mudre-predplatne_6_Riesenia-pnxgbz.pdf,15
bank-cielene-b4-t6-16-44791bdab2,"Vyber možnosť, v ktorej sa nachádza slovo, ktorým možno nahradiť zvýraznené slovo vo vete. Ak ste sa na tajch vybrali s deťmi, odporúčame si zapožičať vhodnú výbavu, pokiaľ ju nemáte .",A. výlet|B. ranč|C. jazero|D. salaš,C,salaš Tajch = jazero vzniknuté banskou činnosťou.,M3,T6,VSP,bank,sk,true,VSJP8_Test_Cielene_B.4-1qxnvh.pdf,VSJP8_Test_Cielene_B.4_Riesenie-eaetxo.pdf,16
bank-t6-16-2b060c27b9,Tabuľka zobrazuje rozlohu lesov Slovenska podľa vegetačných stupňov. Ktoré tvrdenie vyplýva z tabuľky?,A. Dubový vegetačný stupeň je charakteristický pre nadmorskú výšku nad 300 m|B. Najvyšší podiel porastovej pôdy má dubovo -bukový vegetačný stupeň|C. Najvzácnejší výskyt na Slovensku má smrekový vegetačný stupeň|D. Najviac ročných zrážok sa vyskytuje v smrekovo -bukovo -jedľovom vegetačnom stupni,B,"23,8 %",M3,T6,VSP,bank,sk,true,VSJP8_Mudre-predplatne_6_Ulohy-uwkir9.pdf,VSJP8_Mudre-predplatne_6_Riesenia-pnxgbz.pdf,16
bank-cielene-b4-t6-17-0cc6bc8bf5,"Z ponúkaných slovies vyber to, ktoré má podobný význam ako sloveso disponovať .",A. mať|B. naťahovať|C. vydávať|D. umiestniť,D,umiestniť,M3,T6,VSP,bank,sk,true,VSJP8_Test_Cielene_B.4-1qxnvh.pdf,VSJP8_Test_Cielene_B.4_Riesenie-eaetxo.pdf,17
bank-t6-17-c13148cbe3,"V tabuľke sú slovenské vysoké školy zoradené zostupne podľa počtu zapísaných a prijatých uchádzačov (stĺpec ""zápis"") pre akademický rok 2021/2022. 96,5 Ktorá z možností nevyplýva z tabuľky?",A. Najnižší počet prihlášok bol podaný na VŠ zdravotníctva a soc. práce sv. Alžbety v Bratislave|B. Najnižší podiel prijatých uchádzačov bol na Univerzite Komenského v Bratislave|C. Žilinská univerzita v Žiline prijala menej ako|D. Na Univerzitu Pavla Jozefa Šafárika v Košiciach sa nezapísalo takmer 1000 prijatých uchádzačov,C,prijala až 92 % uchádzačov.,M3,T6,VSP,bank,sk,true,VSJP8_Mudre-predplatne_6_Ulohy-uwkir9.pdf,VSJP8_Mudre-predplatne_6_Riesenia-pnxgbz.pdf,17
bank-cielene-b4-t6-18-13623a9811,"Aj keď pravdepodobne neovládaš latinčinu, pokús sa určiť, čo znamená výrok : Quam bene vivas refert, non quam diu.","A. Ako sa do hory volá, tak sa z hory ozýva|B. Buď si nájdem cestu, alebo si ju vytvorím|C. Dôležité je, ako si žil, nie ako dlho|D. Očakávaj rovnaké zaobchádzanie, aké si prejavil ty",D,"Očakávaj rovnaké zaobchádzanie, aké si prejavil ty. Všímame si kľúčové slová – bene = dobre, vivas = niečo so životom, non = zápor, dvakrát quam.",M3,T6,VSP,bank,sk,true,VSJP8_Test_Cielene_B.4-1qxnvh.pdf,VSJP8_Test_Cielene_B.4_Riesenie-eaetxo.pdf,18
bank-t6-18-87ae8e0796,"Nasledujúca tabuľka sa zaoberá rodovou rovnosťou, teda rovnosťou medzi mužmi a ženami vo vede a technike na Slovensku v rokoch 2014 – 2020. Ktorá z možností vyplýva z tabuľky?",A. Medzi rokmi 2014 -2019 ubúdal podiel zamestnankýň výskumu a vývoja s vysokoškolským vzdelaním (VŠ) 2. stupňa|B. Podiel mužských zamestnancov výskumu a vývoja má klesajúcu tendenciu|C. Počet ženských výskumníčok neustále stúpal|D. Pomer zamestnancov a zamestnankýň výskumu a vývoja s kvalifikáciou VŠ 1. stupňa v roku 2020 je 6:1,A,"predposledný riadok tabuľky – podiel klesá zo 43,3% na 36,5 %.",M3,T6,VSP,bank,sk,true,VSJP8_Mudre-predplatne_6_Ulohy-uwkir9.pdf,VSJP8_Mudre-predplatne_6_Riesenia-pnxgbz.pdf,18
bank-cielene-b4-t6-19-7d5ddb184f,"V ktorej vete nemožno v oboch zvýraznených slovách zmeniť poradie písmen tak, aby vznikli spisovné a správne napísané slová, ktoré sa významovo aj gramaticky hodia?","A. Knižne UEVALDTOB v roku 1993, odvtedy vydal vyše tri EKYDATSI kníh|B. Presadil sa najmä ako RUT MAO historickej fantasy so slovanskými VMITÍMO|C. Napísal aj samostatný MORNÁ Sekera z bronzu, rúno zo zlata inšpirovaný antickou mytológiou, západným TEEWRNS s hororovými a fantasy prvkami|D. ČANZNÝ ohlas zaznamenali autorove RIHCKÉIOTS romány, predovšetkým dobové detektívky o kapitánovi Steinovi a notárovi Barbaričovi",D,"ČANZNÝ ohlas zaznamenali autorove RIHCKÉIOTS romány, predovšetkým dobové detektívky o kapitánovi Steinovi a notárovi Barbaričovi . A – debutoval, desiatky , B – autor (M) , motívmi , C – román , western , D – historické , značný .",M3,T6,VSP,bank,sk,true,VSJP8_Test_Cielene_B.4-1qxnvh.pdf,VSJP8_Test_Cielene_B.4_Riesenie-eaetxo.pdf,19
bank-t6-19-cf85b2cbab,Železničná spoločnosť Slovensko pripravila pred sviatkami v roku 2017 mimoriadne posilové spoje na trase Bratislava – Košice. Ktorá z možností z tabuľky nevyplýva?,A. Najobsadenejším vlakom bol vlak R 611 INTERSPORT|B. R 815 Slatina a R 611 INTERSPORT prešli trasu Bratislava – Košice za rovnakú dobu|C. Vlak IC 513 nevyrážal z Bratislavy,B,R 611 prešiel trasu rýchlejšie.,M3,T6,VSP,bank,sk,true,VSJP8_Mudre-predplatne_6_Ulohy-uwkir9.pdf,VSJP8_Mudre-predplatne_6_Riesenia-pnxgbz.pdf,19
bank-cielene-b4-t6-20-a4581f61e8,Ktorá predpona nemá ekvivalentné numerické vyjadrenie?,A. semi -|B. okta -|C. hemi -|D. poli - VSJP8,A,"poli - A – semi (pol) , B – okta (Osem) , C – hemi (pol) , D – poli (mestský) .",M3,T6,VSP,bank,sk,true,VSJP8_Test_Cielene_B.4-1qxnvh.pdf,VSJP8_Test_Cielene_B.4_Riesenie-eaetxo.pdf,20
bank-t6-20-db3e608582,"Keďže práca v zdravotníctve patrí medzi jedno z nielen najdôležitejších, ale i najzodpovednejších a najťažších zamestnaní vôbec, je potrebné ju patrične ohodnotiť. S týmto názorom sa zrejme stotožnili aj politici, ktorým sa na zvýšenie platov od roku 2019 podarilo navýšiť rozpočet oproti predchádzajúcemu roku. Ktorá z možností vyplýva z tabuľky?",A. Zdravotnícky záchranár bude mať v roku 2019 rovnaký plat ako logopéd|B. Farmaceutický laborant si v roku 2019 polepší o najmenšiu sumu|C. V roku 2018 zarábal zdravotnícky laborant viac ako farmaceutický laborant|D. Plat sa najviac zvýši rádiologickému technikovi,C,"zdravotnícky laborant zarábal 1053 eur, farmaceutický laborant 907 eur.",M3,T6,VSP,bank,sk,true,VSJP8_Mudre-predplatne_6_Ulohy-uwkir9.pdf,VSJP8_Mudre-predplatne_6_Riesenia-pnxgbz.pdf,20
bank-cielene-b4-t6-21-fbe8c351e6,"Slovné spojenie obytný dom má rovnaký rytmus ako slovné spojenie zelený strom , ale iný rytmus ako spojenie kráľovský trón . Ktoré z uvedených slovných spojení má iný rytmus ako ostatné tri?",A. nemôžeme|B. nabíjanie|C. za vítala|D. nemá Anna,D,"nemá Anna A, C, D – rytmus K DKK , B – rytmus KDKD (dvojhlásky považujeme za dlhé slabiky)",M3,T6,VSP,bank,sk,true,VSJP8_Test_Cielene_B.4-1qxnvh.pdf,VSJP8_Test_Cielene_B.4_Riesenie-eaetxo.pdf,21
bank-cielene-b4-t6-22-8218967fa6,"V ktorom z uvedených slov nemožno nahradiť otázniky písmenami (1 otáznik = 1 písmeno) tak, aby vzniklo slovo (v nominatíve singuláru) označujúce remeselníka ?",A. ?BUVN??|B. ?? AJČÍ ?|C. ?? OPT?|D. ?TOLÁ ?,A,"?TOLÁ ? A – obuvník , B – krajčír , C – X, D - stolár",M3,T6,VSP,bank,sk,true,VSJP8_Test_Cielene_B.4-1qxnvh.pdf,VSJP8_Test_Cielene_B.4_Riesenie-eaetxo.pdf,22
bank-cielene-b4-t6-23-2eb98774f3,"Aj keď pravdepodobne nevieš po poľsky, skús určiť, čo znamená podčiarknuté slovo v Ukážke 2 (zdroj: https://avantassessment.com/polish -writing -examples). Każdy człowiek ma prawo do nauki. Nauka jest bezpłatna, przynajmniej na stopniu podstawowym. Nauka podstawowa jest obowiązkowa. Oświata techniczna i zawodowa jest powszechnie dostępna, a studia wyższe są dostępne dla wszystkich na zasadzie równości w zależ ności od zalet osobistych. Celem nauczania jest pełny rozwój osobowości ludzkiej i ugruntowanie poszanowania praw człowieka i podstawowych wolności. Krzewi ono zrozumienie, tolerancję i przyjaźń między wszystkimi narodami, grupami rasowymi lub religijnymi; popiera działalność Organizacji Narodów Zjednoczonych zmierzającą do utrzymania pokoju. Rodzice mają prawo pierwszeństwa w wvborze nauczania, które ma być dane ich dzieciom.",A. reálnymi|B. regionálnymi|C. náboženskými|D. súťažnými,D,"súťažnými Preklad: Každý má právo na vzdelanie. Vzdelávanie musí byť bezplatné, aspoň v základných a základných fázach. Základné vzdelanie je povinné. Technické a odborné vzdelanie bude všeobecne dostupné a vysokoškolské vzdelanie bude rovnako dostupné pre všetkých na základe zásluh. Výchova má smerovať k plnému rozvoju ľudskej osobnosti ak posilňovaniu rešpektovania ľudských práv a základných slobôd. Bude podporovať porozumenie, toleranciu a priateľstvo medzi všetkými národmi, rasovými alebo ná",M3,T6,VSP,bank,sk,true,VSJP8_Test_Cielene_B.4-1qxnvh.pdf,VSJP8_Test_Cielene_B.4_Riesenie-eaetxo.pdf,23
bank-cielene-b4-t6-24-23d388e7f7,"Vyber možnosť, ktorá najviac vystihuje obsah Ukážky 2.",A. Deti a škola|B. Výchova detí a ich zdravý vývin|C. Európska únia|D. Ľudské práva,D,Ľudské práva,M3,T6,VSP,bank,sk,true,VSJP8_Test_Cielene_B.4-1qxnvh.pdf,VSJP8_Test_Cielene_B.4_Riesenie-eaetxo.pdf,24
bank-cielene-b4-t6-25-f3fdf4093c,Posledná veta Ukážky 2 hovorí o:,A. práve podieľať sa na rozhodnutiach Národného výboru|B. práve rozhodovať o vzdelaní ich detí|C. výchove detí adoptívnymi rodičmi|D. výchove a vzdelávaní detí v rámci EÚ,D,výchove a vzdelávaní detí v rámci EÚ .,M3,T6,VSP,bank,sk,true,VSJP8_Test_Cielene_B.4-1qxnvh.pdf,VSJP8_Test_Cielene_B.4_Riesenie-eaetxo.pdf,25
bank-cielene-b4-t6-26-459cecbce4,Ktoré slovo je synonymom k slovu tarifa ?,A. sadzba|B. mý to|C. schopnosť|D. stánok,D,stánok,M3,T6,VSP,bank,sk,true,VSJP8_Test_Cielene_B.4-1qxnvh.pdf,VSJP8_Test_Cielene_B.4_Riesenie-eaetxo.pdf,26
bank-cielene-b4-t6-27-ad55be9ccb,V ktorej možnosti môžeme na zakr yté miesto doplniť slovo megalomanský?,"A. Mesto pripravuje ___________ zdravotnícky komplex, kde budú rôzne špecializované nemocnice a liečebné centrá, ale aj hotel, obchodný dom či fitness|B. Dvaja ___________funkcionári prijali správu o umiestnení bomby na úrade cez sociálnu sieť 9. marca tohto roka. VSJP8|C. Tento tradičný ___________ recept z kuchyne portálu Ženy v meste si určite obľúbite|D. Dostaňte sa kamkoľvek potrebujete, a to čo najrýchlejšie a hlavne ______",D,"Dostaňte sa kamkoľvek potrebujete, a to čo najrýchlejšie a hlavne ___________ .",M3,T6,VSP,bank,sk,true,VSJP8_Test_Cielene_B.4-1qxnvh.pdf,VSJP8_Test_Cielene_B.4_Riesenie-eaetxo.pdf,27
bank-cielene-b4-t6-28-7a548ce504,"V nasledujúcom texte sú vynechané dve slová. Vyber tú z možností, ktorá najvhodnejšie doplní text. Nejstarší reprezentantka Krejčíková v týmové soutěži ___________ především ve čtyřhře a na své premiérové vítězství v singlu ___________ čeká.",A. září - stále|B. odehrála - utkání|C. správně - docela|D. nestačila - jasně,D,nestačila - jasně,M3,T6,VSP,bank,sk,true,VSJP8_Test_Cielene_B.4-1qxnvh.pdf,VSJP8_Test_Cielene_B.4_Riesenie-eaetxo.pdf,28
bank-cielene-b4-t6-29-4f6070fdc9,"V ktorej možnosti sú uvedené slová, ktoré spolu významovo nesúvisia?",A. kaziť - pokaziť|B. vážiť - prevážiť|C. vládnuť - zvládnuť|D. topiť – utopiť,D,topiť – utopiť,M3,T6,VSP,bank,sk,true,VSJP8_Test_Cielene_B.4-1qxnvh.pdf,VSJP8_Test_Cielene_B.4_Riesenie-eaetxo.pdf,29
bank-cielene-b4-t6-30-cb2a734864,"Väčšina prídavných mien je použiteľná v spojení s mnohými podstatnými menami (napr. pekné, malý, ťažké). Existujú však aj prídavné mená, ktoré možno v danom rode použiť len v spojení s veľmi malým množstvom podstatných mien. Ktoré z nasledujúcich prídavných mien má túto vlastnosť?",A. uveriteľná|B. vierohodná|C. vernostná|D. dôverná VŠEOBECNÝ PREHĽAD,C,dôverná Vernostná – používa sa najmä v spojení vernostná karta alebo zľava. VŠEOBECNÝ PREHĽAD,M3,T6,VSP,bank,sk,true,VSJP8_Test_Cielene_B.4-1qxnvh.pdf,VSJP8_Test_Cielene_B.4_Riesenie-eaetxo.pdf,30
bank-cielene-b4-t6-31-5ae9627c6f,Ktoré z nasledujúcich rímskych čísel je najväčšie?,A. DIV|B. LVI|C. LXVIII|D. DX LVI,D,"DX LVI 504, 56, 68, 546",M3,T6,VSP,bank,sk,true,VSJP8_Test_Cielene_B.4-1qxnvh.pdf,VSJP8_Test_Cielene_B.4_Riesenie-eaetxo.pdf,31
bank-cielene-b4-t6-32-13187ce59d,Ktorý štát nepatrí medzi ostatné?,A. Oklahoma|B. Etiópia|C. Keňa|D. Kongo,A,"Kongo Oklahoma je jednou z krajín USA, ostatné sú v Afrike.",M3,T6,VSP,bank,sk,true,VSJP8_Test_Cielene_B.4-1qxnvh.pdf,VSJP8_Test_Cielene_B.4_Riesenie-eaetxo.pdf,32
bank-cielene-b4-t6-33-f7a685b6bd,"Vyber tvrdenie, ktoré nie je pravdivé. DVA LITRE VODY...",A. vážia 2 kg|B. sú 2 dm 3|C. vážia rovnako ako dva litre oleja|D. majú objem 2000 ml,D,majú objem 2000 ml.,M3,T6,VSP,bank,sk,true,VSJP8_Test_Cielene_B.4-1qxnvh.pdf,VSJP8_Test_Cielene_B.4_Riesenie-eaetxo.pdf,33
bank-cielene-b4-t6-34-a2f9dad16f,Ktorý z uvedených názvov nepomenúva kraj na Slovensku?,A. Popradský|B. Prešovský|C. Banskobystrický|D. Žilinský VSJP8,D,Žilinský,M3,T6,VSP,bank,sk,true,VSJP8_Test_Cielene_B.4-1qxnvh.pdf,VSJP8_Test_Cielene_B.4_Riesenie-eaetxo.pdf,34
bank-cielene-b4-t6-36-2fd0ac14a2,Ktorý slovanský jazyk nepatrí medzi ostatné?,A. chorvátsky|B. bieloruský|C. slovinský|D. bosniansky,B,"bosniansky Bieloruský patrí medzi východoslovanské jazyky, ostatné sú južnoslovanské.",M3,T6,VSP,bank,sk,true,VSJP8_Test_Cielene_B.4-1qxnvh.pdf,VSJP8_Test_Cielene_B.4_Riesenie-eaetxo.pdf,36
bank-cielene-b4-t6-38-63de3c47a0,Kedy vstúpilo Slovensko do Eurozóny?,A. 2004|B. 2009|C. 2008|D. 2007,D,2007,M3,T6,VSP,bank,sk,true,VSJP8_Test_Cielene_B.4-1qxnvh.pdf,VSJP8_Test_Cielene_B.4_Riesenie-eaetxo.pdf,38
bank-cielene-b4-t6-39-0085ee460c,Ktorá bylina nepatrí medzi ostatné?,A. majorán|B. koriander|C. tymián|D. medovka,D,medovka Medovka nie je korenina.,M3,T6,VSP,bank,sk,true,VSJP8_Test_Cielene_B.4-1qxnvh.pdf,VSJP8_Test_Cielene_B.4_Riesenie-eaetxo.pdf,39
bank-cielene-b4-t6-40-6fd9736479,Brat uja môjho brata môže byť môj:,A. bratranec|B. otec|C. synovec|D. starý otec,D,starý otec,M3,T6,VSP,bank,sk,true,VSJP8_Test_Cielene_B.4-1qxnvh.pdf,VSJP8_Test_Cielene_B.4_Riesenie-eaetxo.pdf,40
bank-cielene-b4-t6-41-96cab8726d,"Ktorý z uvedených českých mesiacov bude posledný, keď ich zaradíme do správneho poradia?",A. březen|B. listopad|C. květen|D. září,D,září,M3,T6,VSP,bank,sk,true,VSJP8_Test_Cielene_B.4-1qxnvh.pdf,VSJP8_Test_Cielene_B.4_Riesenie-eaetxo.pdf,41
bank-cielene-b4-t6-42-3b89a8436d,V ktorej možnosti sa nenachádza synoymický rad?,A. bezútešný – beznádenjný – zúfalý|B. zanedbaný – schátraný – spustnutý|C. robustný – gradientný – monumentálny|D. kreatívna – tvorivá – inovatívna,D,kreatívna – tvorivá – inovatívna,M3,T6,VSP,bank,sk,true,VSJP8_Test_Cielene_B.4-1qxnvh.pdf,VSJP8_Test_Cielene_B.4_Riesenie-eaetxo.pdf,42
bank-cielene-b4-t6-43-f090400c43,Ako sa nazýva nástroj používaný na optické zväčšenie pozorovaných predmetov?,A. mikrobióm|B. lu pa|C. makroskop|D. Petriho miska VSJP8,D,Petriho miska,M3,T6,VSP,bank,sk,true,VSJP8_Test_Cielene_B.4-1qxnvh.pdf,VSJP8_Test_Cielene_B.4_Riesenie-eaetxo.pdf,43
bank-cielene-b4-t6-44-fcdd40a5bc,Aké storočie predstavuje rok 2000?,A. 20|B. 21|C. 22|D. 19,D,19.,M3,T6,VSP,bank,sk,true,VSJP8_Test_Cielene_B.4-1qxnvh.pdf,VSJP8_Test_Cielene_B.4_Riesenie-eaetxo.pdf,44
bank-cielene-b4-t6-45-1f0a578662,Ktorý strom nepatrí medzi ostatné?,A. lipa|B. tuja|C. lieska|D. vŕba SKVELÁ PRÁCA! NEZABUDNI SI TEST SKONTROLOVAŤ,B,vŕba Tuja je ihličnan.,M3,T6,VSP,bank,sk,true,VSJP8_Test_Cielene_B.4-1qxnvh.pdf,VSJP8_Test_Cielene_B.4_Riesenie-eaetxo.pdf,45
bank-cielene-c1-t7-01-09b4423d29,Dvojica pojmov šnúrka – pokope je v rovnakom logickom vzťahu ako:,A. teplo – drevo|B. pilier – na sebe|C. lepok – zaradom|D. od seba – stena,D,od seba – stena Šnúrka drží veci pokope (jej účel) a pilier drží veci na sebe. Slová v možnosti D sú v opačnom poradí.,M4,T7,VSP,bank,sk,true,VSJP8_Test_Cielene_C.1-objg2y.pdf,VSJP8_Test_Cielene_C.1_Riesenie-qt6wsi.pdf,1
bank-exam-x7-t7-01-e737c8537a,"Vymysleli sme si istý systém, podľa ktorého priraďujeme čísla písmenám abecedy. Tu je niekoľko príkladov: A → 2, C → 0, E → 0, G → 0, I → 0, K → 2, M → 2, O → 0, R→ 1, T → 0, … V ktorej z možností je podľa tohto systému písmenu nesprávne priradené číslo?",A. N → 1|B. S → 0|C. V → 2|D. Z → 2,B,všímame si slová slovo remedium (liek) dilatio (čas)),M4,T7,VSP,bank,sk,true,7_VSJP8_Test_X7_Exam-cucb6a.pdf,7_VSJP8_Test_X7_Exam_Riesenie-irotzv.pdf,1
bank-t7-01-f0a84a0404,V ktorej z uvedených dvojíc nie sú synonym á?,A. pekný – cudzí|B. múdry – rozumný|C. nestranný – objektívny|D. pohodlný – komótny,A,Správna odpoveď: A.,M4,T7,VJS,bank,sk,true,VSJP8_Mudre-predplatne_7_Ulohy-ni0sko.pdf,VSJP8_Mudre-predplatne_7_Riesenia-x2tiii.pdf,1
bank-cielene-c1-t7-02-255ff7ab1a,Dvojica pojmov voda – bunka je v rovnakom logickom vzťahu ako:,A. kaktus – pichliač|B. asfalt – cesta|C. okno – sklo|D. trojuholník – priestor,D,"trojuholník – priestor Voda je základnou zložkou bunky tak, ako asfalt cesty. Možnosť C je naopak.",M4,T7,VSP,bank,sk,true,VSJP8_Test_Cielene_C.1-objg2y.pdf,VSJP8_Test_Cielene_C.1_Riesenie-qt6wsi.pdf,2
bank-exam-x7-t7-02-892783b2cf,"Nasledujúca postupnosť je utvorená podľa istého princípu: jn, da, ti, ši, pť, šť, sm, … Čo by v nej mohlo nasledovať?",A. di|B. ša|C. om|D. dť,C,"Postupnosť tvoria prvé a posledné písmená číslel (JedeN. DvA...), nasleduje číslo OseM.",M4,T7,VSP,bank,sk,true,7_VSJP8_Test_X7_Exam-cucb6a.pdf,7_VSJP8_Test_X7_Exam_Riesenie-irotzv.pdf,2
bank-t7-02-649f8e53dd,"Ktorý z uvedených frazeologizmov vystihuje človeka, ktorý máva často návštevy?",A. Pod lampou býva najväčšia tma|B. Preberá sa v tom ako v hnilých hruškách|C. Prilieva olej do ohňa|D. Podávajú si u neho kľučky,D,"Kľučkou otvárame dvere, čiže niekam vstupujeme – ideme na návštevu .",M4,T7,VJS,bank,sk,true,VSJP8_Mudre-predplatne_7_Ulohy-ni0sko.pdf,VSJP8_Mudre-predplatne_7_Riesenia-x2tiii.pdf,2
bank-cielene-c1-t7-03-d19b3441d7,"Maximálne vyťažené otáčacie dvere na obrázku sú rozdelené na 3 sektory. Do každého otvoru sa zmestia 3 ľudia a dvere urobia 4 otáčky za minútu cez pracovný deň a 3 otáčky za minútu cez víkend. V piatok 25.2. o 14:02:05 sa dvere zasekli kvôli výpadku prúdu. Kým v budove zapli záložný zdroj, prešlo 0,5 minúty. Koľko ľudí (mimo tých vo dverách) bude na dvere čakať, keď sa znova spustia? Nezabudni na to, že ľudia z budovy vychádzajú aj vchádzajú.",A. 24|B. 36|C. 34|D. 12,D,"12 Do dverí sa naraz zmestí 9 ľudí (3 otvory po 3 ľuďoch). V piatok (pracovný deň) robili dvere 4 otáčky za minútu. Za polminúty teda spravili dve plné otáčky naprázdno, pričom mohli previezť 18 ľudí z budovy von a 18 ľudí do budovy, čo je spolu 36 ľudí.",M4,T7,VSP,bank,sk,true,VSJP8_Test_Cielene_C.1-objg2y.pdf,VSJP8_Test_Cielene_C.1_Riesenie-qt6wsi.pdf,3
bank-exam-x7-t7-03-992cd3d160,"Najskôr zistite, ako má znieť otázka a potom zvoľte správnu odpoveď. (Každá bodka predstavuje jedno vynechané písmeno.) Koľko s•••n má m•••a?",A. 1|B. 2|C. 3|D. 4,B,"strán, minca",M4,T7,VSP,bank,sk,true,7_VSJP8_Test_X7_Exam-cucb6a.pdf,7_VSJP8_Test_X7_Exam_Riesenie-irotzv.pdf,3
bank-t7-03-f975794a3f,"Vyber antonymum k podčiarknutému slovu: Páv korunkatý patrí medzi najmenej ohrozené druhy, celková populácia je stabilná, obýva aj pozmenené biotopy.",A. neistá|B. zaistená|C. pokojná|D. neurčitá,A,"Stabilná = istá, hľadáme opak slova, čiže neistá.",M4,T7,VJS,bank,sk,true,VSJP8_Mudre-predplatne_7_Ulohy-ni0sko.pdf,VSJP8_Mudre-predplatne_7_Riesenia-x2tiii.pdf,3
bank-cielene-c1-t7-04-0473664654,"Emil sa išiel bicyklovať a rozhodol sa merať svoj čas. Počas jednej jazdy prešiel 4 km za prvých 10 minút a potom 10 km za ďalších 25 minút. Z tvrdení vyber to, ktoré je pre jeho jazdu pravdivé.",A. Jeho priemerná rýchlosť bola počas prvých 10 minút taká istá ako počas ďalších 25 minút|B. Jeho priemerná rýchlosť bola počas prvých 10 minút väčšia než počas ďalších 25 minút|C. Jeho priemerná rýchlosť bola počas prvých 10 minút nižšia než počas ďalších 25 minút|D. Jeho priemerná rýchlosť bola 36 km/h,D,"Jeho priemerná rýchlosť bola 36 km/h. Ak za 10 minút prejde 4 km, má tú istú priemernú rýchlosť, ako za 25 minút 10 km alebo za 60 minút 24 km.",M4,T7,VSP,bank,sk,true,VSJP8_Test_Cielene_C.1-objg2y.pdf,VSJP8_Test_Cielene_C.1_Riesenie-qt6wsi.pdf,4
bank-exam-x7-t7-04-553f622c09,"Ktoré z uvedených slov by zmenilo význam vety, ak by sme ním nahradili podčiarknuté slovo? Vystúpil z auta rozladený.",A. znechutený|B. urazený|C. nespokojný|D. podráždený,A,ako jediné nie je synonymom k slovu rozladený,M4,T7,VSP,bank,sk,true,7_VSJP8_Test_X7_Exam-cucb6a.pdf,7_VSJP8_Test_X7_Exam_Riesenie-irotzv.pdf,4
bank-t7-04-8782103a4e,Vyber správny význam frazeologizmu „Poviem ti to v kocke .“.,A. Stručne ti niečo zhrniem|B. Dostanem ťa do úzkych|C. Vyhreším ťa|D. Nemám na teba čas,A,v kocke = v skratke.,M4,T7,VJS,bank,sk,true,VSJP8_Mudre-predplatne_7_Ulohy-ni0sko.pdf,VSJP8_Mudre-predplatne_7_Riesenia-x2tiii.pdf,4
bank-cielene-c1-t7-05-a6a8630a2a,"Matej, Dávid, Adam a Jakub majú každý iné vozidlo – bicykel, kolobežka, skateboard a korčule. Každý z nich jazdí inú dobu: 1 rok, 3 roky, 4 roky, 7 rokov. Vieme, že: • Matej nejazdí na bicykli. • Adam nejazdí na kolobežke. • Matej jazdí na svojom vozidle presne o dva roky dlhšie než ten Jakub. • Ten, kto jazdí na skateboarde, sa venuje jazde presne o 3 roky dlhšie než ten, kto jazdí na bicykli. Kto môže jazdiť na kolobežke?","A. Matej, Jakub a Dávid|B. Matej a Jakub|C. Adam, Matej a Dávid|D. Jakub a Dávid",D,"Jakub a Dávid Alternatíva 1 (tretia podmienka sa týka rokov 1 a 3, štvrtá rokov 4 a 7): Matej nie bicykel 3 roky Dávid skateboard / bicykel 7 alebo 4 rokov Adam bicykel / skateboard 7 alebo 4 rokov Jakub nič nevieme 1 rok Alternatíva 2 (tretia podmienka sa týka rokov 1 a 3, štvrtá rokov 3 a 4): Matej nie bicykel 3 roky Dávid ? / skateboard ? / 4 roky Adam skateboard / nie kolobežka 4 roky / ? Jakub bicykel 1 rok",M4,T7,VSP,bank,sk,true,VSJP8_Test_Cielene_C.1-objg2y.pdf,VSJP8_Test_Cielene_C.1_Riesenie-qt6wsi.pdf,5
bank-exam-x7-t7-05-42fec534e2,"Niektoré prídavné mená vnímame ako neutrálne (napr. sklenený), iné majú istý pozitívny alebo negatívny nádych (napr. milý, neútulný). Ktoré z nasledujúcich prídavných mien nie je neutrálne?",A. horlivý|B. horľavý|C. horský|D. horúci,A,vyjadruje cit,M4,T7,VSP,bank,sk,true,7_VSJP8_Test_X7_Exam-cucb6a.pdf,7_VSJP8_Test_X7_Exam_Riesenie-irotzv.pdf,5
bank-t7-05-1967c55b17,"Označ možnosť, v ktorej sa nachádza synonymum k podčiarknutému slovu: Duby sú dlhoveké, pomaly rastúce stromy, výnimočne aj kríky s tvrdým drevom.",A. rozjarene|B. pochmúrne|C. zdĺhavo|D. šalamúnsky,C,Správna odpoveď: C.,M4,T7,VJS,bank,sk,true,VSJP8_Mudre-predplatne_7_Ulohy-ni0sko.pdf,VSJP8_Mudre-predplatne_7_Riesenia-x2tiii.pdf,5
bank-cielene-c1-t7-06-68cbdb9bfa,V nasledujúcom grafe je zobrazená štruktúra výdavkov domácností pre rok 2022. V stĺpci vpravo sú uvedené jednotlivé položky od najväčšej. Ktorá z možností vyplýva z grafu?,"A. Bývanie, voda, elektrina, plyn a iné palivá spolu s potravinami a nealkoholickými nápojmi tvoria viac ako polovicu výdavkov domácností pre rok 2022|B. Výdavky za nábytok, bytové zariadenia a bežnú údržbu domácností sú podobné alebo rovnaké ako výdavky za rozličné tovary a služby|C. Výdavky za vzdelávanie sú o polovicu vyššie ako výdavky za zdravotníctvo|D. Potraviny a nealkoholické nápoje tvoria viac ako štvrtinu všetkých výdavkov",D,Potraviny a nealkoholické nápoje tvoria viac ako štvrtinu všetkých výdavkov.,M4,T7,VSP,bank,sk,true,VSJP8_Test_Cielene_C.1-objg2y.pdf,VSJP8_Test_Cielene_C.1_Riesenie-qt6wsi.pdf,6
bank-exam-x7-t7-06-56c11297b5,Zo štyroch podstatných mien sme vynechali všetky samohlásky. V troch prípadoch išlo o tú istú štvoricu samohlások. Z ktorého slova sme vynechali inú štvoricu samohlások ako zo zvyšných troch?,A. KMRTK|B. PLCNK|C. KPCT|D. KLMT,A,"štvorica je A A I A – palacinka, kapacita, kalamita. V slove kamarátka sa jedná o štvoricu AAÁA",M4,T7,VSP,bank,sk,true,7_VSJP8_Test_X7_Exam-cucb6a.pdf,7_VSJP8_Test_X7_Exam_Riesenie-irotzv.pdf,6
bank-t7-06-f0ac651f6b,V ktorej možnosti sa nachádza synonymum k slovu obmena?,A. metamorfóza|B. akomodácia|C. syntéza|D. analýza,A,Správna odpoveď: A.,M4,T7,VJS,bank,sk,true,VSJP8_Mudre-predplatne_7_Ulohy-ni0sko.pdf,VSJP8_Mudre-predplatne_7_Riesenia-x2tiii.pdf,6
bank-cielene-c1-t7-07-a28b47b890,"Označ možnosť, v ktorej sú čísla usporiadané vzostupne.","A. 2/3 - 5/6 – 0,8 - 1/2 - 2/7|B. 0,2 - 2/7 - 4/6 - 10/11 – 0,9|C. 9/10 - 11/10 - 16/6 – 3,14|D. 8/7 - 7/6 - 8/16 – 0,5",D,"8/7 - 7/6 - 8/16 – 0,5 Vzostupne – od najmenšieho po najväčšie.",M4,T7,VSP,bank,sk,true,VSJP8_Test_Cielene_C.1-objg2y.pdf,VSJP8_Test_Cielene_C.1_Riesenie-qt6wsi.pdf,7
bank-exam-x7-t7-07-0a507a782b,"V ktorom z uvedených slov možno nahradiť otázniky písmenami (1 otáznik = 1 písmeno) tak, aby vzniklo slovo (v nominatíve singuláru) označujúce dopravný prostriedok?",A. ???OVK???|B. ???ORK???|C. ???TAD???|D. ???LEJ???,D,trolejbus,M4,T7,VSP,bank,sk,true,7_VSJP8_Test_X7_Exam-cucb6a.pdf,7_VSJP8_Test_X7_Exam_Riesenie-irotzv.pdf,7
bank-t7-07-8b7b28451d,"Ženské krstné meno Lucia má latinský pôvod a v preklade znamená ""svetlá, žiariaca"". Aj keď je toto meno spojené s bosorkami a čarodejnicami, v skutočnosti je veľmi výhodné pre svoju nositeľku. Označ možnosť, v ktorej sa nachádza synonymum a antonymum (synonymum : antonymum) zvýrazneného slova.",A. späté : zviazané|B. vypojené : závislé|C. zviazané : nezávislé|D. nesúvisiace : odpojené,C,Správna odpoveď: C.,M4,T7,VJS,bank,sk,true,VSJP8_Mudre-predplatne_7_Ulohy-ni0sko.pdf,VSJP8_Mudre-predplatne_7_Riesenia-x2tiii.pdf,7
bank-cielene-c1-t7-08-4221377540,"Janka s Erikou si vymýšľajú tajné heslo pre svoju klubovňu. Heslo musí spĺňať nasledujúce kritériá: - musí ísť o zmysluplné sloveso v slovenskom jazyku, - nemôže byť v opytovacom spôsobe, - v slove sa musia striedať samohlásky a spoluhlásky, - sloveso nemôže mať viac ako 3 slabiky. Ktoré z nasledujúcich slov môže byť ich heslom?",A. OTVOR|B. OVEROVAŤ|C. MILOVAŤ|D. PRÍĎ,D,PRÍĎ,M4,T7,VSP,bank,sk,true,VSJP8_Test_Cielene_C.1-objg2y.pdf,VSJP8_Test_Cielene_C.1_Riesenie-qt6wsi.pdf,8
bank-exam-x7-t7-08-0a07286dc2,"Väčšina prídavných mien je použiteľná v spojení s mnohými podstatnými menami (napríklad pekný, vy- soký, ťažký, ...). Existujú však aj také prídavné mená, ktoré možno použiť iba v spojení s veľmi malým počtom podstatných mien. Ktoré z nasledujúcich prídavných mien má túto vlastnosť?",A. bezpečná|B. bezcenná|C. beznádejná|D. bezúročná,D,"takmer výhradne v bankovníctve, nemôžeme hovoriť napríklad o bezúročnej bunde a podobne",M4,T7,VSP,bank,sk,true,7_VSJP8_Test_X7_Exam-cucb6a.pdf,7_VSJP8_Test_X7_Exam_Riesenie-irotzv.pdf,8
bank-t7-08-c845285618,"Označ možnosť, v ktorej sú všetky slová synonymami.",A. flexibilný – menlivý – neustálený|B. ústupčivý – ovplyvniteľný – nekompromisný|C. značný – nadmerný – mocný|D. robustný – plodný – statný,A,"flexibilita je schopnosť meniť sa, teda nie stálosť",M4,T7,VJS,bank,sk,true,VSJP8_Mudre-predplatne_7_Ulohy-ni0sko.pdf,VSJP8_Mudre-predplatne_7_Riesenia-x2tiii.pdf,8
bank-cielene-c1-t7-09-db2dd38aec,"Andrej si vymyslel princíp, podľa ktorého k písmenám priradil číslo. Ku každému písmenu mu vyšlo iné číslo: S → 3 E → 2 B → 3 T → 2 U → 3 M → 1 P → 3 V → 1 F → 2 X → 1 Pri jednom sa však pomýlil. Ktorému písmenu pridelil nesprávne číslo?",A. C → 3|B. W → 1|C. L → 2|D. K → 3,A,"K → 3 1 – majú ostrý alebo tupý uhol, 2 – majú pravý uhol, 3 – majú oblúčik",M4,T7,VSP,bank,sk,true,VSJP8_Test_Cielene_C.1-objg2y.pdf,VSJP8_Test_Cielene_C.1_Riesenie-qt6wsi.pdf,9
bank-exam-x7-t7-09-09ed13ba3e,Ktorá veta má obrazný význam?,A. Hodili ho do cely a spútali ho pevnou reťazou|B. Herec bol na javisku spútaný jemnou reťazou|C. Jej láska ho spútala silnou reťazou|D. Všetci v člne boli spútaní železnou reťazou,C,ostatné možnosti sú myslené doslova,M4,T7,VSP,bank,sk,true,7_VSJP8_Test_X7_Exam-cucb6a.pdf,7_VSJP8_Test_X7_Exam_Riesenie-irotzv.pdf,9
bank-t7-09-cab567b9ac,V ktorej možnosti sa nenachádza synonymický rad?,A. úchvatný – pôvabný – očarujúci|B. čertovský – šibalský – huncútsky|C. enormný – gigantický – kolosálny|D. atraktívna – šokujúca – horibilná,D,tieto slová nemajú vš etky rovnaký alebo po dobný význam,M4,T7,VJS,bank,sk,true,VSJP8_Mudre-predplatne_7_Ulohy-ni0sko.pdf,VSJP8_Mudre-predplatne_7_Riesenia-x2tiii.pdf,9
bank-cielene-c1-t7-10-33936b2c42,Šifrovací stroj funguje podľa istého princípu. Slovo cesta zašifroval stroj takto: DDTUZ. Ako tento stroj zašifruje slovo kvet?,A. LWDU|B. JUDS|C. LWFU|D. JWDU,D,"JWDU Šifra – spoluhláska sa mení na písmeno nasledujúce, samohláska na predchádzajúce.",M4,T7,VSP,bank,sk,true,VSJP8_Test_Cielene_C.1-objg2y.pdf,VSJP8_Test_Cielene_C.1_Riesenie-qt6wsi.pdf,10
bank-t7-10-dcc160017d,"V ktorých vetách sa nachádzajú homonymá? 1: Počas nočnej prechádzky Tanzániou je potrebné byť obozretný práve z dôvodu, že vás môže napadnúť pes, rys, diviak, či rôzne druhy vtákov. 2: Pes, ktorý šteká, nehryzie. 3: Patrikov otec dnes robí nočnú, preto dnes Patrik stráži svoju mladšiu sestru. 4: Cez hodinu matematiky neurobil ani jeden rys, pretože si zabudol ceruzku aj pravítko. 5: Ľudí vieme v zásade rozdeliť do dvoch typov: nočné sovy a ranné vtáčatá.","A. 1, 3, 5|B. 1, 4|C. 1, 2, 4|D. 3, 4",B,"rys ako šelma, rys na matematike",M4,T7,VJS,bank,sk,true,VSJP8_Mudre-predplatne_7_Ulohy-ni0sko.pdf,VSJP8_Mudre-predplatne_7_Riesenia-x2tiii.pdf,10
bank-cielene-c1-t7-11-e0785752a7,"Nasledujúca postupnosť je utvorená podľa istého logického princípu. Označ možnosť, ktorá by mohla v postupnosti nasledovať. 17, 19, 23, 29, 31, 37…","A. 43, 47|B. 41, 43|C. 41, 46|D. 43, 51",D,"43, 51 Členy postupnosti sú prvočísla.",M4,T7,VSP,bank,sk,true,VSJP8_Test_Cielene_C.1-objg2y.pdf,VSJP8_Test_Cielene_C.1_Riesenie-qt6wsi.pdf,11
bank-t7-11-d501e5436a,Vyber správny význam frazeologizmu „Predávať niečo za facku “.,A. byť agresívny|B. mať vysoké ceny|C. predávať za nízke ceny|D. vzdávať sa bez boja,C,Správna odpoveď: C.,M4,T7,VJS,bank,sk,true,VSJP8_Mudre-predplatne_7_Ulohy-ni0sko.pdf,VSJP8_Mudre-predplatne_7_Riesenia-x2tiii.pdf,11
bank-cielene-c1-t7-12-91424b6269,Tri z nasledujúcich pojmov spája istá logická súvislosť. Ktorý z pojmov do skupiny nepatrí?,A. romantizmus|B. barok|C. konzervativizmus|D. rokoko,D,rokoko Možnosť C nie je umelecký sloh.,M4,T7,VSP,bank,sk,true,VSJP8_Test_Cielene_C.1-objg2y.pdf,VSJP8_Test_Cielene_C.1_Riesenie-qt6wsi.pdf,12
bank-t7-12-915d3ef5fa,Móric chodí nakupovať raz za uhorský rok. Ako často to je?,A. raz za rok|B. málokedy|C. každé štyri roky|D. každých desať rokov,B,Správna odpoveď: B.,M4,T7,VJS,bank,sk,true,VSJP8_Mudre-predplatne_7_Ulohy-ni0sko.pdf,VSJP8_Mudre-predplatne_7_Riesenia-x2tiii.pdf,12
bank-cielene-c1-t7-13-929ac9993a,"Jurko je vášnivý zberateľ fosílií, ktorého rodičia posielajú na prázdniny k starej mame. Má 12 fosílií, ktoré sám našiel a 20 fosílií, ktoré kúpil. Na prázdniny však môže ísť iba s jedným batohom, takže mu rodičia dovolili zobrať si so sebou iba dve fosílie. Jurko vie, že bude chcieť mať pri sebe jednu starú a jednu novú. Koľko rôznych kombinácií fosílií, ktoré si môže Jurko zobrať, existuje?",A. 32|B. 64|C. 20|D. 240,D,240 Kombinácie:12.20 = 240,M4,T7,VSP,bank,sk,true,VSJP8_Test_Cielene_C.1-objg2y.pdf,VSJP8_Test_Cielene_C.1_Riesenie-qt6wsi.pdf,13
bank-t7-13-f2293a28e5,"Označ možnosť, v ktorej je uvedené antonymum k podčiarknutému slovu: Sedela na lavičke, pyšná ako vždy.",A. úspešná|B. namyslená|C. skromná|D. chúlostivá,C,Správna odpoveď: C.,M4,T7,VJS,bank,sk,true,VSJP8_Mudre-predplatne_7_Ulohy-ni0sko.pdf,VSJP8_Mudre-predplatne_7_Riesenia-x2tiii.pdf,13
bank-cielene-c1-t7-14-93f106953b,Tri z uvedených pojmov spája istá logická súvislosť. Ktorý pojem do tejto skupiny nepatrí?,A. amatér|B. laik|C. operátor|D. začiatočník,D,"začiatočník Možnosti A, B a D sú synonymami.",M4,T7,VSP,bank,sk,true,VSJP8_Test_Cielene_C.1-objg2y.pdf,VSJP8_Test_Cielene_C.1_Riesenie-qt6wsi.pdf,14
bank-t7-14-1401df6b63,"Označ možnosť, v ktorej sa nachádzajú antonymá.",A. bezcitný – ohľaduplný|B. sil ný – mocný|C. agresívny – nebojácny|D. slušný – škaredý,A,bezcitný/neohľaduplný – citlivý/empatický/ohľaduplný,M4,T7,VJS,bank,sk,true,VSJP8_Mudre-predplatne_7_Ulohy-ni0sko.pdf,VSJP8_Mudre-predplatne_7_Riesenia-x2tiii.pdf,14
bank-cielene-c1-t7-15-93f106953b,Tri z uvedených pojmov spája istá logická súvislosť. Ktorý pojem do tejto skupiny nepatrí?,A. skúter|B. nástupište|C. perón|D. plošina,D,"plošina Možnosti B, C, D – slúžia na nastupovanie pasažierov do dopravných prostriedkov, možnosť A je dopravný prostriedok.",M4,T7,VSP,bank,sk,true,VSJP8_Test_Cielene_C.1-objg2y.pdf,VSJP8_Test_Cielene_C.1_Riesenie-qt6wsi.pdf,15
bank-t7-15-7f01a095de,V ktorej možnosti sa nachádzajú iba synonymá?,"A. nesúmerná, krivá, zamotaná, komplikovaná|B. bezpr ízorné, bezohľadné, bezobalové, bezsenné|C. pokorná, skromná, nevyžadujúca, nenáročná|D. primontovaný, pripevnený, prilepený, prisvietený",C,"Mať nejaký nápad, myšlienku alebo problém, nad ktorým človek neustále premýšľa.",M4,T7,VJS,bank,sk,true,VSJP8_Mudre-predplatne_7_Ulohy-ni0sko.pdf,VSJP8_Mudre-predplatne_7_Riesenia-x2tiii.pdf,15
bank-cielene-c1-t7-16-a1159dea03,"Nasledujúca postupnosť je vytvorená podľa určitého logického princípu. Čo by v nej mohlo nasledovať? 8, 18, 34, 70…",A. 94|B. 138|C. 200|D. 124,D,124 Číslo vynásobime dvoma a prirátame k nasledujúcemu.,M4,T7,VSP,bank,sk,true,VSJP8_Test_Cielene_C.1-objg2y.pdf,VSJP8_Test_Cielene_C.1_Riesenie-qt6wsi.pdf,16
bank-t7-16-311134ef70,"Ak má náš kamarát chrobáka v hlave , ...","A. dáme mu ho dole, ak neštípe|B. rozmýšľa nad istým nápadom|C. bude musieť absolvovať operáciu|D. spieva si tú istú pesničku dookola",B,Správna odpoveď: B.,M4,T7,VJS,bank,sk,true,VSJP8_Mudre-predplatne_7_Ulohy-ni0sko.pdf,VSJP8_Mudre-predplatne_7_Riesenia-x2tiii.pdf,16
bank-cielene-c1-t7-17-e311d84e49,"Slovo nazveme sladké, ak je zložené z párneho počtu slabík a obsahuje rovnaký počet samohlások a spoluhlások. Slovo nazveme kyslé, ak je zložené z nepárneho počtu slabík, alebo má menej ako tri písmená. Isté slovo je kyslé a má viac ako 4 písmená. Z uvedeného logicky vyplýva, že toto slovo:",A. nie je sladké|B. nie je kyslé|C. je sladké|D. má nepárny počet písmen,D,"má nepárny počet písmen. Z definície kyslého - keďže má viac ako 4 písmená (nie menej ako 3), určite ma nepárny počet slabík. A teda nemôže byť sladké.",M4,T7,VSP,bank,sk,true,VSJP8_Test_Cielene_C.1-objg2y.pdf,VSJP8_Test_Cielene_C.1_Riesenie-qt6wsi.pdf,17
bank-t7-17-84b6683c79,Čo znamená boj s veternými mlynmi ?,A. boj vo veľkej zime|B. náboženská vojna|C. boj o vládu nad Holandskom|D. vopred prehraný boj,D,Správna odpoveď: D.,M4,T7,VJS,bank,sk,true,VSJP8_Mudre-predplatne_7_Ulohy-ni0sko.pdf,VSJP8_Mudre-predplatne_7_Riesenia-x2tiii.pdf,17
bank-cielene-c1-t7-18-b8505d33c4,"Alex sa rozhodol bežať maratón. Intenzívne trénoval viac než dva roky. Keď bežal maratón, konštantne si držal tretie miesto, napokon sa mu však podarilo predbehnúť druhého bežca. Na koľkom mieste Alex dobehol do cieľa?",A. na prvom|B. na druhom|C. na treťom|D. na štvrtom,D,"na štvrtom Keďže predbehol druhého, na druhé miesto sa dostal on.",M4,T7,VSP,bank,sk,true,VSJP8_Test_Cielene_C.1-objg2y.pdf,VSJP8_Test_Cielene_C.1_Riesenie-qt6wsi.pdf,18
bank-t7-18-e9358c3d98,"Ak niekomu urobíte medvediu službu , čo urobíte?","A. Pomôžete mu viac ako očakával|B. Viac uškodíte ako pomôžete|C. Pomôžete mu len preto, že si chcete získať jeho priazeň|D. Vôbec mu nepomôžete",B,Správna odpoveď: B.,M4,T7,VJS,bank,sk,true,VSJP8_Mudre-predplatne_7_Ulohy-ni0sko.pdf,VSJP8_Mudre-predplatne_7_Riesenia-x2tiii.pdf,18
bank-cielene-c1-t7-19-076eaaa2a8,"Na zimu je na jazere plocha tvorená ľadom. Každý deň sa táto plocha zdvojnásobí. Trvá 48 dní, kým ľad pokryje celé jazero. Ako dlho bude trvať, kým ľad pokryje polovicu jazera?",A. 24|B. 12|C. 6|D. 47,D,47,M4,T7,VSP,bank,sk,true,VSJP8_Test_Cielene_C.1-objg2y.pdf,VSJP8_Test_Cielene_C.1_Riesenie-qt6wsi.pdf,19
bank-t7-19-82d6b502b0,Čo neznamená výraz Achillova päta ?,A. najsilnejšie miesto|B. kameň úrazu|C. slabina|D. najslabšie miesto,A,Achillova päta je slabina.,M4,T7,VJS,bank,sk,true,VSJP8_Mudre-predplatne_7_Ulohy-ni0sko.pdf,VSJP8_Mudre-predplatne_7_Riesenia-x2tiii.pdf,19
bank-cielene-c1-t7-20-38cee2d1b5,"Zvoľ, ktorý útvar by sme mohli doplniť na miesta vyznačné ako X. 7 10 13 16 9 12 X 18 11 X X 20 13 16 19 22",A. B|B. D,B,"B. C. D. Jedná sa o postupnosti v stĺpcoch, druhý: 10 – 12 – 14 – 16, tretí: 13 – 15 – 17 – 19.",M4,T7,VSP,bank,sk,true,VSJP8_Test_Cielene_C.1-objg2y.pdf,VSJP8_Test_Cielene_C.1_Riesenie-qt6wsi.pdf,20
bank-t7-20-09ed13ba3e,Ktorá veta má obrazný význam?,"A. Každý pes má blchy|B. Náš Fino mal blchy, keď bol ešte šteniatko|C. Ak sa kocúr stále škriabe, môže mať blchy|D. Lepší sprej proti blchám, ako zdravotné ťažkosti",A,"Veta má iný než doslovný význam – ide o frazeologizmus, ktorý znamená, že na každom človeku možno nájsť chyby.",M4,T7,VJS,bank,sk,true,VSJP8_Mudre-predplatne_7_Ulohy-ni0sko.pdf,VSJP8_Mudre-predplatne_7_Riesenia-x2tiii.pdf,20
bank-cielene-c1-t7-21-7923200370,"Označ možnosť, ktorá obsahuje slovo, na ktoré referuje zvýraznené slovo v texte. Štandardizované testovanie je hodnotiaci nástroj, ktorého účelom je merať a hodnotiť výkonnosť študentov vo vzťahu k ostatným študentom zúčastneným na rovnakom teste. Takéto testy sú vydávané spravidla špecializovanými inštitúciami (napr. College Board). Ich príprava a vývoj prechádza náročným a rozsiahlym procesom, pričom veľký dôraz je kladený práve na komplexnosť testov a systematickosť ich následného vyhodnocovania. Pred uvedením do praxe sú všetky testy dôkladne overené a zdokumentované.",A. inštitúcie|B. testovanie|C. komplexnosť|D. testy,D,testy,M4,T7,VSP,bank,sk,true,VSJP8_Test_Cielene_C.1-objg2y.pdf,VSJP8_Test_Cielene_C.1_Riesenie-qt6wsi.pdf,21
bank-cielene-c1-t7-22-29166bb871,"Vyber, ktoré slová patria na vynechané miesta. Asi neexistuje dieťa, ktoré by nepoznalo príbeh o Harrym Potterovi. Autorka knihami o ňom vyvolala ______, hystériu, nadšenie, ale taktiež si vyslúžila ______ cirkví, ktoré v mnohých krajinách jej knihy zakázali a pálili, pretože ,,propagovali‘‘ čarodejníctvo.","A. zdesenie, náklonnosť|B. ošiaľ, nepriazeň|C. súcit, urputnosť|D. radosť, znehodnotenie",D,"radosť, znehodnotenie",M4,T7,VSP,bank,sk,true,VSJP8_Test_Cielene_C.1-objg2y.pdf,VSJP8_Test_Cielene_C.1_Riesenie-qt6wsi.pdf,22
bank-cielene-c1-t7-23-a0e03078ba,"V ktorej vete nie je možné v oboch zvýraznených slovách zmeniť poradie písmen tak, aby vznikli spisovné a správne napísané slová?",A. ANČZAK Lego vládne vo svete hračiek už niekoľko ÁDEKD|B. Časopisom Fortune bola NEMNÁAOV za „Hračku IAOČTRSO“|C. REMATK každý z nás s ňou mal dočinenia a LEMIV dôverne pozná jej skladačky|D. Mnohí z nás sa s jej fascinujúcimi stavebnicami MEIENVE rozlúčiť ani v SEOLPOSDTI a Lego sa stalo našou zberateľskou vášňou,D,"Mnohí z nás sa s jej fascinujúcimi stavebnicami MEIENVE rozlúčiť ani v SEOLPOSDTI a Lego sa stalo našou zberateľskou vášňou. A – ZNAČKA, DEKÁD, B – MENOVANÁ, STOROČIA, C – TAKMER, VELMI(Ľ), D – NEVIEME, DOSPELOSTI",M4,T7,VSP,bank,sk,true,VSJP8_Test_Cielene_C.1-objg2y.pdf,VSJP8_Test_Cielene_C.1_Riesenie-qt6wsi.pdf,23
bank-cielene-c1-t7-26-401bd1adc0,Zo štyroch slov sme vynechali všetky samohlásky. V troch prípadoch šlo o tú istú štvoricu. Z ktorého slova sme vynechali inú štvoricu ako zo zvyšných troch?,A. PRM|B. KNC|C. PLMK|D. KRNN,D,"KRNN Štvorica – OEIA – B. OKENICA, C. POLEMIKA, D. KORENINA",M4,T7,VSP,bank,sk,true,VSJP8_Test_Cielene_C.1-objg2y.pdf,VSJP8_Test_Cielene_C.1_Riesenie-qt6wsi.pdf,26
bank-cielene-c1-t7-27-f46eadc2d8,"Aj keď pravdepodobne nevieš po holandsky, skús určiť, ktorý výraz neobsahuje farbu.",A. nutteloze doos|B. blauwe kroon|C. rode roos|D. groene droom,D,"groene droom Preklad: A. zbytočná debna, B. modrá koruna, C. červená ruža, D. zelený sen",M4,T7,VSP,bank,sk,true,VSJP8_Test_Cielene_C.1-objg2y.pdf,VSJP8_Test_Cielene_C.1_Riesenie-qt6wsi.pdf,27
bank-cielene-c1-t7-28-90827c81c4,"Do akej jazykovej skupiny zaraďujeme jazyk, v ktorom je písaná nasledujúca ukážka? Uma das espécies mais emblemáticas é o lobo-ibérico (Canis lupus signatus), que habita principalmente as regiões montanhosas do norte. Este magnífico predador é conhecido pela sua estrutura social complexa e uivos distintivos que ecoam através das florestas.",A. slovanská|B. germánska|C. románska|D. ugrofínska,D,"ugrofínska Preklad: Jedným z najznámejších druhov je iberský vlk (Canis lupus signatus), ktorý obýva hlavne horské oblasti severu. Tento majestátny dravec je známy svojou komplexnou sociálnou štruktúrou a výrazným vytím, ktoré sa ozýva v lesoch. (jazyk je portugalčina)",M4,T7,VSP,bank,sk,true,VSJP8_Test_Cielene_C.1-objg2y.pdf,VSJP8_Test_Cielene_C.1_Riesenie-qt6wsi.pdf,28
bank-cielene-c1-t7-29-003d25ca8f,K trom zo štyroch možností možno pridať rovnakú predponu. Pri ktorom slove pôjde o inú predponu ako pri ostatných troch?,A. -plantácia|B. -vergencia|C. -port,A,"-parentnosť Predpona TRANS – transplantácia, (di/kon-vergencia), transport, transparentnosť Nasledujúci text a otázky k nemu sú v slovinskom jazyku. Aj keď pravdepodobne neovládaš tento jazyk, pokús sa odpovedať na otázky Janez je bil navdušen ljubitelj knjig že od otroštva. Rad je preživljal ure in ure v knjižnicah, raziskoval različne žanre in se potapljal v svet domišljije. Ko je bil starejši, se je odločil, da bo postal pisatelj. Njegova prva knjiga je bila fantazijski roman o mladem dečku, ",M4,T7,VSP,bank,sk,true,VSJP8_Test_Cielene_C.1-objg2y.pdf,VSJP8_Test_Cielene_C.1_Riesenie-qt6wsi.pdf,29
bank-cielene-c1-t7-30-5b2e0f6a35,Kaj je bil Janez od otroštva?,A. navdušen knjigoljub|B. športnik|C. ljubitelj glasbe|D. piše nove zgodbe,D,piše nove zgodbe,M4,T7,VSP,bank,sk,true,VSJP8_Test_Cielene_C.1-objg2y.pdf,VSJP8_Test_Cielene_C.1_Riesenie-qt6wsi.pdf,30
bank-cielene-c1-t7-31-b6278954b1,Kaj je bil naslov Janezove prve knjige?,A. Fantazijska pustolovščina|B. Zgodba o magičnem dečku|C. Potovanje skozi čas|D. Raziskuje knjižnice po svetu,D,Raziskuje knjižnice po svetu,M4,T7,VSP,bank,sk,true,VSJP8_Test_Cielene_C.1-objg2y.pdf,VSJP8_Test_Cielene_C.1_Riesenie-qt6wsi.pdf,31
bank-cielene-c1-t7-32-450fba91ab,Aká je ústredná téma ukážky?,A. Prežitie v knižnici v časoch vojny|B. Riziko potápania v hlbokých vodách|C. Čitateľ kníh a spisovateľ|D. Znázornenie otroctva v slovinskej literatúre,D,Znázornenie otroctva v slovinskej literatúre,M4,T7,VSP,bank,sk,true,VSJP8_Test_Cielene_C.1-objg2y.pdf,VSJP8_Test_Cielene_C.1_Riesenie-qt6wsi.pdf,32
bank-cielene-c1-t7-34-009840e277,"Nasledujúci text je v jazyku interlingua. Aj keď tento jazyk pravdepodobne neovládaš, pokús sa určiť, ktoré slovo je preložené správne. Durante le estate, le infantes participa in campos estive. Illes se incontra con alteres, joca, apprende nove cosas e forma amicitates. Le activitates in le campo includi sport, arte, musica e excursiones. Le equipa de supervision se preoccupa del securitate del infantes e les supporta in lor activitates. Istos campos es locos ubi le infantes cresce, supera desafios e discopre nove interessos.",A. infantes - infantilný|B. interessos - vnútorný|C. amicitates - priateľstvá|D. securitate - tajomný,D,"securitate - tajomný Preklad: Počas leta sa deti zúčastňujú letných táborov. Tam sa stretávajú s ostatnými, hrajú sa, učia sa nové veci a vytvárajú priateľstvá. Aktivity v tábore zahŕňajú šport, umenie, hudbu a výlety. Dohľadový tím sa stará o bezpečie detí a podporuje ich v ich aktivitách. Tieto tábory sú miestom, kde deti rastú, prekonávajú výzvy a objavujú nové záujmy.",M4,T7,VSP,bank,sk,true,VSJP8_Test_Cielene_C.1-objg2y.pdf,VSJP8_Test_Cielene_C.1_Riesenie-qt6wsi.pdf,34
bank-cielene-c1-t7-35-e8398e8c7b,"Najskôr zisti, ako má znieť otázka, a potom zvoľ správnu odpoveď. (Každá bodka predstavuje jedno vynechané písmeno.) Koľko r•••v má mil••••m?",A. 10|B. 100|C. 28|D. 1000,D,1000 Koľko rokov má milénium?,M4,T7,VSP,bank,sk,true,VSJP8_Test_Cielene_C.1-objg2y.pdf,VSJP8_Test_Cielene_C.1_Riesenie-qt6wsi.pdf,35
bank-cielene-c1-t7-36-f3e22aab45,"Nasledujúci text je v jazyku Esperanto. Aj keď pravdepodobne neovládaš tento jazyk, pokús sa identifikovať ústrednú tému textu. Teo estas varma trinkaĵo, kiu estas tre populara tra multaj kulturoj. Ĝi estas farita el folioj de la tearbo kaj havas diversajn gustojn kaj aromaĵojn. Ĉu vi preferas nigra, verda, aŭ eble aromatan teon? Teo estas ankaŭ konata pro siaj potencialaj sanbeneficoj, inkluzive de sia kapablo redukti streson kaj pliigi viglecon. Ne estas mirige, ke teo estas amata trinkaĵo tra milionoj da homoj en la mondo.",A. čaj|B. menšiny|C. kultúra|D. choroby,C,"choroby Preklad: Čaj je horúci nápoj, ktorý je veľmi populárny v mnohých kultúrach. Je vyrobený z lístkov čajovníka a má rôzne chute a arómy. Uprednostňujete čierny, zelený alebo možno aromatizovaný čaj? Čaj je tiež známy pre svoje potenciálne zdravotné výhody, vrátane schopnosti znížiť stres a zvýšiť energiu. Niet divu, že čaj je obľúbeným nápojom miliónov ľudí po celom svete.",M4,T7,VSP,bank,sk,true,VSJP8_Test_Cielene_C.1-objg2y.pdf,VSJP8_Test_Cielene_C.1_Riesenie-qt6wsi.pdf,36
bank-cielene-c1-t7-37-92d70cf449,"Aj keď pravdepodobne neovládaš latinčinu, pokús sa určiť, čo znamená výrok: Omnis habet sua dona dies.","A. Každý deň má svoje dary|B. Viem, že nič neviem|C. Všetci majú nejaké muchy|D. Nie je dňa bez Slnka",D,"Nie je dňa bez Slnka. Omni – každý / všetci, habet – mať, sua – svoje.",M4,T7,VSP,bank,sk,true,VSJP8_Test_Cielene_C.1-objg2y.pdf,VSJP8_Test_Cielene_C.1_Riesenie-qt6wsi.pdf,37
bank-cielene-c1-t7-38-82a4adf439,"Slovné spojenie obytný dom má rovnaký rytmus ako spojenie zelený strom, ale iný rytmus ako spojenie kráľovský trón. Ktoré z uvedených slovných spojení má iný rytmus ako ostatné tri?",A. skvelý výber|B. sny sú úžas|C. rozlietaný si|D. o nás biednych,D,"o nás biednych A, B, D majú rytmus KDDK (ie čítame ako í), C má rytmus KDKDK.",M4,T7,VSP,bank,sk,true,VSJP8_Test_Cielene_C.1-objg2y.pdf,VSJP8_Test_Cielene_C.1_Riesenie-qt6wsi.pdf,38
bank-cielene-c1-t7-39-33d76b4b1c,"Na ktorú z nasledujúcich otázok nie je možné podľa ukážky jednoznačne odpovedať? Zbierka všetkého, čo od Mekyho potrebujete počuť! Prvé dve CD obsahujú notoricky známe piesne, ktoré v skalnom fanúšikovi zahrajú na sentimentálnu spomienkovú strunu. Najlepšie skladby, najhranejšie pesničky, najkrajšie texty... Tretie CD sú pre mňa trochu menej hrané skladby, niektoré aj v angličtine, niektoré som počula prvý raz, ale všetky sú citeľne s Mekyho rukopisom.","A. Na aké struny hral Meky Žbirka?|B. Spoznám, že ide o piesne Mekyho Žbirku?|C. Koľko CD obsahuje zbierka?|D. Aké emócie vyvolá počúvanie CD v priaznivcoch Mekyho Žbirku?",D,Aké emócie vyvolá počúvanie CD v priaznivcoch Mekyho Žbirku?,M4,T7,VSP,bank,sk,true,VSJP8_Test_Cielene_C.1-objg2y.pdf,VSJP8_Test_Cielene_C.1_Riesenie-qt6wsi.pdf,39
bank-cielene-c1-t7-40-86b7750ca3,Otázka sa týka predchádzajúcej ukážky: Označ synonymum zvýrazneného slova v ukážke.,A. emocionálne|B. výrazne|C. osobne|D. pestro,D,pestro,M4,T7,VSP,bank,sk,true,VSJP8_Test_Cielene_C.1-objg2y.pdf,VSJP8_Test_Cielene_C.1_Riesenie-qt6wsi.pdf,40
bank-cielene-c1-t7-41-621868cfd0,Označ antonymum k slovu averzia.,A. verzia|B. rezistencia|C. náklonnosť|D. nevôľa,D,nevôľa,M4,T7,VSP,bank,sk,true,VSJP8_Test_Cielene_C.1-objg2y.pdf,VSJP8_Test_Cielene_C.1_Riesenie-qt6wsi.pdf,41
bank-cielene-c1-t7-42-cab567b9ac,V ktorej možnosti sa nenachádza synonymický rad?,A. podrobiť sa – podľahnúť – prehrať – podvoliť sa|B. grácia – elegancia – čaro – pôvab|C. perzistovať – nástojiť – pretrvávať – trvať|D. nedbanlivá – nonšalantná – chrabrá – flegmatická,D,nedbanlivá – nonšalantná – chrabrá – flegmatická,M4,T7,VSP,bank,sk,true,VSJP8_Test_Cielene_C.1-objg2y.pdf,VSJP8_Test_Cielene_C.1_Riesenie-qt6wsi.pdf,42
bank-cielene-c1-t7-43-3fb2cc9e76,V ktorej z možností sa nenachádza obrazné pomenovanie?,"A. Na informáciu o rozhodnutí vlády reagoval hrad okamžite|B. Braňo nechápal, že na to nemá. Vždy mal veľké oči|C. Nadšené deti behali po lúke zbierajúc poľné kvety|D. Celá naša knižnica bola vytopená. Teraz začíname so zberateľstvom od Adama",D,Celá naša knižnica bola vytopená. Teraz začíname so zberateľstvom od Adama.,M4,T7,VSP,bank,sk,true,VSJP8_Test_Cielene_C.1-objg2y.pdf,VSJP8_Test_Cielene_C.1_Riesenie-qt6wsi.pdf,43
bank-cielene-c1-t7-44-f23da8c42e,"Väčšina prídavných mien je použiteľná s mnohými podstatnými menami (napríklad vysoký, ťažký). Niektoré prídavné mená možno v danom rode použiť len v spojení s veľmi malým počtom podstatných mien. Ktoré z uvedených prídavných mien má túto vlastnosť?",A. lístkové|B. lipový|C. lišiacky|D. líščí,A,líščí Lístkové cesto.,M4,T7,VSP,bank,sk,true,VSJP8_Test_Cielene_C.1-objg2y.pdf,VSJP8_Test_Cielene_C.1_Riesenie-qt6wsi.pdf,44
bank-cielene-c1-t7-45-cbb162b9e9,"Niektoré prídavné mená vnímame ako neutrálne (napr. sklenený), iné majú istý pozitívny alebo negatívny nádych (napr. príjemný, nehostinné). Ktoré z nasledujúcich prídavných mien nie je neutrálne?",A. imaginárny|B. imitujúci|C. iritujúci|D. interný ČASŤ VŠEOBECNÝ PREHĽAD,D,interný ČASŤ VŠEOBECNÝ PREHĽAD,M4,T7,VSP,bank,sk,true,VSJP8_Test_Cielene_C.1-objg2y.pdf,VSJP8_Test_Cielene_C.1_Riesenie-qt6wsi.pdf,45
bank-cielene-c1-t7-46-a2a26cfa79,Trojatómovú molekulu kyslíka nazývame:,A. oxid uhoľnatý|B. ozón|C. trikapsid|D. trizómia,D,trizómia,M4,T7,VSP,bank,sk,true,VSJP8_Test_Cielene_C.1-objg2y.pdf,VSJP8_Test_Cielene_C.1_Riesenie-qt6wsi.pdf,46
bank-cielene-c1-t7-47-a5173c122b,Ktorá planéta sa prezýva Červená planéta?,A. Saturn|B. Mars|C. Jupiter|D. Venuša,D,Venuša,M4,T7,VSP,bank,sk,true,VSJP8_Test_Cielene_C.1-objg2y.pdf,VSJP8_Test_Cielene_C.1_Riesenie-qt6wsi.pdf,47
bank-cielene-c1-t7-48-aadefeefeb,Slovenská republika vznikla 1.1.1993 zánikom Česko-Slovenska. Koľko mala od svojho vzniku prezidentov?,A. 6|B. 7|C. 5|D. 8,D,8,M4,T7,VSP,bank,sk,true,VSJP8_Test_Cielene_C.1-objg2y.pdf,VSJP8_Test_Cielene_C.1_Riesenie-qt6wsi.pdf,48
bank-cielene-c1-t7-49-66b6144170,Nájdi synonymum slova alokácia.,A. umiestnenie|B. vykĺbenie|C. úzkosť|D. nebezpečenstvo,D,nebezpečenstvo,M4,T7,VSP,bank,sk,true,VSJP8_Test_Cielene_C.1-objg2y.pdf,VSJP8_Test_Cielene_C.1_Riesenie-qt6wsi.pdf,49
bank-cielene-c1-t7-50-695802d0a4,"Vpravo vidíš abecedu, ktorá je pravdepodobne trochu iná než tá, ktorú poznáš. O aké písmo ide?",A. grécke|B. hlaholika|C. cyrilika|D. azbuka SKVELÁ PRÁCA! NEZABUDNI SI TEST SKONTROLOVAŤ,D,azbuka,M4,T7,VSP,bank,sk,true,VSJP8_Test_Cielene_C.1-objg2y.pdf,VSJP8_Test_Cielene_C.1_Riesenie-qt6wsi.pdf,50
bank-cielene-c2-t8-01-f76e258fdb,Nasledujúca postupnosť je utvorená podľa istého logického princípu. Čo by v nej mohlo nasledovať? A2CD3FGH4JKLM…,A. 5NOPQR|B. 5MNOPQ|C. 5OPQRS|D. 5NO6PQ,D,"5NO6PQ Číslo v postupnosti zastupuje písmeno a určuje, koľko písmen bude pokračovať v abecede pred ďalším číslom.",M4,T8,VSP,bank,sk,true,VSJP8_Test_Cielene_C.2-6i9hyb.pdf,VSJP8_Test_Cielene_C.2_Riesenie-1nleyu.pdf,1
bank-t8-01-b066d2fdf9,Prečítaj si tvrdenia: Tvrdenie 1: Milanova mama napiekla na Vianoce o 2 druhy koláčov viac ako Petrova mama. Tvrdenie 2: Súčet druhov koláčov Milanovej a Petrovej mamy je trojnásobkom rozdielu napečených druhov koláčov Milanovej a Petrovej mamy. Sú obe tvrdenia postačujúce na zodpovedanie otázky: Koľko druhov koláčov napiekla Petrova mama na Vianoce?,"A. Nie, z uvedených údajov chýba, koľko druhov koláčov napiekla Milanova mama|B. Nie, každé tvrdenie je samostatne postačujúc e|C. Áno, dokážeme to zistiť rovnicou|D. Áno, dokážeme to zistiť trojčlenkou",C,"3 . 2 = 6 ( tri krát rozdiel) a vieme, že 6 = x+y, pričom y = x+2 (x je počet , čo napiekla mama , ktorá napiekla menej, y je to , čo napiekla druhá). Upravíme rovnicu : 6 = x+(x+2) 4 = 2x x = 2 Prvá mama napiekla 2 ( = x) a druhá 4 (= x + 2).",M4,T8,VSP,bank,sk,true,VSJP8_Mudre-predplatne_8_Ulohy-ksn6nf.pdf,VSJP8_Mudre-predplatne_8_Riesenia-isom5j.pdf,1
bank-cielene-c2-t8-02-31fc7f4950,Aký je obvod kruhu s priemerom 24 cm?,A. 12π|B. 24π|C. 6π|D. 36π,A,"36π Obvod kruhu sa vypočíta ako o = 2.π.r, kde r je polomer kruhu (=12 cm) a teda po dosadení o = 2.π.12 = 24π.",M4,T8,VSP,bank,sk,true,VSJP8_Test_Cielene_C.2-6i9hyb.pdf,VSJP8_Test_Cielene_C.2_Riesenie-1nleyu.pdf,2
bank-cielene-c2-t8-03-f9aa24f3b3,Dvojica pojmov zásuvka – elektrina je v rovnakom logickom vzťahu ako dvojica:,A. krb – poleno|B. kohútik – voda|C. teplo – radiátor|D. meteostanica – počasie,D,"meteostanica – počasie Zo zásuvky „vychádza“ elektrina, z kohútika voda.",M4,T8,VSP,bank,sk,true,VSJP8_Test_Cielene_C.2-6i9hyb.pdf,VSJP8_Test_Cielene_C.2_Riesenie-1nleyu.pdf,3
bank-t8-03-8f6a5cee59,"Laura, Adam, Jožko a Zuzka sa každý učia jeden z nasledujúcich jazykov: španielčina, angličtina, taliančina, poľština. Každý z nich sa učeniu venuje inú dobu: 2 roky, 4 roky, 5 rokov, 8 rokov. Vieme, že:","A. Laura sa neučí španielsky,|B. Jožko neovláda angličtinu,|C. Laura sa učí svoj jazyk presne o dva roky dlhšie ako Adam,|D. Ten, kto sa učí poľsky sa učí jazyk o štyri roky dlhšie než ten, kto sa učí anglicky. e. Ten, kto sa učí poľsky sa venuje cudziemu jazyku presne o tri roky dlhšie než ten, kto sa učí španielsky. Kto sa môže učiť anglicky?",C,Laura Angličtina 4 roky Adam Taliančina 2 roky Jožko Španielčina Poľština 8 / 5 rokov Zuzka Poľština Španielčina 8 / 5 rokov,M4,T8,VSP,bank,sk,true,VSJP8_Mudre-predplatne_8_Ulohy-ksn6nf.pdf,VSJP8_Mudre-predplatne_8_Riesenia-isom5j.pdf,3
bank-cielene-c2-t8-04-78f92c012f,Ktoré slovo logicky nepatrí medzi ostatné?,A. dejateľ|B. menovateľ|C. objaviteľ|D. obyvateľ,B,"obyvateľ Menovateľ nepomenúva osobu, je to číslo pod zlomkovou čiarou.",M4,T8,VSP,bank,sk,true,VSJP8_Test_Cielene_C.2-6i9hyb.pdf,VSJP8_Test_Cielene_C.2_Riesenie-1nleyu.pdf,4
bank-t8-04-86f4b38231,"Michal a Marek používajú tajné heslo, ktoré raz za mesiac zmenia. Toto heslo musí spĺňať niekoľko podmienok: - musí to byť zmysluplné slovenské podstatné meno v nominatíve singuláru - musí mať rovnaký počet samohlások ako spoluhlások - musí obsahovať aspoň päť písmen - aspoň jedna spoluhláska sa musí v slove opakovať Ktoré z nasledujúcich slov môže byť ich tajným heslom?",A. MÚZEUM|B. GORILA|C. BUBLANINA|D. KOLOTOČE,A,Správna odpoveď: A.,M4,T8,VSP,bank,sk,true,VSJP8_Mudre-predplatne_8_Ulohy-ksn6nf.pdf,VSJP8_Mudre-predplatne_8_Riesenia-isom5j.pdf,4
bank-cielene-c2-t8-05-0a35a1b1ad,Roman je vysoký 188 centrimetrov. Erika meria tri štvrtiny z Romanovej výšky. Označme Romana R a Eriku E. Ktorá z rovníc opisuje uvedenú sitáciu?,"A. R = 4/3 E|B. R = 1,25 E|C. E = 85% R|D. E = R – 3/4",D,"E = R – 3/4 Vychádzame z rovnice E = ¾ R, ktorej úpravou (obe strany krát štyri a potom deleno 3), získame výraz v A. B by znamenalo, že Roman je od Eriky o štvrtinu vyšší, on je však vyšší o tretinu jej výšky. C by bolo správne, ak by tam bolo 75%. D by znamenalo, že Erika je nižšia o ¾ cm (0,75 cm).",M4,T8,VSP,bank,sk,true,VSJP8_Test_Cielene_C.2-6i9hyb.pdf,VSJP8_Test_Cielene_C.2_Riesenie-1nleyu.pdf,5
bank-t8-05-5bd29c2fd1,"Štyria pracovníci cukrárne – pán Bielko, pán Ananás, pani Černicová a pani Drožďová – si musia rozdeliť šesť pracovných úloh: • Nák – nákup surovín • Ces – miesenie cesta • Pec – príprava pece • Kor – vyrezanie korpusu • Obj – vybavenie objednávok • Zdo – zdobenie torty Ďalej vieme, že: (2) Na žiadnu pracovnú úlohu nesmie byť vyčlenený viac ako jeden pracovník. (3) Zdobenie torty musí urobiť žena. (4) Korpus musí vy rezať pán Biel ko alebo pani D rožďová. (5) Tomu, kto bude miesiť cesto , už nemôže byť pridelená iná úloha. (6) Prípravu pece musí podstúpiť ten, kto bude vybavovať objednávky. Ak bude rezať korpus a aj zdobiť tortu len jeden pracovník, ktorý z pracovníkov to môže byť?",A. iba pán Bielko|B. iba pán Ananás|C. iba pani Černicová|D. iba pani Drožďová,D,"Kor (korpus) môže robiť pán Bielko alebo pani Drožďová (podmienka 4). Zdo (zdobenie torty) musí robiť žena (podmienka 3). Jediná žena, ktorá môže rezať korpus aj zdobiť tortu, je pani Drožďová. Pán Bielko síce môže rezať korpus, ale nemôže zdobiť tortu, preto nie je správnou odpoveďou. Pán Ananás nemôže robiť ani jednu z týchto úloh. Pani Černicová môže zdobiť tortu, ale nemôže rezať korpus, lebo na to má oprávnenie len pán Bielko alebo pani Drožďová.",M4,T8,VSP,bank,sk,true,VSJP8_Mudre-predplatne_8_Ulohy-ksn6nf.pdf,VSJP8_Mudre-predplatne_8_Riesenia-isom5j.pdf,5
bank-cielene-c2-t8-06-538d9789e1,"V nasledujúcom texte sú vynechané dve slová. Vyber možnosť, ktorá sa najviac hodí na zakryté miesta. Princípom vzniku oblaku kumulus je „bublina“ teplého vzduchu, ktorá sa ______ od prehriateho terénu na povrchu zeme a v istej výške sa ______ jej vodná para.","A. odparí, zvíri|B. oddiali, zarosí|C. odstráni, zmení|D. odlepí, zráža",D,"odlepí, zráža",M4,T8,VSP,bank,sk,true,VSJP8_Test_Cielene_C.2-6i9hyb.pdf,VSJP8_Test_Cielene_C.2_Riesenie-1nleyu.pdf,6
bank-t8-06-06d686e970,"na základe uvedených podmienok možný? Bielko Ananás Černicová Drožďová 1 kor ces zdo obj, nák 2 nák pec, obj ces kor, zdo 3 kor nák pec, obj ces, zdo 4 ces nák, zdo pec, obj kor",A. 2|B. 1|C. 3|D. 4,A,"Ces má len jeden pracovník (Ananás), čo je správne. Pec a Obj vykonáva rovnaký pracovník (Ananás), čo je správne. Kor robí Drožďová (čo je povolené). Zdobenie",M4,T8,VSP,bank,sk,true,VSJP8_Mudre-predplatne_8_Ulohy-ksn6nf.pdf,VSJP8_Mudre-predplatne_8_Riesenia-isom5j.pdf,6
bank-cielene-c2-t8-07-074a237073,"V nasledujúcom grafe je zobrazený celkový a prirodzený prírastok obyvateľov SR v rokoch 2011 – 2020. Označ možnosť, ktorá z grafu nevyplýva.",A. Prirodzený prírastok populácie na Slovensku v roku 2015 bol nižší ako prírastky v ostatných rokoch|B. Celkový rast populácie na Slovensku má klesajúcu tendenciu|C. Prirodzený prírastok na Slovensku v roku 2012 tvoril menej ako polovicu celkového prírastku|D. Najnižší prírastok obyvateľov na Slovensku bol v roku 2020,D,Najnižší prírastok obyvateľov na Slovensku bol v roku 2020.,M4,T8,VSP,bank,sk,true,VSJP8_Test_Cielene_C.2-6i9hyb.pdf,VSJP8_Test_Cielene_C.2_Riesenie-1nleyu.pdf,7
bank-t8-08-a7c3823c85,"Budeme hovoriť, že slovenské slovo je rušivé, ak má párny počet samohlások. Budeme hovoriť, že slovenské slovo je strohé, ak má menej ako 4 písmená, alebo neobsahuje samohlásku. Ktoré z týchto slov je strohé?",A. asteroid|B. stĺp|C. komár|D. trúd,B,neobsahuje samohlásku,M4,T8,VSP,bank,sk,true,VSJP8_Mudre-predplatne_8_Ulohy-ksn6nf.pdf,VSJP8_Mudre-predplatne_8_Riesenia-isom5j.pdf,8
bank-cielene-c2-t8-09-fa8fbf22e8,"V nasledujúcich slovách sme poprehadzovali písmená. Keď zložíme zmysluplné slová, ktoré nepatrí medzi ostatné?",A. ONRZHO|B. CHRHA|C. AŇŠEČER|D. ĽEÍRBZA,D,"ĽEÍRBZA A – HROZNO, B – HRACH, C – ČEREŠŇA, D – RÍBEZĽA; hrach nie je ovocie",M4,T8,VSP,bank,sk,true,VSJP8_Test_Cielene_C.2-6i9hyb.pdf,VSJP8_Test_Cielene_C.2_Riesenie-1nleyu.pdf,9
bank-t8-09-4e019b6daf,"V holandskom Comedy Clube plánovali prijať nového komika, resp. komičku. Mali nasledujúce podmienky: Malo by ísť o osobu s vysokoškolským vzdelaním, ktorá ovláda aspoň dva cudzie jazyky, nikdy nepracovala v televízii a ak to bude žena, mala by byť mediálne známa. Ktorý z nasledujúcich uchádzačov spĺňa všetky požadované podmienky?","A. Adelle , 40 rokov, vyštudovala jadrovú fyziku, ovláda holandčinu a angličtinu, pracovala iba v laboratóriu|B. Irene, 32 rokov, vyštudovala medicínu, ovláda angličtinu a nemčinu, pracovala ako kardiologička, viedla televíznu poradňu pre seniorov|C. David, 17 rokov, druhák na gymnáziu, ovláda španielčinu a angličtinu, brigáduje ako redaktor v športovom magazíne|D. Theodor, 62 rokov, vyštudoval informatiku, ovláda maďarčinu a angličtinu, pracoval ako moderátor v rádiu a servisný technik",D,"pozor, holandčina z pohľadu holandského klubu nie je cudzí jazyk",M4,T8,VSP,bank,sk,true,VSJP8_Mudre-predplatne_8_Ulohy-ksn6nf.pdf,VSJP8_Mudre-predplatne_8_Riesenia-isom5j.pdf,9
bank-cielene-c2-t8-10-baefe9cda7,"V nasledujúcom texte je poprehadzované poradie viet. Keď vety zoradíme do správneho poradia, ktorá vety bude predposedná?","A. V prvom rade by mali dobre zatemniť miestnosť, zabezpečiť súkromie, filtrovať slnečné svetlo a zjemniť celkovú akustiku|B. Dobré závesy by mali v spálni spĺňať niekoľko úloh|C. Je však nespočetne veľa možností, ako ich zavesiť kreatívnym a dekoratívnym spôsobom|D. Pozrite si niekoľko nápadov, ako na to",B,"Pozrite si niekoľko nápadov, ako na to. Dobré závesy by mali v spálni spĺňať niekoľko úloh. V prvom rade by mali dobre zatemniť miestnosť, zabezpečiť súkromie, filtrovať slnečné svetlo a zjemniť celkovú akustiku. Je však nespočetne veľa možností, ako ich zavesiť kreatívnym a dekoratívnym spôsobom. Pozrite si niekoľko nápadov, ako na to.",M4,T8,VSP,bank,sk,true,VSJP8_Test_Cielene_C.2-6i9hyb.pdf,VSJP8_Test_Cielene_C.2_Riesenie-1nleyu.pdf,10
bank-t8-10-6a899a90f5,"Mimozemská civilizácia na planéte Gizzy funguje podľa týchto pravidiel: • Každý pár môže mať maximálne jedného potomka. • Keď mimozemšťania utvoria pár, zostávajú v páre navždy. • Neexistujú potomkovia mimo mimozemského páru. • Ktoré z uvedených tvrdení je určite pravdivé?",A. Mimozemšťan Pulli má dve sesternice|B. Mimozemšťan Bakki má dve deti|C. Mimozemšťan Naccho má dve staré mamy|D. Mimozemšťan Onppo nežije v páre,C,"ak má Naccho dvoch rodičov, má dve staré mamy.",M4,T8,VSP,bank,sk,true,VSJP8_Mudre-predplatne_8_Ulohy-ksn6nf.pdf,VSJP8_Mudre-predplatne_8_Riesenia-isom5j.pdf,10
bank-cielene-c2-t8-11-93ace51fe9,Dvojica pojmov DOSIAHNUŤ : SNAHA je v rovnakom logickom vzťahu ako dvojica pojmov:,A. PREĽSTIŤ : PREFÍKANOSŤ|B. SCHOPNOSŤ : OPRAVIŤ|C. VARIŤ : HLAD|D. MOC : VLÁDNUŤ,D,"MOC : VLÁDNUŤ Vďaka snahe niečo môžeme dosiahnuť, vďaka prefíkanosti niekoho môžeme preľstiť.",M4,T8,VSP,bank,sk,true,VSJP8_Test_Cielene_C.2-6i9hyb.pdf,VSJP8_Test_Cielene_C.2_Riesenie-1nleyu.pdf,11
bank-t8-11-31923bd5ea,"Traja záhradkári Maroš, Roman a Gabriel si vedľa seba postavili chaty. Každý pochádza z inej oblasti: Liptov, Orava, Spiš. Každý pestuje jeden druh ovocia: hrušky, jablká, slivky. Vieme, že: • Naľavo od záhradkára z Liptova je ten, kto má na záhrade slivky. • Gabriel pestuje hrušky na záhrade. • Maroš je zo Spiša. • Roman nepestuje jablká. • Záhradkár v strede má hrušky. Kto môže pestovať slivky?",A. len Maroš|B. Gabriel alebo Roman|C. len Roman|D. Gabriel alebo Maroš,C,"ak Gabriel pestuje hrušky a Roman nepestuje jablká, jablká musí pestovať Maroš. Tým pádom Romanovi zostávajú už len slivky.",M4,T8,VSP,bank,sk,true,VSJP8_Mudre-predplatne_8_Ulohy-ksn6nf.pdf,VSJP8_Mudre-predplatne_8_Riesenia-isom5j.pdf,11
bank-cielene-c2-t8-12-71d1c02214,"V nasledujúcej tabuľke sú zobrazené jednotlivé bratislavské okresy s ich mestskými časťami, počtom obyvateľov, rozlohou a rokom pričlenenia. Z tvrdení vyber to, ktoré nevyplýva z tabuľky. Okres Mestská časť Obyvateľstvo (2022) Rozloha (km2) Pričlenené Bratislava I Staré Mesto 46 929 9,57 - Bratislava II Ružinov 81 741 39,7 1946 Vrakuňa 20 407 10,29 1972 Podunajské Biskupice 23 465 42,49 1972 Bratislava III Nové Mesto 44 876 37,48 - Rača 26 049 23,65 1946 Vajnory 6 043 13,53 1946 Bratislava IV Karlova Ves 35 078 10,95 1943 Dúbravka 35 759 8,64 1946 Lamač 7 786 6,54 1946 Devín 2 024 13,98 1946 Devínska Nová Ves 17 112 24,21 1972 Záhorská Bystrica 7 305 32,3 1972 Bratislava V Petržalka 113 215 28,68 1946 Jarovce 2 923 21,34 1972 Rusovce 4 459 25,55 1972 Čunovo 1 751 18,62 1972","A. V štvrtom bratislavskom okrese žije viac obyvateľov ako v okrese Bratislava II|B. Mestská časť Ružinov a Vrakuňa patria do rovnakého okresu|C. V roku 2022 mala najviac obyvateľov mestská čas patriaca do okresu Bratislava V|D. Rozdiel medzi najväčšou a najmenšou mestskou časťou je 35,95 km2",D,"Rozdiel medzi najväčšou a najmenšou mestskou časťou je 35,95 km2.",M4,T8,VSP,bank,sk,true,VSJP8_Test_Cielene_C.2-6i9hyb.pdf,VSJP8_Test_Cielene_C.2_Riesenie-1nleyu.pdf,12
bank-t8-12-acdc5b40cf,"Na plese Nová tradícia sa každý rok začína iným tancom. Vieme, že v párnych rokoch ples otvára buď viedenský valčík, anglický valčík alebo francúzsky valčík. V nepárnych rokoch sa ples otvára v modernom štýle. Tancuje sa buď charleston, foxtrot alebo salsa . Ak sa ples koná v zimnom období, hudbu hrá živá kapela. Ak je ples v lete, hudbu dodáva orchester. Ak sa ples otvára v nemeckom jazyku, tancuje sa valčík, ak sa otvára v anglickom jazyku, tancujú sa moderné tance. Ples, ktorý sa konal v novembri minulého roka, bol uvádzaný v nemeckom jazyku. Z uvedeného nevyplýva, že:",A. Minulý rok bol rok 2021|B. Na minuloročnom plese hrala živá kapela|C. Tento rok bude ples otváraný v anglickom jazyku|D. Na minuloročnom plese sa netancovala salsa,A,"minulý rok musel byť párny, keďže sa tancoval valčík",M4,T8,VSP,bank,sk,true,VSJP8_Mudre-predplatne_8_Ulohy-ksn6nf.pdf,VSJP8_Mudre-predplatne_8_Riesenia-isom5j.pdf,12
bank-cielene-c2-t8-13-475d71e62b,"Vyber správne chýbajúce číslice (v poradí), aby bol výsledok správny: _1_ + 1_1 = 800","A. 2, 8, 2|B. 6,9,8|C. 3,7,9|D. 5, 9, 1",D,"5, 9, 1 619 + 181 = 800",M4,T8,VSP,bank,sk,true,VSJP8_Test_Cielene_C.2-6i9hyb.pdf,VSJP8_Test_Cielene_C.2_Riesenie-1nleyu.pdf,13
bank-t8-13-e0b7eb7ec9,"Karolína a Viktória sú sestry, ktoré si delia domáce práce. Vytvorili si istý systém, ktorý nasledujú: Ak vysáva Karolína, Viktória umýva podlahu. Ak Viktória utiera prach, nebude už umývať riad. Ak niekto utiera prach, musí potom oprať utierky. Ak Karolín a vyzlečie posteľnú bielizeň, musí ho aj oprať. Ak Viktória umýva vaňu, umývadlo umýva Karolína. Mama povedala, že v sobotu videla Viktóriu utierať prach a riad bol umytý. Z uvedeného určite vyplýva, že:",A. Karolína umyla umývadlo|B. Viktória umyla vaňu|C. Viktória umyla riad|D. Viktória prala,D,"ak Viktória prala, musela oprať utierky",M4,T8,VSP,bank,sk,true,VSJP8_Mudre-predplatne_8_Ulohy-ksn6nf.pdf,VSJP8_Mudre-predplatne_8_Riesenia-isom5j.pdf,13
bank-cielene-c2-t8-14-67a1423080,"V zoologickej záhrade majú 8 pelikánov, ktoré celkovo tvoria tretinu vtáctva. Polovicu ostatných vtákov tvoria labute a pätinu zo zvyšku plameniaky . Koľko vtákov je spolu v zoologickej záhrade?",A. 32|B. 16|C. 24|D. Na výpočet by sme museli poznať počet labutí,D,"Na výpočet by sme museli poznať počet labutí. Úplne nám postačujú informácie z prvej vety – 8 pelikánov je jedna tretina, a teda 24 vtákov sú tri tretiny.",M4,T8,VSP,bank,sk,true,VSJP8_Test_Cielene_C.2-6i9hyb.pdf,VSJP8_Test_Cielene_C.2_Riesenie-1nleyu.pdf,14
bank-t8-14-13d3bbdb57,"Martin, Braňo a Oliver si vymýšľajú tajný pozdrav. Vieme, že pozdrav: • Musí byť zmysluplné sloveso v druhej osobe plurálu. • Musí obsahovať aspoň tri samohlásky. • Ak sa začína samohláskou, musí sa samohláskou aj končiť. Ktoré z nasledujúcich slov by mohlo byť tajným pozdravom?",A. obývate|B. ahojte|C. dobrý deň|D. neponáhľaj sa,A,"B ani C nie sú slovesá, D nespĺňa plurál",M4,T8,VSP,bank,sk,true,VSJP8_Mudre-predplatne_8_Ulohy-ksn6nf.pdf,VSJP8_Mudre-predplatne_8_Riesenia-isom5j.pdf,14
bank-cielene-c2-t8-15-c322e6e1b3,"Slovo nazveme temperamentné, ak má viac ako päť písmen a obsahuje minimálne dve spoluhlásky nasledujúce za sebou. Slovo nazveme veselé, ak začína na samohlásku a končí spoluhláskou. Ktoré slovo je temperamentné a zároveň veselé?",A. nekrológ|B. akronym|C. synonymum|D. atestácia,D,atestácia,M4,T8,VSP,bank,sk,true,VSJP8_Test_Cielene_C.2-6i9hyb.pdf,VSJP8_Test_Cielene_C.2_Riesenie-1nleyu.pdf,15
bank-t8-15-2b3ae1a3d6,"Národná banka by mala byť tým najlepšie zabezpečeným systémom v celej krajine. Svoje heslo preto musí meniť aspoň raz za týždeň. Vieme, že: • Heslo musí byť kombináciou alfanumerických znakov. • Písmená abecedy nesmú ísť ani zostupne, ani vzostupne. • Ak sa v hesle objaví samohláska, nesmie po nej nasledovať párne číslo. • Ak sa v hesle objaví spoluhláska, musí byť veľkým písmenom. • Písmená v hesle musia tvoriť slovo. • Ak sa slovo začína písmenom, musí sa končiť číslom a naopak. Ktoré z týchto hesiel môže banka použiť?",A. G1a6T3B8|B. P1eLiK2aN4|C. P1R2ST1|D. 5Fo8TKa,B,Správna odpoveď: B.,M4,T8,VSP,bank,sk,true,VSJP8_Mudre-predplatne_8_Ulohy-ksn6nf.pdf,VSJP8_Mudre-predplatne_8_Riesenia-isom5j.pdf,15
bank-cielene-c2-t8-16-aa44999454,Písmenám sme na základe určitého princípu priradili čísla. Odhaľ princíp priradenia a označ nesprávne priradenú odpoveď. A – 1 R – 2 H – 1 T – 1 K – 1 F – 2 G – 2 V – 1 L – 2 O – 1,A. M – 1|B. U – 1|C. P – 2|D. D – 2,D,D – 2 I – majú os súmernosti 2 – nie sú osovo súmerné (D má os súmernosti – vodorovne),M4,T8,VSP,bank,sk,true,VSJP8_Test_Cielene_C.2-6i9hyb.pdf,VSJP8_Test_Cielene_C.2_Riesenie-1nleyu.pdf,16
bank-t8-16-c1441a194e,"V cestovnej kancelárii pracuje Zuzka, ktorej úlohou je vybrať dokonalú dovolenku podľa požiadaviek zákazníkov. Peťo a Anička si nevedia vybrať dovolenku, a tak poprosili Zuzku, aby im vybrala dovolenku, ktorá musí spĺňať tieto pravidlá: Jedna letenka nemôž e byť drahšia než 150 €. Krajina, do ktorej pôjdu, bude pri mori. Ak budú bývať v stane, nebudú blízko ďalších Slovákov. Ak budú bývať v hoteli, budú mať raňajky v cene. Ktorú z týchto ponúk Zuzka vyberie?","A. Slovenský camp v Taliansku, letenky pre dve osoby stoja 200 €|B. Hotel Maria na Sicílii, letenky pre dve osoby stoja 290 €, all inclusive|C. Botel István na Balatone v Maďarsku, letenky pre dve osoby stoja 40 €, raňajky v cene|D. Stanové mestečko v Záhrebe, letenky pre dve osoby stoja 310 €, večera v cene formou švajčiarskych stolov",B,"pozor, Balaton je jazero",M4,T8,VSP,bank,sk,true,VSJP8_Mudre-predplatne_8_Ulohy-ksn6nf.pdf,VSJP8_Mudre-predplatne_8_Riesenia-isom5j.pdf,16
bank-cielene-c2-t8-17-9a26bd4db1,"Veríme, že adekvátnou prípravou v období po maturite a pred nástupom na vysokú školu je práve Letná škola matematiky. Ide o unikátny dvojtýždenný program prípravy a opakovania stredoškolskej matematiky pred nástupom na vysokú školu technického alebo ekonomického smeru. Jej koncept vychádza zo skúseností učiteľov a lektorov vzdelávacieho centra Cielene, ktorí opakovane žiakov doučujú v prvých ročníkoch VŠ – pričom témy z matematiky, ktoré robia žiakom najväčšie problémy, sa kontinuálne opakujú. Na čo sa vzťahuje zvýraznené slovo v uvedenom texte?",A. Na vysokú školu technického alebo ekonomického smeru|B. Na Letnú školu matematiky|C. Na stredoškolskú matematiku|D. Na vysokoškolskú matematiku,D,Na vysokoškolskú matematiku.,M4,T8,VSP,bank,sk,true,VSJP8_Test_Cielene_C.2-6i9hyb.pdf,VSJP8_Test_Cielene_C.2_Riesenie-1nleyu.pdf,17
bank-cielene-c2-t8-18-13ef156a24,"Aké čísla od 1 do 10 môžeš vpísať do prázdnych krúžkov na kružnici tak, aby súčet žiadnych dvoch susedných čísel nebol deliteľný 3, 5, 7? Výsledok zapíš v smere šípky s tým, že začneš číslom, ktoré nasleduje po čísle 1.","A. 8, 7, 6, 5, 2, 3, 4, 9|B. 3, 5, 2, 9, 10, 4, 6, 8, 7|C. 2, 5, 4, 9, 8, 3, 6, 8, 7|D. 10, 3, 8, 5, 6, 2, 9, 4, 7",D,"10, 3, 8, 5, 6, 2, 9, 4, 7",M4,T8,VSP,bank,sk,true,VSJP8_Test_Cielene_C.2-6i9hyb.pdf,VSJP8_Test_Cielene_C.2_Riesenie-1nleyu.pdf,18
bank-t8-18-2eecbbc7ad,"Budeme hovoriť, že slovenské slovo je hrdé, ak má párny počet spoluhlások. Budeme hovoriť, že slovenské slovo je čestné, ak má viac ako 6 písmen alebo sa končí samohláskou. Isté slovenské slovo je má 4 písmená, dve samohlásky a končí sa spoluhláskou. Z toh o logicky vyplýva, že toto slovo určite:",A. je hrdé a nie je čestné|B. nie je hrdé|C. je čestné|D. je čestné a nie je hrdé,A,"ak sa končí spoluhláskou a má menej ako 6 písmen, nemôže byť čestné; ak sú dve hlásky zo 4 samohlásky, dve budú spoluhlásky – je hrdé",M4,T8,VSP,bank,sk,true,VSJP8_Mudre-predplatne_8_Ulohy-ksn6nf.pdf,VSJP8_Mudre-predplatne_8_Riesenia-isom5j.pdf,18
bank-cielene-c2-t8-19-cb15327fa4,"Aj keď pravdepodobne neovládaš latinčinu, pokús sa určiť, čo znamená výrok NATURA NIHIL FRUSTRA FACIT.",A. Láska nie je vyliečiteľná bylinkami|B. Prirodzene čelíme frustrácii|C. Prirodzená tvár nepotrebuje facelift|D. Príroda nerobí nič nadarmo,D,"Príroda nerobí nič nadarmo. Indície: natura – príroda, nihil – nič",M4,T8,VSP,bank,sk,true,VSJP8_Test_Cielene_C.2-6i9hyb.pdf,VSJP8_Test_Cielene_C.2_Riesenie-1nleyu.pdf,19
bank-t8-19-2e6c9222de,"Slovo nazveme trvalé, ak je zložené z párneho počtu slabík a obsahuje rovnaký počet samohlások a spoluhlások. Ktoré z týchto slov je trvalé?",A. bezkonkurenčný|B. kruciálny|C. ideálny|D. tichý,D,"dve slabiky, dve samohlásky (i, ý) a dve spoluhlásky (t, ch)",M4,T8,VSP,bank,sk,true,VSJP8_Mudre-predplatne_8_Ulohy-ksn6nf.pdf,VSJP8_Mudre-predplatne_8_Riesenia-isom5j.pdf,19
bank-t8-20-cf3983021c,"Budeme hovoriť, že slovenské podstatné meno má kamoša, ak zamenením jedinej samohlásky v slove dokážeme vytvoriť slovo s iným významom. Napríklad slovo krík má kamoša krok. Ktoré z nasledujúcich slov nemá kamoša?",A. hríb|B. sval|C. pes|D. pera,B,"A – hríb , hrob, C – pes, pas, D – pera, pero",M4,T8,VSP,bank,sk,true,VSJP8_Mudre-predplatne_8_Ulohy-ksn6nf.pdf,VSJP8_Mudre-predplatne_8_Riesenia-isom5j.pdf,20
bank-cielene-c2-t8-21-207b2ff127,Ktoré jazyky ovláda autorka textu?,"A. esperanto, francúzštinu, hispánčinu|B. esperanto, angličtinu, španielčinu|C. esperanto, granda, hispánčinu|D. esperanto, angličtinu, portugalčinu",D,"esperanto, angličtinu, portugalčinu",M4,T8,VSP,bank,sk,true,VSJP8_Test_Cielene_C.2-6i9hyb.pdf,VSJP8_Test_Cielene_C.2_Riesenie-1nleyu.pdf,21
bank-cielene-c2-t8-22-ee81744611,Kde žije autorka textu?,A. Na vidieku|B. V Španielsku|C. V blízkosti prírody|D. Vo veľkom meste,D,Vo veľkom meste.,M4,T8,VSP,bank,sk,true,VSJP8_Test_Cielene_C.2-6i9hyb.pdf,VSJP8_Test_Cielene_C.2_Riesenie-1nleyu.pdf,22
bank-cielene-c2-t8-23-d533e396fb,Čo rada robí autorka textu?,A. Chodí do parku|B. Číta knihy a jazdí na bicykli|C. Venuje sa behu na čas|D. Sadí kvety a navštevuje promenády,D,Sadí kvety a navštevuje promenády.,M4,T8,VSP,bank,sk,true,VSJP8_Test_Cielene_C.2-6i9hyb.pdf,VSJP8_Test_Cielene_C.2_Riesenie-1nleyu.pdf,23
bank-cielene-c2-t8-29-427dc29afb,Kako se zove osoba koja piše tekst?,A. Ana|B. Hrvatske|C. Zagerb|D. Kako,D,Kako,M4,T8,VSP,bank,sk,true,VSJP8_Test_Cielene_C.2-6i9hyb.pdf,VSJP8_Test_Cielene_C.2_Riesenie-1nleyu.pdf,29
bank-cielene-c2-t8-30-b2616cf21e,Odkale dolazi Ana?,A. Iz dobro jutro|B. Iz Hrvatske|C. Temperatura je ugodna|D. Voli putovati i upoznavati nove ljude,D,Voli putovati i upoznavati nove ljude.,M4,T8,VSP,bank,sk,true,VSJP8_Test_Cielene_C.2-6i9hyb.pdf,VSJP8_Test_Cielene_C.2_Riesenie-1nleyu.pdf,30
bank-cielene-c2-t8-31-da55e72faa,Što je poznato o Zagrebu?,"A. Zagreb je poznat po svojoj bogatoj povijesti i prekrasnoj arhitekturi|B. Osoba koja piše tekst živi u Zagrebu, glavnom gradu Hrvatske|C. U trenutku pisanja teksta je predivan dan, sunčano je i temperatura je ugodna|D. Koje su vaše omiljene aktivnosti u slobodno ljude i kulture!",D,Koje su vaše omiljene aktivnosti u slobodno ljude i kulture!,M4,T8,VSP,bank,sk,true,VSJP8_Test_Cielene_C.2-6i9hyb.pdf,VSJP8_Test_Cielene_C.2_Riesenie-1nleyu.pdf,31
bank-cielene-c2-t8-32-d6b0ca4c94,Koje su omiljene aktivnosti osobe koja piše tekst u slobodno vrijeme?,"A. Osoba koja piše tekst voli igrati profesionalni hokej|B. Osoba koja piše tekst voli roniti u dubinama oceana|C. Osoba koja piše tekst voli skakanje s padobranom|D. Omiljene aktivnosti osobe koja piše tekst u slobodno vrijeme su šetanje gradom i uživanje u ljepotama koje nudi, kao i putovanje i upoznavanje novih ljudi i kultura",D,"Omiljene aktivnosti osobe koja piše tekst u slobodno vrijeme su šetanje gradom i uživanje u ljepotama koje nudi, kao i putovanje i upoznavanje novih ljudi i kultura. Preklad: Dobré ráno! Ako sa voláš? Ja sa volám Ana a pochádzam z Chorvátska. Dnes je tu krásny deň, svieti slnko a teplota je príjemná. Bývam v Záhrebe, hlavnom meste Chorvátska. Záhreb je známy svojou bohatou históriou a nádhernou architektúrou. Vo voľnom čase rad a prechádzam mestom a užívam si krásy, ktoré ponúka. Tiež r ada cest",M4,T8,VSP,bank,sk,true,VSJP8_Test_Cielene_C.2-6i9hyb.pdf,VSJP8_Test_Cielene_C.2_Riesenie-1nleyu.pdf,32
bank-cielene-c2-t8-34-5b26818846,"Najskôr zisti, ako má znieť otázka, a potom zvoľ správnu odpoveď. (Každá bodka predstavuje jedno vynechané písmeno.) Koľko d•• má naj•••••í m••••c?",A. 24|B. 12|C. 482|D. 28,D,28 Koľko dní má najkratší mesiac?,M4,T8,VSP,bank,sk,true,VSJP8_Test_Cielene_C.2-6i9hyb.pdf,VSJP8_Test_Cielene_C.2_Riesenie-1nleyu.pdf,34
bank-cielene-c2-t8-35-de0a6cbdfd,"V ktorom z uvedených slov možno nahradiť otázniky písmenami (1 otáznik = 1 písmeno) tak, aby vzniklo slovo (v nominatíve singuláru) označujúce plodinu?",A. ??LIN?|B. ??KUR??|C. ?ABLK??|D. ??GREŠ,C,"??GREŠ A – malina, B - kukurica, C - jablko, D - egreš",M4,T8,VSP,bank,sk,true,VSJP8_Test_Cielene_C.2-6i9hyb.pdf,VSJP8_Test_Cielene_C.2_Riesenie-1nleyu.pdf,35
bank-cielene-c2-t8-36-cab567b9ac,V ktorej možnosti sa nenachádza synonymický rad?,A. nepríznačný – triviálny – atypický – náležitý|B. bezočivý – arogantný – netaktný – chrapúnsky|C. nervózna – podráždená – napätá – nepokojná|D. búrlivé – besné – rozburácané – nepokojné,D,"búrlivé – besné – rozburácané – nepokojné Slová triviálny (obyčajný, jednoduchý) a náležitý (primeraný, vhodný) nie sú synonymá slov atypický a nepríznačný.",M4,T8,VSP,bank,sk,true,VSJP8_Test_Cielene_C.2-6i9hyb.pdf,VSJP8_Test_Cielene_C.2_Riesenie-1nleyu.pdf,36
bank-cielene-c2-t8-37-b6a2e2dc91,"Ktorá z možností sa najlepšie hodí na zakryté miesto v nasledujúcom texte? V skutočnosti o vás premýšľa len niekoľko ľudí: rodičia, súrodenci a niekoľko blízkych priateľov, ________________.","A. ktorých zrátate na prstoch, a obvykle na to stačí jedna ruka|B. váš najlepší kamarát, starí rodičia, váš brat či sestra a učiteľ|C. štatisticky častejšie myslíte vy na rodinu, než oni na vás|D. otázka existencie vedomia je preto individuálna a prinajmenšom otázna",D,otázka existencie vedomia je preto individuálna a prinajmenšom otázna.,M4,T8,VSP,bank,sk,true,VSJP8_Test_Cielene_C.2-6i9hyb.pdf,VSJP8_Test_Cielene_C.2_Riesenie-1nleyu.pdf,37
bank-cielene-c2-t8-38-4ae606bc82,V ktorej z nasledujúcich viet je zakryté slovo prezieravý?,"A. Nápad využiť priestor nad riekou sa ukázal byť ________ - nadzemka prežila aj električku, ktorá v meste vznikla podstatne skôr|B. Neutrálny, avšak občas i ________ nádych nadobúda aj bežne familiárne označovanie stúpencov judaizmu: Žid|C. Fermentácia a spracovanie kávy prebieha v zažívacom trakte cibetky , kde sa tvorí ________ produkt|D. Toto digitálne vzdelávanie umožňuje študentom získať ________ prístup k širokému spektru vzdelávacích materiálov, vrátane videí, interaktívnych cvičení a online kurzov",D,"Toto digitálne vzdelávanie umožňuje študentom získať ________ prístup k širokému spektru vzdelávacích materiálov, vrátane videí, interaktívnych cvičení a online kurzov. Prezieravý - ktorý vopred všetko uváži, premyslí; ktorý má schopnosť odhadnúť dôsledky, budúcnosť svojho konania, rozhodnutia a pod.",M4,T8,VSP,bank,sk,true,VSJP8_Test_Cielene_C.2-6i9hyb.pdf,VSJP8_Test_Cielene_C.2_Riesenie-1nleyu.pdf,38
bank-cielene-c2-t8-39-058ac79b85,"Väčšina prídavných mien je použiteľná v spojení s mnohými podstatnými menami (napr. pekný, vysoký, ťažká). Existujú však aj prídavné mená, ktoré možno v danom rode použiť iba v spojení s veľmi malým počtom podstatných mien. Ktoré z nasledujúcich prídavných mien má túto vlastnosť?",A. estetická|B. ekvatoriálne|C. etablovaný|D. elektrické,B,elektrické Najčastejšie spojenie je „ekvatoriálne pásmo“ (=rovníkové).,M4,T8,VSP,bank,sk,true,VSJP8_Test_Cielene_C.2-6i9hyb.pdf,VSJP8_Test_Cielene_C.2_Riesenie-1nleyu.pdf,39
bank-cielene-c2-t8-40-963beecbcb,V ktorej vete je podčiarknuté slovo použité nesprávne?,"A. V kostole sa škárovala aj veľká krypta, boli domurované jej schody a opravená tehlová obruba|B. Sarkofág bol narýchlo skonštruovaný nad zničeným reaktorom číslo štyri v týždňoch po havárii a obsahuje roztavenú aktívnu zónu 925 MW ľahkovodného grafitového reaktora a odhadom 200 ton vysoko rádioaktívneho materiálu|C. Priaznivo pôsobí na obranyschopnosť organizmu a znižuje hladinu krvného cukru a cholesterolu, čo bolo vedecky dokázané|D. Rozhovory s hrdinami tejto historickej morfológie nakrútené dvadsať rokov po udalosti konfrontujú prítomnosť s minulosťou",D,"Rozhovory s hrdinami tejto historickej morfológie nakrútené dvadsať rokov po udalosti konfrontujú prítomnosť s minulosťou. V slovenčine morfológia = tvaroslovie, v iných vedných odboroch náuka o vonkajšej a vnútornej skladbe.",M4,T8,VSP,bank,sk,true,VSJP8_Test_Cielene_C.2-6i9hyb.pdf,VSJP8_Test_Cielene_C.2_Riesenie-1nleyu.pdf,40
bank-cielene-c2-t8-41-985ec35667,Ku každému z uvedených slov možno pridať určitú predponu . Pri ktorom z uvedených slov pôjde o inú predponu ako pri ostatných troch?,A. -téza|B. -grafia|C. -tónny|D. -nukleóza ČASŤ VŠEOBECNÝ PREHĽAD,B,"-nukleóza monografia, monotónny, mononukleóza, A napr. syntéza ČASŤ VŠEOBECNÝ PREHĽAD",M4,T8,VSP,bank,sk,true,VSJP8_Test_Cielene_C.2-6i9hyb.pdf,VSJP8_Test_Cielene_C.2_Riesenie-1nleyu.pdf,41
bank-cielene-c2-t8-42-4a69641254,Koľko párov chromozómov nájdeme u ľudí?,A. 46|B. 23|C. 92|D. Chromozómy nemôžeme spočítať,D,Chromozómy nemôžeme spočítať.,M4,T8,VSP,bank,sk,true,VSJP8_Test_Cielene_C.2-6i9hyb.pdf,VSJP8_Test_Cielene_C.2_Riesenie-1nleyu.pdf,42
bank-cielene-c2-t8-43-4aafdcc8cc,V ktorom časovom pásme sa nachádzalo Slovensko 3.1.2024?,A. UTC + 12 M|B. 1 svetelný rok|C. GMT + 1|D. v zimnom čase,D,v zimnom čase GMT – Greenwich Mean Time,M4,T8,VSP,bank,sk,true,VSJP8_Test_Cielene_C.2-6i9hyb.pdf,VSJP8_Test_Cielene_C.2_Riesenie-1nleyu.pdf,43
bank-cielene-c2-t8-44-a2bbfe0831,Ktorý z nasledujúcich materiálov sa používa v ceruzkách?,A. grafit|B. čierne uhlie|C. kremík|D. drevené uhlie,D,drevené uhlie,M4,T8,VSP,bank,sk,true,VSJP8_Test_Cielene_C.2-6i9hyb.pdf,VSJP8_Test_Cielene_C.2_Riesenie-1nleyu.pdf,44
bank-cielene-c2-t8-45-d345bbbbcf,Čo je majáles?,A. prostredie lesa v máji|B. tradičná študentská slávnosť|C. jarná pôda pred orbou|D. typický marhuľový džem,D,typický marhuľový džem,M4,T8,VSP,bank,sk,true,VSJP8_Test_Cielene_C.2-6i9hyb.pdf,VSJP8_Test_Cielene_C.2_Riesenie-1nleyu.pdf,45
bank-cielene-c2-t8-47-a46eeab448,Perokresba Leonarda da Vinci z 15. storočia má názov Vitruviánsky muž. Čo má táto kresba symbolizovať?,"A. Kalokagatia – ideál harmonického súladu a vyváženosti fyzickej a duševnej stránky človeka. Bol formulovaný antickými Grékmi, pre ktorých bola telesná kultúra integrálnou súčasťou kultúry spoločnosti|B. Symetrickosť ľudského tela vpísaného do kruhu aj štvorca. Cieľom ilustrácie je zhromaždiť názory na umenie, architektúru, anatómiu človeka a symetriu v jednom výraznom obraze|C. Australopitek (Australopithecus), predpokladaný nákres predchodcu dnešného človeka rozumného (Homo Sapiens Sapiens)|D. Humanoid – ľubovoľná bytosť, ktorej telo je podobné človeku. Zahŕňa napríklad mýtické tvory alebo umelé organizmy",D,"Humanoid – ľubovoľná bytosť, ktorej telo je podobné človeku. Zahŕňa napríklad mýtické tvory alebo umelé organizmy.",M4,T8,VSP,bank,sk,true,VSJP8_Test_Cielene_C.2-6i9hyb.pdf,VSJP8_Test_Cielene_C.2_Riesenie-1nleyu.pdf,47
bank-cielene-c2-t8-48-8fbadfff96,Ktorý z pojmov je opísaný v nasledujúcom texte? elementárny pojem informatiky – nie je ho možné popísať pomocou ešte elementárnejších pojmov – tak ako napr. pojmy bod a číslo v matematike.,A. údaj|B. algoritmus|C. karteziánska sústava súradníc|D. predvoľba,D,predvoľba,M4,T8,VSP,bank,sk,true,VSJP8_Test_Cielene_C.2-6i9hyb.pdf,VSJP8_Test_Cielene_C.2_Riesenie-1nleyu.pdf,48
bank-cielene-c2-t8-50-4b00024328,Ako sa volal prvý prezident Slovenska (vo funkcii od roku 1993)?,A. Michal Kováč|B. Rudolf Schuster|C. Ivan Gašparovič|D. Andrej Kiska,D,Andrej Kiska,M4,T8,VSP,bank,sk,true,VSJP8_Test_Cielene_C.2-6i9hyb.pdf,VSJP8_Test_Cielene_C.2_Riesenie-1nleyu.pdf,50
bank-cielene-c2-t8-51-269f8012bd,Ktoré z uvedených nie je hlavné mesto?,A. Bern|B. Brazília|C. Varšava|D. Sydney,D,Sydney,M4,T8,VSP,bank,sk,true,VSJP8_Test_Cielene_C.2-6i9hyb.pdf,VSJP8_Test_Cielene_C.2_Riesenie-1nleyu.pdf,51
bank-cielene-c3-t9-01-e52644a18e,"Doplň postupnosť: 1, 2, 5, 10, 17, 26, ...",A. 37|B. 35|C. 33|D. 41,D,"41 Ide o postupnosť +1, +3, +5, +7, +9 a nasleduje +11. 26 + 11 = 37.",M5,T9,VSP,bank,sk,true,VSJP8_Test_Cielene_C.3-it2iqc.pdf,VSJP8_Test_Cielene_C.3_Riesenie-6uuacr.pdf,1
bank-exam-x9-t9-01-20c80d072a,"Určte, ktorý z nasledujúcich pojmov je svojím významom najbližšie významu slova prezumpcia.",A. istota|B. skutok|C. model|D. domnienka,D,Správna odpoveď: D.,M5,T9,VSP,bank,sk,true,9_VSJP8_Test_X9-1le8g0.pdf,9_VSJP8_Test_X9_Riesenie-t4fyh5.pdf,1
bank-cielene-c3-t9-02-131818ac4d,"Pani Žaneta si zapísala telefonický kontakt na doučovanie, ale na posledné tri číslice jej kvapol lak na nechty. Pamätá si, že trojčíslie neobsahovalo rovnaké cifry, cifry boli len nepárne, bolo deliteľné troma a piatimi zároveň. Aké trojčíslie to mohlo byť? 0910/902 xxx",A. 320|B. 995|C. 315,C,"693 Ukážka 1 (zdroj príbalový leták ): Charakteristika Panadol sirup pre deti Jahoda Liek obsahuje paracetamol, čo je liečivo proti bolesti (analgetikum) a na zníženie horúčky (antipyretikum). Je určený na zníženie horúčky a bolesti sprevádzajúcej chrípku, prechladnutie, infekčné ochorenia detského veku (napr. osýpky, ružienka, ovčie kiahne, šarlach, mumps) a očkovanie. Tiež je vhodný na tlmenie bolesti sprevádzajúcej prerezávanie zúbkov a na bolesť zubov. Liek je vhodný pre deti od 3 mesiacov d",M5,T9,VSP,bank,sk,true,VSJP8_Test_Cielene_C.3-it2iqc.pdf,VSJP8_Test_Cielene_C.3_Riesenie-6uuacr.pdf,2
bank-exam-x9-t9-02-281bd2584a,"Z nasledujúcich päť dvojíc slov vyberte tú, ktorá sa vzájomným vzťahom oboch pojmov najmenej hodí k ostatným štyrom dvojiciam.",A. veľký - obrovský|B. spokojný - šťastný|C. chatrný - okázalý|D. horký – žhavý,C,Správna odpoveď: C.,M5,T9,VSP,bank,sk,true,9_VSJP8_Test_X9-1le8g0.pdf,9_VSJP8_Test_X9_Riesenie-t4fyh5.pdf,2
bank-t9-02-389ab08a4a,"skupina: taliančina, portugalčina, francúzština... Ktorý jazyk sme zaradili do správnej skupiny?",A. španielčina – 2. skupina|B. fín či na – 2. skupina|C. rumunčina – 1. skupina|D. moldavčina – 1. Skupina,D,"1– nárečové slová, 2 – spisovné slová, 3 – slangy. Hoďka (hodina) je slang.",M5,T9,VJS,bank,sk,true,VSJP8_Mudre-predplatne_9_Ulohy-khgcmh.pdf,VSJP8_Mudre-predplatne_9_Riesenia-bwpa8c.pdf,2
bank-cielene-c3-t9-03-43880d876d,Ktor é tvrdenie súhlasí s informáciami v Ukážke 1?,A. Panadol sirup pre deti Jahoda sa nesmie v žiadnom prípade podávať deťom vo veku 2 mesiace|B. Sirupom sa môžu detskí pacienti liečiť ľubovoľne dlho|C. Pre zdravé (bez poruchy pečene a obličiek) deti sú dovolené maximálne 4 dávky sirupu za 24 hodín|D. Pacientom s poruchou funkcie obličiek sa podávanie sirupu neodporúča,C,"Pacientom s poruchou funkcie obličiek sa podávanie sirupu neodporúča. A – môže, po očkovaní; B – max. 3 dni, D – upravené sú len rozostupy medzi dávkami",M5,T9,VSP,bank,sk,true,VSJP8_Test_Cielene_C.3-it2iqc.pdf,VSJP8_Test_Cielene_C.3_Riesenie-6uuacr.pdf,3
bank-exam-x9-t9-03-0e2bbaa81e,"Z čísla 731 723 máme vynechať tri číslice (poradie ostatných bude zachované). Určte rozdiel najväčšieho a najmenšieho čísla, ktoré takto môže vzniknúť.",A. 708|B. 690|C. 650|D. 614,C,Správna odpoveď: C.,M5,T9,VSP,bank,sk,true,9_VSJP8_Test_X9-1le8g0.pdf,9_VSJP8_Test_X9_Riesenie-t4fyh5.pdf,3
bank-t9-03-b20125be93,"skupina: denný, hrubý, drevený, ťažný... Ktoré slovo sme zaradili do nesprávnej skupiny?",A. neslušný – 1. skupina|B. pletený – 3. skupina|C. príjemný – 2. skupina|D. pekný – 1. skupina,A,"Španielčina je románsky jazyk, teda patrí do skupiny 2. V skupine 1 sú jazyky germánske .",M5,T9,VJS,bank,sk,true,VSJP8_Mudre-predplatne_9_Ulohy-khgcmh.pdf,VSJP8_Mudre-predplatne_9_Riesenia-bwpa8c.pdf,3
bank-cielene-c3-t9-04-f00d62a114,Aká je maximálna denná dávka paracetamolu pre šesťročné zdravé dieťa (bez poruchy pečene a obličiek) vážiace 20 kg podľa Ukážky 1?,A. 30 mg|B. 1200 mg|C. 50 mg|D. 120 mg,B,"120 mg Maximum je stanovené na 60 mg paracetamolu na 1 kg váhy, t.j. 60 mg * 20 kg = 1200 mg na deň.",M5,T9,VSP,bank,sk,true,VSJP8_Test_Cielene_C.3-it2iqc.pdf,VSJP8_Test_Cielene_C.3_Riesenie-6uuacr.pdf,4
bank-exam-x9-t9-04-21336d7c7a,Súčet troch čísel je 60. Prostredné z nich je aritmetickým priemerom najväčšieho a najmenšieho. Rozdiel najväčšieho a najmenšieho je rovný prostrednému. Určte súčin všetkých troch čísel.,A. 4 750|B. 27 500|C. 7 500|D. 6 000,D,Správna odpoveď: D.,M5,T9,VSP,bank,sk,true,9_VSJP8_Test_X9-1le8g0.pdf,9_VSJP8_Test_X9_Riesenie-t4fyh5.pdf,4
bank-cielene-c3-t9-05-24d657eb63,V ktorom prípade nie je podľa príbalového letáku Ukážky 1 odporúčané použitie Panadol sirup pre deti Jahoda?,A. bolesť zubov|B. ovčie kiahne|C. astma|D. šarlach,D,šarlach Uvedené v prvom odseku.,M5,T9,VSP,bank,sk,true,VSJP8_Test_Cielene_C.3-it2iqc.pdf,VSJP8_Test_Cielene_C.3_Riesenie-6uuacr.pdf,5
bank-exam-x9-t9-05-d07befd8d8,"Určte, ktorá z možností",A. až|B. d)|C. zodpovedá profilu objektu v zadaní pri pohľade zozadu (naznačené šípkou),B,Správna odpoveď: B.,M5,T9,VSP,bank,sk,true,9_VSJP8_Test_X9-1le8g0.pdf,9_VSJP8_Test_X9_Riesenie-t4fyh5.pdf,5
bank-t9-05-bb9b56c0e0,"Vymysleli sme istý systém, podľa ktorého priraďujeme slovám čísla. Tu je niekoľko príkladov: telefón – 1, noc – 0, aranžmá – 1, beznádejný – 2, následné – 2, opica – 0 Ktorej z možností sme správne priradili číslo?",A. bývalý – 1|B. bezočivý – 2|C. bezúročný – 2|D. bobor – 1,C,počet dĺžňov,M5,T9,VJS,bank,sk,true,VSJP8_Mudre-predplatne_9_Ulohy-khgcmh.pdf,VSJP8_Mudre-predplatne_9_Riesenia-bwpa8c.pdf,5
bank-cielene-c3-t9-06-d3dbdbfabc,"Ak chceme podať dávku s obsahom 120 mg paracetamolu, koľko ml suspenzie potrebujeme podľa Ukážky 1?",A. 5 ml|B. 2 ml|C. 50 ml|D. 15 ml,D,"15 ml 1 ml suspenzie obsahuje 24 mg paracetamolu, preto potrebujeme 120 : 24 = 5 ml suspenzie.",M5,T9,VSP,bank,sk,true,VSJP8_Test_Cielene_C.3-it2iqc.pdf,VSJP8_Test_Cielene_C.3_Riesenie-6uuacr.pdf,6
bank-exam-x9-t9-06-1a6f3206e9,"Jana vybrala z nasledujúceho súboru jedno číslo: 41 44 54 56 61 Ivete povedala len prvú číslici, Katke len druhú. Iveta aj Katka poznajú kompletný súbor čísel a vedia, že im Jana povedala prvú či druhú číslicu. Iveta hovorí: „Viem, že Katka nemôže určiť, ktoré je to číslo.“ Katka hovorí: „Nemohla som to určiť, ale teraz už viem, ktoré je to číslo.“ Ktoré z čísel to je?",A. 56|B. 54|C. 44|D. 61,D,Správna odpoveď: D.,M5,T9,VSP,bank,sk,true,9_VSJP8_Test_X9-1le8g0.pdf,9_VSJP8_Test_X9_Riesenie-t4fyh5.pdf,6
bank-t9-06-733883f873,"Vymysleli sme istý systém, podľa ktorého priraďujeme slovám čísla. Tu je niekoľko príkladov: kôstka → 2 reproduktor → 3 slnečnica → 2 hrnček → 3 spravodlivosť → 1 kvetináč → 3 orech → 2 názor → 1 Ktorému slovu sme nesprávne pridelili číslo?",A. ideológia → 1|B. huba → 2|C. žaluď → 3|D. nostalgia → 1,C,"1 – abstraktné podstatné mená, 2 – objekty v prírode, 3 – predmety vyrobené človekom (žaluď sem nepatrí)",M5,T9,VJS,bank,sk,true,VSJP8_Mudre-predplatne_9_Ulohy-khgcmh.pdf,VSJP8_Mudre-predplatne_9_Riesenia-bwpa8c.pdf,6
bank-cielene-c3-t9-07-23490f57f9,"Na základe Ukážky 1, čo znamená latinské slovo pyrexia ?",A. glomerulárn a filtráci a|B. porucha obličiek|C. bolesť|D. horúčka,D,"horúčka Môžeme vychádzať z toho, že liek je určený na zníženie horúčky (anti pyretikum ).",M5,T9,VSP,bank,sk,true,VSJP8_Test_Cielene_C.3-it2iqc.pdf,VSJP8_Test_Cielene_C.3_Riesenie-6uuacr.pdf,7
bank-exam-x9-t9-07-a9e83ba0a1,"Učiteľka zistila, že jej vynaliezaví žiaci si vytvorili vlastný umelý jazyk, ktorému nikto nerozumie. Podarilo sa jej však zistiť význam niektorých viet. Oorees abnak k bil. Na lúke rástli kvetiny. Derni dom absip k pres. Černá kočka ležala na stoličke. Zid huk dom. Pes loví mačku. Ores re parni. Kvetina je červená. Nájdite medzi nasledujúcimi možnosťami vetu, ktorá znamená Mačky lovili myši.",A. Zid abhuk doom|B. Doom huk zid|C. Doom abhuk hdoos|D. Dom abhuk hdos,C,Správna odpoveď: C.,M5,T9,VSP,bank,sk,true,9_VSJP8_Test_X9-1le8g0.pdf,9_VSJP8_Test_X9_Riesenie-t4fyh5.pdf,7
bank-t9-07-df639ea682,"Vymysleli sme istý princíp, podľa ktorého priraďujeme slovám čísla. Tu je niekoľko príkladov: rýchlo → 2 zámerne → 1 nadránom → 3 stereotypne → 2 náročky → 1 zajtra → 2 pokojne → 2 dnes → 3 Jednému zo slov je chybne priradené číslo. Ktorému?",A. zajtra|B. náročky|C. stereotypne|D. zámerne,A,"1 – príslovky príčiny, 2 – príslovky spôsobu (zajtra sem nepatrí), 3. príslovky času",M5,T9,VJS,bank,sk,true,VSJP8_Mudre-predplatne_9_Ulohy-khgcmh.pdf,VSJP8_Mudre-predplatne_9_Riesenia-bwpa8c.pdf,7
bank-cielene-c3-t9-08-4307c53092,Dvojica pojmov január - zima je v rovnakom logickom vzťahu ako dvojica:,A. rok - leto|B. apríl - jeseň|C. máj - jar|D. mesiac – týždeň,D,"mesiac – týždeň Január je zimný mesiac, podobne ako máj je mesiac jarný.",M5,T9,VSP,bank,sk,true,VSJP8_Test_Cielene_C.3-it2iqc.pdf,VSJP8_Test_Cielene_C.3_Riesenie-6uuacr.pdf,8
bank-exam-x9-t9-08-af99e8a2ab,"Jednoznačná slova sú také, ktoré nesú len jeden večný význam. Z navrhovaných možností vyberte jednoznačné slovo.",A. kohútik|B. zastávka|C. náhrdelník|D. jazyk,C,Správna odpoveď: C.,M5,T9,VSP,bank,sk,true,9_VSJP8_Test_X9-1le8g0.pdf,9_VSJP8_Test_X9_Riesenie-t4fyh5.pdf,8
bank-t9-08-0777a1626a,"Vymysleli sme istý princíp, podľa ktorého priraďujeme slovám čísla. Tu je niekoľko príkladov: mrazivo → 2 sestra → 3 kybernetika → 1 groš → 2 smajlík → 1 koberec → 3 grifeľ → 2 internacionalizácia → 1 štetec → 3 Ktorému z nasledujúcich slov sme správne priradili číslo?",A. blog – 2|B. sopka – 1|C. dereš – 2|D. lampa – 1,C,"1 – neologizmy, 2 – historizmy, 3 – bežné/súčasné slovo",M5,T9,VJS,bank,sk,true,VSJP8_Mudre-predplatne_9_Ulohy-khgcmh.pdf,VSJP8_Mudre-predplatne_9_Riesenia-bwpa8c.pdf,8
bank-cielene-c3-t9-09-24a21b4612,"Jedno 250 -gramové balenie masla stojí X eur. Čo platí, ak vieme, že akciová cena na 250 -gramové maslo je aktuálne Y = 0,75*X?","A. 1 kilogram masla kúpime v akcii za cenu 4*X|B. 1 kilogram masla kúpime v akcii za cenu 3*X|C. Cena masla v akcii je znížená o 75%|D. Za cenu X si teraz môžeme kúpiť 1,5 balenia 250 -gramového masla",B,"Za cenu X si teraz môžeme kúpiť 1,5 balenia 250 -gramového masla. A – rátame 4*Y=4*0,75*X, C – cena je znížená o 25%, D – môžeme si kúpiť 1,33 (4/3) balenia.",M5,T9,VSP,bank,sk,true,VSJP8_Test_Cielene_C.3-it2iqc.pdf,VSJP8_Test_Cielene_C.3_Riesenie-6uuacr.pdf,9
bank-cielene-c3-t9-10-cca472a585,Ktorú skupinu slov možno usporiadať do zmysluplnej vety? (chýbajúcu interpunkciu neberte do úvahy),A. rebríčkoch popredné Egypt v dlhé miesta obsadzuje obľúbenosti|B. pozorovať plaviacej púš ť žltých budete sa lode zeleň i z|C. zaujme svet aj tých faraónov úžasný|D. spojením sveta táto je afrického fascinujúca a arabského krajina,D,spojením sveta táto je afrického fascinujúca a arabského krajina A - Egypt obsadzuje v rebríčkoch obľúbenosti dlhé (roky) popredné miesta. B – Z plaviacej sa lode budete pozorovať zeleň i púšť (žltých). C – Úžasný svet faraónov zaujme aj tých (najmenších). D - Táto fascinujúca krajina je spojením afrického a arabského sveta.,M5,T9,VSP,bank,sk,true,VSJP8_Test_Cielene_C.3-it2iqc.pdf,VSJP8_Test_Cielene_C.3_Riesenie-6uuacr.pdf,10
bank-t9-10-e5d130ff18,"Vymysleli sme istý princíp, podľa ktorého priraďujeme slovesám čísla. Tu je niekoľko príkladov: ľutovať → 2 oslavovať → 3 pozerať → 1 nariekať → 2 milovať → 3 smútiť → 2 spievať → 1 usmievať → 3 vysávať → 1 Ktorému z nasledujúcich slov sme správne priradili číslo?",A. vznášať → 2|B. neznášať → 2|C. trénovať → 3|D. ľúbiť → 1,B,"I – neutrálne slovesá, 2 – negatívne slovesá, 3 – pozitívne slovesá",M5,T9,VJS,bank,sk,true,VSJP8_Mudre-predplatne_9_Ulohy-khgcmh.pdf,VSJP8_Mudre-predplatne_9_Riesenia-bwpa8c.pdf,10
bank-cielene-c3-t9-11-c9de0352f4,"Podľa istého princípu sme rozdelili mestá do dvoch skupín. Do 1. skupiny patria: Krakov, Paríž, Hamburg, Sofia ... Do 2. skupiny patria: Viedeň, Debrecín, Plzeň, Belehrad... Odhaľ princíp rozdelenia a rozhodni , ktoré z nasledujúcich miest je zaradené do správnej skupiny.",A. Brno – 1. skupina|B. Zurich – 1. skupina|C. Žilina – 2. skupina|D. Madrid – 2. skupina,D,"Madrid – 2. skupina V prvej skupine sú mestá z prímorských štátov, v druhej vnútrozemských.",M5,T9,VSP,bank,sk,true,VSJP8_Test_Cielene_C.3-it2iqc.pdf,VSJP8_Test_Cielene_C.3_Riesenie-6uuacr.pdf,11
bank-t9-11-6851b07f04,"Ktor é tvrdenie je v súlade s informáciami v Ukážke 1? Margaret Thatcherová sa narodila v meste Grantham v grófstve Lincolnshire v Anglicku. Jej otec Alfred Roberts vlastnil mäsiarstvo a bol aktívny v komunálnej politike ako príslušník liberálnej strany. V roku 1952 prišiel o svoje kreslo v mestskej rade, keď vo voľbách vyhrala Labouristická strana. Mala sestru Muriel. Na základnú školu najprv dochádzala v Kestevene a neskôr študovala Somerville College na Oxforde. V roku 1944 začala študovať chémiu na Oxfordskej univerzite a o nejaký čas neskôr pracovala ako c hemická laborantka. Neskôr vyštudovala na Oxforde aj právo. Vďaka svojej nekompromisnosti a rozhodnosti získala prezývku „Železná lady“. Do aktívnej politiky sa zapojila v 50. rokoch 20. storočia. V roku 1959 bola zvolená do Dolnej snemovne ako poslankyňa za britskú Konzervatívnu stranu. Následne pôsobila v niekoľkých konzervatívnych vládach. V roku 1974 podrobila svoju stranu po prehratých voľbách kritike a následne bola zvolená za jej predsedníčkou. V roku 1979 sa stala po predčasných voľbách premiérkou, ktorou zostala viac ako jedenásť rokov až do roku 1990.","A. Margaret Thatcherová bola ústupčivá politička, čím si zaslúžila veľký obdiv|B. Od začiatku svojho štúdia vedela, že bude političkou|C. Kritizovala aj svoju vlastnú stranu|D. Alfred Roberts sa neangažoval do politiky",C,„V roku 1974 podrobila svoju stranu po prehratých voľbách kritike a následne bola zvolená za jej predsedníčkou.“,M5,T9,VJS,bank,sk,true,VSJP8_Mudre-predplatne_9_Ulohy-khgcmh.pdf,VSJP8_Mudre-predplatne_9_Riesenia-bwpa8c.pdf,11
bank-cielene-c3-t9-12-38dd472009,"Rodina Láskavá si vyberá nového psa z útulku . Mama chce, aby nemal tmavú srsť, lebo by bolo vidno jeho chlpy na podlahe. Ak by bol pes hnedý, musí byť krátkosrstý. Otec chce stredne veľkého až veľkého psa, aby s ním mohol pyšne chodiť na prechádzky. Syn Artur (4 roky) chce, aby pes nebol starší ako on. Dcéra Rebeka si želá, aby psíček nebol kríženec a ona tak ľahko našla jeho obrázky na internete. Pre ktorého psa sa rodina rozhodne?","A. Hnedosrstá čivava, 1 rok, má rada deti, do útulku ju prijali pred mesiacom|B. Béžový labradorský retríver, hravý a veselý pes, 2 roky, v útulku je tri mesiace|C. Tmavohnedý kríženec ovčiaka a boxera, vhodný na dvor, asi 8 rokov, nájdený na ulici pred dvoma týždňami|D. Biely maltézsky teriér, 4,5 roka, obľubuje samotu, nájdený ako šteniatko",D,"Biely maltézsky teriér, 4,5 roka, obľubuje samotu, nájdený ako šteniatko.",M5,T9,VSP,bank,sk,true,VSJP8_Test_Cielene_C.3-it2iqc.pdf,VSJP8_Test_Cielene_C.3_Riesenie-6uuacr.pdf,12
bank-exam-x9-t9-12-385a71bd25,"Bratia A, B a C jednotlivé dni v týždni buď hovoria pravdu (symbol P), alebo klamú (symbol L), podľa nasledujúcej tabuľky: Dnes povedali toto: A: Dnes je nedeľa. B: Zajtra bude nedeľa. C: Včera nebola sobota Vyberte pravdivé tvrdenie.","A. Situácia nemôže nastať|B. Je utorok|C. Je pondelok, alebo piatok|D. Je nedeľa",B,Správna odpoveď: B.,M5,T9,VSP,bank,sk,true,9_VSJP8_Test_X9-1le8g0.pdf,9_VSJP8_Test_X9_Riesenie-t4fyh5.pdf,12
bank-t9-12-bd7d79d9de,"Ukážka 2: Názor čitateľ ky Zuzk y: Hamlet sa mi veľmi páčil a možno teraz niekoho naštvem, ale páči sa mi viac ako Rómeo a Júlia. Hamleta som prečítala za štyri dni a Rómea a Júliu som začala číta ť dvakrát a ani raz som to nedočítala. Túto knihu odporúčam hlavne tým, ktorí nie sú tak romanticky založení, ako napríklad ja. Je tu veľa zvratov a záplet iek , ale určite sa vám zapáči. Ďalej odporúčam: Othello, Pýcha a predsudok, Pýcha a predsudok a Zombiovia, Ľavá ruka boha, Krvou tetovaní, Nech vojde ten pravý, Twilight. Janka: Skvelá kniha. Žiadne nudné zdĺhavé opisy, úžasné myšlienky. Čítajte medzi riadkami. Keby sa dalo dať viac hviezdičiek, dám aj 10. Vrelo odporúčam. Koľkokrát prečítala Zuzka dielo Rómeo a Júlia?",A. 1|B. 2|C. 0|D. 3,C,nedočítala dielo ani ra z,M5,T9,VJS,bank,sk,true,VSJP8_Mudre-predplatne_9_Ulohy-khgcmh.pdf,VSJP8_Mudre-predplatne_9_Riesenia-bwpa8c.pdf,12
bank-cielene-c3-t9-13-38cec78c1d,V ktorej z nasledujúcich postupností sa nachádza chyba?,"A. A, D, G, J, M,|B. A, C, E, G, I, K,|C. A, B, D, E, G, I,|D. A, C, F, J, O,",D,"A, C, F, J, O, ... A – dve písmena vynechané, B – jedno písmeno vynechané, C – každé tretie písmeno vynechané (namiesto I malo ísť H) , D – vynechané jedno, potom dve, potom tri písmená",M5,T9,VSP,bank,sk,true,VSJP8_Test_Cielene_C.3-it2iqc.pdf,VSJP8_Test_Cielene_C.3_Riesenie-6uuacr.pdf,13
bank-exam-x9-t9-13-b1b9982646,U štyroch z nasledujúcich súčinov môžete bez výpočtu odhaliť chybu. Len jeden je výpočtov je správny. Ktorý?,A. 333·1 010 = 336 336|B. 3 205·123 = 394 212|C. 123·1 234 = 151 78|D. 1 034·141 = 145 793,C,Správna odpoveď: C.,M5,T9,VSP,bank,sk,true,9_VSJP8_Test_X9-1le8g0.pdf,9_VSJP8_Test_X9_Riesenie-t4fyh5.pdf,13
bank-t9-13-a54d345f87,Otázka sa vzťahuje na Ukážku 2. Ktoré tvrdenie týkajúce sa Zuzky je pravdivé?,A. Dielo odporúča len romantikom|B. Nemá veľa zápletiek a zvratov|C. Jej obľúbený autor je W. Shakespeare|D. Čítala minimálne tri knihy od Shakespeara,D,"Hamlet, Rómeo a Júlia, Othello.",M5,T9,VJS,bank,sk,true,VSJP8_Mudre-predplatne_9_Ulohy-khgcmh.pdf,VSJP8_Mudre-predplatne_9_Riesenia-bwpa8c.pdf,13
bank-cielene-c3-t9-14-0191662bcc,"Obchod Macíkovo predáva tri typy produktov: knihy, hračky a oblečenie. Vieme, že: • Všetky knihy sú v zľave. • Niektoré hračky sú v zľave. • Žiadne oblečenie nie je zľavnené. Ktoré tvrdenie je v rozpore s vyššie uvedeným?",A. Niektoré hračky sa dajú obliecť|B. Žiadna kniha sa nedá obliecť|C. Niektoré hračky sa dajú čítať|D. Niektoré oblečenie sa dá čítať,D,"Niektoré oblečenie sa dá čítať. D navzájom vylučujú p odmienky 1. a 3. (všetky knihy sú zľavnené / žiadne oblečenie nie je zľavnené). Pri ostatných možnostiach nájdeme nejaký produkt, ktor ý podmienk y spĺňa.",M5,T9,VSP,bank,sk,true,VSJP8_Test_Cielene_C.3-it2iqc.pdf,VSJP8_Test_Cielene_C.3_Riesenie-6uuacr.pdf,14
bank-exam-x9-t9-14-c2b134345a,Z nasledujúcich možností vyberte čísla na miestach otáznikov (ľavý; pravý):,A. 32; 54|B. 64; 9|C. 116; 127|D. 12; 127,B,Správna odpoveď: B.,M5,T9,VSP,bank,sk,true,9_VSJP8_Test_X9-1le8g0.pdf,9_VSJP8_Test_X9_Riesenie-t4fyh5.pdf,14
bank-t9-14-d82a1fc3d5,"Ukážka 3: V 19. storočí v birminghamskom priemysle stále dominovalo kovoobrábanie. Zamestnanci v tomto meste stále vyrábali klince, mosadzný tovar, matice, svorníky, skrutky a gombíky. Niektorí obyvatelia mesta boli tiež klenotníkmi či zbrojníkmi. Dôležitým priemysl om bolo tiež sklárstvo. Od konca 19. storočia bol v Bourneville významný aj kakaový a čokoládový priemysel. Ako väčšina miest na začiatku 19. storočia, aj Birmingham bol špinavý a hygienické podmienky by jednoznačne nespĺňali dnešný štandard. V polovici 19 . storočia sa však hygienické podmienky zlepšili. Dôvodom zlepšenia hygienických podmienok bol novoprijatý zákon, v ktorom bolo uvedené, že všetky nové domy musia byť napojené na kanalizáciu. Nanešťastie, zákon sa netýkal už postavených domov, niektorí obyvatelia preto museli čakať desaťročia, kým im konečne bolo umožnené napojiť sa na kanalizáciu. Spoločnosť Birmingham Water Company, založená v roku 1826, poskytovala potrubnú vodu do jednotlivých častí miest. Obyvat el ia však museli za túto službu platiť a preto si ju veľa ľudí nemohlo dovoliť. Tí sa spoliehali na studne a nosiče vody. Situácia sa napokon vy ri ešila výstavbou nádrže v údolí Elan v roku 1904, ktorá problémy s dodávkou vody vyriešila. Ktoré z tvrdení vyplýva z textu?","A. Finančné zdroje niektorých obyvateľov Birminghamu neboli postačujúce na potrubnú vodu|B. V 19. storočí zachránila situáciu s vodou v Birminghame až výstavba vodnej nádrže|C. Obyvatelia Birminghamu pracovali výhradne s kovom, so sklom alebo s čokoládou a kakaom|D. Po príjatí zákona museli byť všetky domy napojené na kanalizáciu",A,„Obyvatelia však museli za túto službu platiť a preto si ju veľa ľudí nemohlo dovoliť.“,M5,T9,VJS,bank,sk,true,VSJP8_Mudre-predplatne_9_Ulohy-khgcmh.pdf,VSJP8_Mudre-predplatne_9_Riesenia-bwpa8c.pdf,14
bank-cielene-c3-t9-15-a110c44c13,"Aká je pravdepodobnosť, že dvaja akíkoľvek ľudia v tejto miestnosti sa narodili v tom istom mesiaci? Predpokladáme, že všetky mesiace sú rovnako dlhé.",A. 1/144|B. 1/12|C. 12/100|D. 1/ 11,A,"1/ 11 Ak predpokladáme, že prvá osoba sa narodila v jednom z mesiacov (napr. máj), tak šanca, že aj druhá sa narodila vtedy, je 1 ku 12 (lebo máme 12 mesiacov).",M5,T9,VSP,bank,sk,true,VSJP8_Test_Cielene_C.3-it2iqc.pdf,VSJP8_Test_Cielene_C.3_Riesenie-6uuacr.pdf,15
bank-t9-15-f977d64353,"Ukážka 4: Rosnička zelená dorastá do dĺžky 5 cm a výšky 3 – 4 cm. Historicky je známa ako akýsi barometer, pretože reaguje na zmenu tlaku, ktorý kolíše obvykle pred dažďom. Sfarbenie rosničiek zelených je trochu premenlivé, pretože kožné pigmenty reagujú na teplotu a vlhkosť, a tak sa jej sfarbenie mení od svetlozelenej na tmavozelenú, žltkastú, šedú alebo dokonca až na hnedú. Zadné končatiny má viditeľne silnejšie, čo umožňuje rýchle skákanie. Predné sú oveľa dlhšie, hrubšie a všetky štyri umožňujú komunikáciu s ryb ami. Na oboch končatinách má priľnavé chodidlá určené na šplhanie a na pomerne guľatej hlave a na bokoch nápadný vodorovný čierny prúžok, ktorý sa tiahne od nozdier cez oko a ušný bubienok až k predným končatinám. Obe pohlavia sú si na prvý pohľad veľmi po dobné, ale bezpečnou odlišnosťou je samcov hnedožltý vak na hrdle. Živí sa širokou škálou obvykle živočíšnej potravy. Dospelí sa živia prevažne väčšími bezstavovcami, väčšinou potom hmyzom a pavúkmi, ktoré sa nachádzajú na listoch stromov a ktoré často lov ia pomocou rýchleho skoku, na ktorý korisť nestačí väčšinou nijak zareagovať. Ktorá veta do textu významovo nezapadá?","A. Dospelí sa živia prevažne väčšími bezstavovcami, väčšinou potom hmyzom a pavúkmi, ktoré sa nachádzajú na listoch stromov a ktoré často lovia pomocou rýchleho skoku, na ktorý korisť nestačí väčšinou nijak zareagovať|B. Predné sú oveľa dlhšie, hrubšie a všetky šty ri umožňujú komunikáciu s rybami|C. Historicky je známa ako akýsi barometer, pretože reaguje na zmenu tlaku, ktorý kolíše obvykle pred dažďom|D. Na oboch končatinách má priľnavé chodidlá určené na šplhanie a na pomerne guľatej hlave a na bokoch nápadný vodorovný čierny prúžok, ktorý sa tiahne od nozdier cez oko a ušný bubienok až k predným končatinám",B,Správna odpoveď: B.,M5,T9,VJS,bank,sk,true,VSJP8_Mudre-predplatne_9_Ulohy-khgcmh.pdf,VSJP8_Mudre-predplatne_9_Riesenia-bwpa8c.pdf,15
bank-cielene-c3-t9-16-efd106606d,"V kaviarni je 12 stolov, pri každom sú 4 kreslá. Najmenej koľko zákazníkov musí prísť, aby manažér mohol povedať, že majú obsadené všetky stoly (t.j. že pri každom stole určite niekto sedí)?",A. 45|B. 13|C. 24|D. 5,A,"5 Môžeme predpokladať, že 11 stolov je plne obsadených (á 4 ľudia) a na dvanástom nikto nesedí. Potrebujeme teda minimálne ešte jednu osobu navyše. 44+1=45.",M5,T9,VSP,bank,sk,true,VSJP8_Test_Cielene_C.3-it2iqc.pdf,VSJP8_Test_Cielene_C.3_Riesenie-6uuacr.pdf,16
bank-exam-x9-t9-16-477e5e9dfb,Pred Vami sú tri úplné symbolické rovnice a jedna neúplná. Na základe úplných rovníc doplňte príslušnú číselnú hodnotu do neúplnej rovnice.,A. −2|B. −6|C. 6|D. 2,D,Správna odpoveď: D.,M5,T9,VSP,bank,sk,true,9_VSJP8_Test_X9-1le8g0.pdf,9_VSJP8_Test_X9_Riesenie-t4fyh5.pdf,16
bank-t9-16-0c7b2bab47,"Ukážka 5: Július Satinský – Namiesto úvodu (úryvok) Pochádzam zo schudobnenej poľskej šľachty. Náš rod je zapísaný v šľachtickej matrike od roku 1618. Náš zoštátnený zámok leží na sever od Vratislavy (Rawicz). Prapradedo sa pridal k napoleonskému pluku a tiahol s ním cez Slavkov až do španielskej Zaragozy. Na tejto trase sa dodnes nachádzajú celé húfy Satinských (od mnohých dostávam do televízie listy). Jeden zo Satinských sa priatelil s Komenským a na zozname chirurgických nástrojov nájdete takzvané Satinského kliešte na otváranie hrudného koša… Na Maďara s om príliš skromný, na Poliaka príliš zlý obchodník, na Čecha som príliš márnotratný a na Rakúšana príliš zdravo vyvinutý, napísal som o sebe pred rokmi a na tom trvám. Skrátka a dobre, náš rod mal vždy na to, aby sa pred ním triasla celá Európa – najmä Eur ópanky. Pokiaľ viem, nikto z našej rodiny nebol vysokoškolsky vzdelaný. Šľachtickú minulosť vystriedala kapitalistická éra: môj dedo bol veľkoobchodník s prasatami, otec vlastnil kaviareň Grand a za socializmu sme boli komedianti. Narodil som sa 20. augusta 1941, moja manželka je doktorka psychiatrie a máme dve deti. S Milanom Lasicom vlastníme imaginárnu firmu L+S, obchod so slovnými hračkami, humorom a pesničkami s ručením obmedzeným. Július Satinský, 1994. Ktorá z možností vyplýva z Ukážky 5?",A. Július Satinský je podnikateľ|B. Podľa Satinského sú Poliaci dobrí obchodníci|C. Ér y šľachticov a kapitalistov sa časovo prekrývali|D. Maďari sú skromní,B,"„Na Maďara som príliš skromný, na Poliaka príliš zlý obchodník...“",M5,T9,VJS,bank,sk,true,VSJP8_Mudre-predplatne_9_Ulohy-khgcmh.pdf,VSJP8_Mudre-predplatne_9_Riesenia-bwpa8c.pdf,16
bank-cielene-c3-t9-17-23ea63f21d,V nasled ujúcich slovách sme poprehadzovali písmenká. Ktor é logicky nepatrí medzi ostatné?,A. mokonép|B. ebibar|C. gole|D. čybifrak,D,"čybifrak Pokémon, Barbie, Lego; farbičky nie sú detskou značkou.",M5,T9,VSP,bank,sk,true,VSJP8_Test_Cielene_C.3-it2iqc.pdf,VSJP8_Test_Cielene_C.3_Riesenie-6uuacr.pdf,17
bank-exam-x9-t9-17-33cdbffd78,"Tasavallan presidentti valitaan välittömällä vaalilla syntyperäisistä Suomen kansalaisista kuuden vuoden toimikaudeksi. Sama henkilö voidaan valita presidentiksi enintään kahdeksi peräkkäiseksi toimikaudeksi. Pre výňatok z ústavy jedného zo štátov EU platí, že jeho druhým úradným jazykom je úradný jazyk susedného kráľovstva. Určte, o ktorý štát sa jedná:",A. Fínsko|B. Estónsko|C. Nórsko|D. Švédsko,A,Správna odpoveď: A.,M5,T9,VSP,bank,sk,true,9_VSJP8_Test_X9-1le8g0.pdf,9_VSJP8_Test_X9_Riesenie-t4fyh5.pdf,17
bank-t9-17-c9be5e6228,Ktorou vlastnosťou autor textu nedisponuje v Ukážke 5?,A. skromnosť|B. stálosť|C. márnotratnosť|D. trpezlivosť,D,Správna odpoveď: D.,M5,T9,VJS,bank,sk,true,VSJP8_Mudre-predplatne_9_Ulohy-khgcmh.pdf,VSJP8_Mudre-predplatne_9_Riesenia-bwpa8c.pdf,17
bank-cielene-c3-t9-18-84c7028914,"Hra Potvora sa hrá s číslami. Na začiatku si zvolíme ľubovoľné prirodzené číslo. Potom ho postupne meníme : Ak je párne, vydelíme ho 4. Ak je nepárne, vynásobíme ho 7. Odrátame 21. Dve krajné číslice vymeníme. Pripočítame k nemu 13. Ak je nepárne, vynásobíme ho 2. Ak začneme s číslom 89 , k akému číslu dospejeme ?",A. 438|B. 1230|C. 219|D. 14 6,D,14 6 89 x 7 = 623 – 21 = 602 zmeníme na 206 + 13 = 219 x 2 = 438,M5,T9,VSP,bank,sk,true,VSJP8_Test_Cielene_C.3-it2iqc.pdf,VSJP8_Test_Cielene_C.3_Riesenie-6uuacr.pdf,18
bank-exam-x9-t9-18-b28d7d4a8f,Ktoré z nasledujúcich slov nepatrí svojím významom medzi ostatné?,A. bystrý|B. švárny|C. krásny|D. šumný,A,Správna odpoveď: A.,M5,T9,VSP,bank,sk,true,9_VSJP8_Test_X9-1le8g0.pdf,9_VSJP8_Test_X9_Riesenie-t4fyh5.pdf,18
bank-t9-18-d4c0671be0,"Ukážka 6: Jerome David Salinger – Kto chytá v žite (úryvok) Ak to fakt chcete počúvať, predovšetkým asi budete chcieť vedieť, kde som sa narodil, aké som mal detstvo, čo robili moji rodičia pred mojím narodením a podobné kraviny podľa vzoru Davida Copperfielda, ale aby som vám pravdu povedal, vôbec sa mi o tom nech ce rozprávať. Je to, po prvé, otrava a po druhé, moji rodičia by najmenej dva razy za sebou zinfarktovali, keby som niečo prezradil z ich súkromného života. Na také voľačo sú veľmi citliví, najmä otec. Inak sú celkom fajn – to nevravím – ale sú hrozne citl iví. Okrem toho vám nemienim rozprávať celý svoj mizerný životopis od a po zet. Porozprávam vám len o tých bláznivých dňoch vlani okolo Vianoc, keď som sa zosypal, musel prísť sem a dať si pohov. Kto je rozprávač príbehu Ukážky 6?",A. mladý chlapec|B. David Copperfield|C. Jerome David Salinger|D. sestra chlapca na úteku,A,"vyplýva z kontextu a jazyka rozprávača , ostatné možnosti možno vylúčiť",M5,T9,VJS,bank,sk,true,VSJP8_Mudre-predplatne_9_Ulohy-khgcmh.pdf,VSJP8_Mudre-predplatne_9_Riesenia-bwpa8c.pdf,18
bank-cielene-c3-t9-19-a0c6d2e439,"Vyber dvojicu slov, ktorá sa gramaticky a štylisticky najlepšie hodí na vynechané miesta: Podporte tvorbu nezávislej žurnalistiky, aby sme pre vás aj naďalej mohli pripravovať kvalitný obsah, a získajte okrem __________ prístupu k _________ obsahu aj elektronickú verziu ročenky KAUZY 2023.",A. ročného - kvalitnému|B. neobmedzeného - exkluzívnemu|C. doživotného - istému|D. limitovaného - obmedzenému,D,limitovaného - obmedzenému,M5,T9,VSP,bank,sk,true,VSJP8_Test_Cielene_C.3-it2iqc.pdf,VSJP8_Test_Cielene_C.3_Riesenie-6uuacr.pdf,19
bank-exam-x9-t9-19-4fa8e3ef53,"Americký štát Minnesota je známy ako zem tisícich jezier. Množstvo prírodných parkov a lesov využívajú Američania k rekreácii. Letá sú horúce, zimy naopak veľmi chladné. Určte polohu tohoto štátu na mape USA.",A. D|B. E|C. A|D. C,B,Správna odpoveď: B.,M5,T9,VSP,bank,sk,true,9_VSJP8_Test_X9-1le8g0.pdf,9_VSJP8_Test_X9_Riesenie-t4fyh5.pdf,19
bank-t9-19-a8ea282924,Ktoré tvrdenie odporuje informáciám uvedeným v texte Ukážky 6?,A. Hlavný hrdina rozpráva o svojom živote|B. Rodičia hlavného hrdinu si strážia svoje súkromie|C. Hlavný hrdina nemá rád svoj život|D. Hlavný hrdina príbehu hľadal pokoj,A,„Okrem toho vám nemienim rozprávať celý svoj mizerný životopis od a po zet.“,M5,T9,VJS,bank,sk,true,VSJP8_Mudre-predplatne_9_Ulohy-khgcmh.pdf,VSJP8_Mudre-predplatne_9_Riesenia-bwpa8c.pdf,19
bank-exam-x9-t9-20-ce7ee7d673,"Na stupňovité plošine je hracia kocka a vyznačená trasa, po ktorej sa kocka prevaľuje až do cieľovej pozície naznačené kockou s otáznikom. Určte, ktorá z navrhovaných možností",A. až|B. d)|C. zodpovedá správnemu rozložení číselných hodnôt na kocke v cieľovej pozícií. Súčet hodnôt na dvoch protiľahlých stranách kocky je vždy sedem,A,Správna odpoveď: A.,M5,T9,VSP,bank,sk,true,9_VSJP8_Test_X9-1le8g0.pdf,9_VSJP8_Test_X9_Riesenie-t4fyh5.pdf,20
bank-t9-20-a90f4c931d,"Ukážka 7: Kremnické gagy 2022 Európsky Festival humoru a satiry Kremnické gagy je originálne medzinárodné kultúrne podujatie s dlhoročnou tradíciou. Vznikol a realizuje sa od roku 1981 v krásnom historickom meste Kremnica, v geografickom strede Európy. Počas posledného augustového víke ndu vyhľadáva a následne uvádza inšpiratívne diela či výkony umelcov z celého sveta. Cieľom festivalu je monitorovanie domácej a zahraničnej tvorby, výsledkom ktorej je multižánrová prehliadka umeleckého programu s dôrazom na humor, satiru a kultivovanú zá bavu. Gagy oceňujú prostredníctvom Akadémie humoru najlepšie umenie daného festivalového ročníka prestížnou cenou Zlatý gunár. Rovnako poukazuje aj na aktuálne dianie v spoločnosti a udeľuje anticenu Trafená hus za niečo, nad čím aj humoristom rozum zastan e. Súčasťou festivalu je tiež populárna expozícia Múzea gýča, ale aj unikátna Ulička slávnych nosov, v ktorej sú umiestnené reliéfy osobností so zmyslom pre humor, ktorí už nie sú medzi nami. Kedy sa konajú Kremnické gagy?",A. počas týždňa|B. na konci leta|C. na poludnie|D. po smrti alebo úspechu komika,B,počas posledného augustového víkendu,M5,T9,VJS,bank,sk,true,VSJP8_Mudre-predplatne_9_Ulohy-khgcmh.pdf,VSJP8_Mudre-predplatne_9_Riesenia-bwpa8c.pdf,20
bank-cielene-c3-t9-21-b76b486f75,"Vyber možnosť, v ktorej sa nachádza slovo, ktorým možno nahradiť zvýraznené slovo vo vete. Jeho neduživá tvár hovorila za všetko.",A. diagnostická|B. chorľavá|C. nazlostená|D. bezúhonná,D,bezúhonná,M5,T9,VSP,bank,sk,true,VSJP8_Test_Cielene_C.3-it2iqc.pdf,VSJP8_Test_Cielene_C.3_Riesenie-6uuacr.pdf,21
bank-cielene-c3-t9-22-6e8bd1af3f,"Z ponúkaných slovies vyber to, ktoré má podobný význam ako sloveso ratovať .",A. tešiť sa|B. naťahovať|C. strieľať|D. zachraňovať,D,zachraňovať,M5,T9,VSP,bank,sk,true,VSJP8_Test_Cielene_C.3-it2iqc.pdf,VSJP8_Test_Cielene_C.3_Riesenie-6uuacr.pdf,22
bank-cielene-c3-t9-23-ca6a2223e4,"Aj keď pravdepodobne neovládaš latinčinu, pokús sa určiť, čo znamená výrok : Tempus fugit .","A. Rýchlo utekaj|B. Temperamentný živel|C. Čas letí|D. Dýcham, žijem",D,"Dýcham, žijem. Tempo/tempus znamená čas.",M5,T9,VSP,bank,sk,true,VSJP8_Test_Cielene_C.3-it2iqc.pdf,VSJP8_Test_Cielene_C.3_Riesenie-6uuacr.pdf,23
bank-cielene-c3-t9-24-7d5ddb184f,"V ktorej vete nemožno v oboch zvýraznených slovách zmeniť poradie písmen tak, aby vznikli spisovné a správne napísané slová, ktoré sa významovo aj gramaticky hodia?","A. Afrika je známa svojou IAOHSRZLOU geografickou rozmanitosťou, zahŕňajúcou obrovské TÚŠEP ako Sahara na severe a husté pralesy v stredných oblastiach|B. Jej AOHBTÝ história zahŕňa staroveké civilizácie ako Egypt, pobrežie Svahilu a Malijskú UÍŠR|C. Kontinent sa môže pochváliť mnohými národnými parkami a VRÁCEIARZMIE venovanými ochrane HEJO jedinečných ekosystémov|D. Afrika má komplexnú históriu formovanú YMSKÓRPUE kolonializmom, pričom rôzne krajiny získavali nezávislosť v strede 20. TSIAČORO",D,"Afrika má komplexnú históriu formovanú YMSKÓRPUE kolonializmom, pričom rôzne krajiny získavali nezávislosť v strede 20. TSIAČORO . A - rozsiahlou, púšte, B - bohatÝ (á), ríšu, C – rezerváciami, jeho, D – európskym, storočia",M5,T9,VSP,bank,sk,true,VSJP8_Test_Cielene_C.3-it2iqc.pdf,VSJP8_Test_Cielene_C.3_Riesenie-6uuacr.pdf,24
bank-cielene-c3-t9-25-4d93348abe,Ktorá z nasledujúcich vlastností sa nespája s človekom ?,A. prieberčivosť|B. transparentnosť|C. strmosť|D. prudkosť,D,prudkosť,M5,T9,VSP,bank,sk,true,VSJP8_Test_Cielene_C.3-it2iqc.pdf,VSJP8_Test_Cielene_C.3_Riesenie-6uuacr.pdf,25
bank-cielene-c3-t9-26-fbe8c351e6,"Slovné spojenie obytný dom má rovnaký rytmus ako slovné spojenie zelený strom , ale iný rytmus ako spojenie kráľovský trón . Ktoré z uvedených slovných spojení má iný rytmus ako ostatné tri?",A. bez nabíjačky|B. nie sme náročky|C. neber nám zošit|D. moratórium,D,"KKDKK – slovo moratórium je cudzie, preto IU nie je dvojhláska",M5,T9,VSP,bank,sk,true,VSJP8_Test_Cielene_C.3-it2iqc.pdf,VSJP8_Test_Cielene_C.3_Riesenie-6uuacr.pdf,26
bank-cielene-c3-t9-27-75f1f70c25,"V ktorom z uvedených slov nemožno nahradiť otázniky písmenami (1 otáznik = 1 písmeno) tak, aby vzniklo slovo (v nominatíve singuláru) označujúce školskú pomôcku ?",A. ??AVÍ??|B. ?OŠI?|C. ??UŽID??|D. ??RAČ???,C,"PRAVÍTK (chýba jedno písmeno) , B. ZOŠIT, C. KRUŽIDLO, D. PERAČNÍK",M5,T9,VSP,bank,sk,true,VSJP8_Test_Cielene_C.3-it2iqc.pdf,VSJP8_Test_Cielene_C.3_Riesenie-6uuacr.pdf,27
bank-cielene-c3-t9-28-bbce4d30b1,"Nasledujúci text je v jazyku Interlingua. a j keď pravdepodobne tento jazyk neovládaš , skús identifikovať ústrednú tému textu. Ukážka 2 Le technologia moderne ha revolutionate le maniera in que nos vive e labora. Le communication es ora immediate e global, grazie a dispositivos como telephonos cellular e Internet. Le evolution del intelligentia artificial e del machinas cognitiv ha aperte nove portas a possibilitates previemente impensabile. Le apparatos intelligente, como assistentes virtual e robots domestic, facilita le vita quotidiane. Illos es capace de comprender e responder a nostre commandos, organisar le agenda, e simplificar le functionamento de nostre casas.",A. nástrahy na sociálnych sieťach|B. možnosti podnikania na internete|C. moderné technológie|D. reklama na operačný systém,D,reklama na operačný systém,M5,T9,VSP,bank,sk,true,VSJP8_Test_Cielene_C.3-it2iqc.pdf,VSJP8_Test_Cielene_C.3_Riesenie-6uuacr.pdf,28
bank-cielene-c3-t9-29-6a7f8ba383,Otázka sa týka Ukážky 2. Označ správny preklad prvej vety ukážky.,"A. Technika modernizácie je revolučná v správaní ľudí a dokonca aj v učení|B. Technológie modernizujú už aj revolúcie, maniere ľudí, zvierat a typickým príkladom je život labradorov|C. Moderná technická revolúcia začala vlastne priemyselnou revolúciou s prvotným začiatkom v textilných továrňach|D. Moderné technológie spôsobili revolúciu v spôsobe, akým žijeme a pracujeme",D,"Moderné technológie spôsobili revolúciu v spôsobe, akým žijeme a pracujeme.",M5,T9,VSP,bank,sk,true,VSJP8_Test_Cielene_C.3-it2iqc.pdf,VSJP8_Test_Cielene_C.3_Riesenie-6uuacr.pdf,29
bank-cielene-c3-t9-30-c04146a827,Otázka sa týka Ukážky 2. Oz nač správny preklad zvýrazneného slova v ukážke.,A. sláva|B. vďaka|C. grácia|D. garáže,D,garáže,M5,T9,VSP,bank,sk,true,VSJP8_Test_Cielene_C.3-it2iqc.pdf,VSJP8_Test_Cielene_C.3_Riesenie-6uuacr.pdf,30
bank-cielene-c3-t9-31-ac6495c54f,Ktoré slovo nie je synonymom k slovu terén ?,A. paradigma|B. povrch|C. krajina|D. reliéf,D,reliéf,M5,T9,VSP,bank,sk,true,VSJP8_Test_Cielene_C.3-it2iqc.pdf,VSJP8_Test_Cielene_C.3_Riesenie-6uuacr.pdf,31
bank-cielene-c3-t9-32-a539e44765,"V ktorej možnosti ne môžeme na zakr yté miesto doplniť slov á synergia, synergický, synergii, synergickej ?",A. Od 11. 11. 2023 ako napadol prvý sneh je opäť na Skalke živo a úprava bežeckých tratí priťahuje čoraz viac ___________ vyznávačov úzkych lyži|B. Projekt dosiahol úspech vďaka ___________ skúsených odborníkov a mladých talentov|C. Inovatívne nápady a tradičné postupy sa stretli v ___________ kombinácii. spoločných cieľov,C,"Inovatívne nápady a tradičné postupy sa stretli v ___________ kombinácii. spoločných cieľov. Synergia = spolupráca, súčinnosť; súčinnosť svalov pri vykonávaní určitého pohybu.",M5,T9,VSP,bank,sk,true,VSJP8_Test_Cielene_C.3-it2iqc.pdf,VSJP8_Test_Cielene_C.3_Riesenie-6uuacr.pdf,32
bank-cielene-c3-t9-33-fa0c5c44c9,"V nasledujúcom texte sú vynechané dve slová. Vyber tú z možností, ktorá najvhodnejšie doplní text. Zákonodarcovia pripravujú viacero legislatív, ktoré by mali spotrebiteľov ___________ k vyššej miere opráv produktov namiesto ich ___________ a neustáleho nakupovania nových.",A. smerovať - neschopnosti|B. tlačiť - nehorázneho|C. osloviť - spracovávania|D. motivovať - vyhadzovania,D,motivovať - vyhadzovania,M5,T9,VSP,bank,sk,true,VSJP8_Test_Cielene_C.3-it2iqc.pdf,VSJP8_Test_Cielene_C.3_Riesenie-6uuacr.pdf,33
bank-cielene-c3-t9-34-28b92e5d2e,V ktorej možnosti sa nenachádza synonymický rad ?,A. horizontálny – vodorovný – obzorníkový|B. sparťanský – prísny – neoblomný|C. galantný – zdvorilý – gavaliersky|D. podnikavý – činný – blahočinný,D,podnikavý – činný – blahočinný,M5,T9,VSP,bank,sk,true,VSJP8_Test_Cielene_C.3-it2iqc.pdf,VSJP8_Test_Cielene_C.3_Riesenie-6uuacr.pdf,34
bank-cielene-c3-t9-35-cb2a734864,"Väčšina prídavných mien je použiteľná v spojení s mnohými podstatnými menami (napr. pekné, malý, ťažké). Existujú však aj prídavné mená, ktoré možno v danom rode použiť len v spojení s veľmi malým množstvom podstatných mien. Ktoré z nasledujúcich prídavných mien má túto vlastnosť?",A. dioptrické|B. nedôveryhodná|C. bezodný|D. gymnastické,D,gymnastické Najčastejšie spojenie sú dioptrické okuliare.,M5,T9,VSP,bank,sk,true,VSJP8_Test_Cielene_C.3-it2iqc.pdf,VSJP8_Test_Cielene_C.3_Riesenie-6uuacr.pdf,35
bank-cielene-c3-t9-36-83b78f2963,V ktorej možnosti sa nenachádza správny význam cudzieho slova?,A. orient – východ|B. vertikálny – zvislý|C. dimenzia – prerozdelenie|D. importovaný – nepôvodný,D,importovaný – nepôvodný,M5,T9,VSP,bank,sk,true,VSJP8_Test_Cielene_C.3-it2iqc.pdf,VSJP8_Test_Cielene_C.3_Riesenie-6uuacr.pdf,36
bank-cielene-c3-t9-38-f529365d88,Z nasledujúcich slov sme vynechali trojicu samohlások. V troch prípadoch išlo o tú istú trojicu samohlások. Z ktorého slova sme vynechali inú trojicu ako zo zvyšných troch?,A. NSTNK|B. PLNK|C. RSNK|D. LKRK,D,"LKRK Trojica Á -E-A (nástenka, pálenka, lekárka ).",M5,T9,VSP,bank,sk,true,VSJP8_Test_Cielene_C.3-it2iqc.pdf,VSJP8_Test_Cielene_C.3_Riesenie-6uuacr.pdf,38
bank-cielene-c3-t9-39-8d15b7d5c1,Ktorý jazyk nepatrí medzi ostatné?,A. holandčina|B. islandčina|C. nórčina|D. fínčina,D,"fínčina Možnosti A., B., C., patria medzi germánske jazyky, fínčina je ugrofínsky jazyk.",M5,T9,VSP,bank,sk,true,VSJP8_Test_Cielene_C.3-it2iqc.pdf,VSJP8_Test_Cielene_C.3_Riesenie-6uuacr.pdf,39
bank-cielene-c3-t9-40-cb9bedbaec,"V akom jazyku je písan á nasledujúca ukážka? Les musées renommés, tels que le Louvre, abritent des trésors artistiques du monde entier. Flâner le long de la Seine, admirer la tour illuminée la nuit et s'imprégner de la romance intemporelle font partie intégrante de l'expérience parisienne.",A. španielčina|B. francúžština|C. portugalčina|D. rumunčina,D,rumunčina,M5,T9,VSP,bank,sk,true,VSJP8_Test_Cielene_C.3-it2iqc.pdf,VSJP8_Test_Cielene_C.3_Riesenie-6uuacr.pdf,40
bank-cielene-c3-t9-42-75136a5f92,V ktorej možnosti nemožno pomocou predpony i nter - vytvoriť zmysluplné slov o?,A. -tinentný|B. -vencia|C. -akcia|D. -net,A,"IMPERtinentný, B. INTERvencia, C. INTERakcia, D. INTERnet",M5,T9,VSP,bank,sk,true,VSJP8_Test_Cielene_C.3-it2iqc.pdf,VSJP8_Test_Cielene_C.3_Riesenie-6uuacr.pdf,42
bank-cielene-c3-t9-43-1aa2606cc4,Ktorý z mesiacov je v Česku druhý v poradí?,A. únor|B. leden|C. březen|D. srpen,D,srpen,M5,T9,VSP,bank,sk,true,VSJP8_Test_Cielene_C.3-it2iqc.pdf,VSJP8_Test_Cielene_C.3_Riesenie-6uuacr.pdf,43
bank-cielene-c3-t9-44-8131a8ff9f,Ktorá z možností z frazeologického hľadiska nedáva zmysel?,"A. Umývať riad v tejto domácnosti je sizyfovská práca|B. Jakub a Maťo sa zas pohádali, niekedy je to s nimi Pandorina skrinka|C. Rovnice s dvoma neznámymi sú Majkina Achillova päta|D. K narodeninám som dostal skutočne danajský dar – pri zoskoku s padákom si zlomil ruku",D,"K narodeninám som dostal skutočne danajský dar – pri zoskoku s padákom si zlomil ruku. V modernej dobe sa označenie Pandorina skrinka používa ako idióm znamenajúci „akýkoľvek zdroj veľkých a nečakaných problémov“ alebo „dar, ktorý sa zdá byť cenný, ale v skutočnosti je prekliatím.“",M5,T9,VSP,bank,sk,true,VSJP8_Test_Cielene_C.3-it2iqc.pdf,VSJP8_Test_Cielene_C.3_Riesenie-6uuacr.pdf,44
bank-cielene-c3-t9-45-6d33e88371,"Vyber, k torá z nasledujúcich možností sa nemôže spájať so slovom neborák ?",A. sused|B. prach|C. vedúci|D. súťažiaci VŠEOBECNÝ PREHĽAD,D,súťažiaci VŠEOBECNÝ PREHĽAD,M5,T9,VSP,bank,sk,true,VSJP8_Test_Cielene_C.3-it2iqc.pdf,VSJP8_Test_Cielene_C.3_Riesenie-6uuacr.pdf,45
bank-cielene-c3-t9-46-c7b472a630,V k tor ej z nasledujúcich možností sú veľkosti usporiadané vzostupne?,A. XL – L – M – S – XS|B. S – L – C – D – M|C. L – XM – M – S – XS|D. XS – S – L – XL – XXL,D,XS – S – L – XL – XXL,M5,T9,VSP,bank,sk,true,VSJP8_Test_Cielene_C.3-it2iqc.pdf,VSJP8_Test_Cielene_C.3_Riesenie-6uuacr.pdf,46
bank-cielene-c3-t9-47-13187ce59d,Ktorý štát nepatrí medzi ostatné?,A. Indonézia|B. Japonsko|C. India|D. Maldivy,D,Maldivy India nie je ostrov ný štát .,M5,T9,VSP,bank,sk,true,VSJP8_Test_Cielene_C.3-it2iqc.pdf,VSJP8_Test_Cielene_C.3_Riesenie-6uuacr.pdf,47
bank-cielene-c3-t9-48-a19cade23c,"Vyber správnu možnosť, ktorá sa hodí do vety: Jedna ________ leto nerobí.",A. kvapka rosy|B. žaba|C. konvalinka|D. lastovička,D,lastovička,M5,T9,VSP,bank,sk,true,VSJP8_Test_Cielene_C.3-it2iqc.pdf,VSJP8_Test_Cielene_C.3_Riesenie-6uuacr.pdf,48
bank-cielene-c3-t9-49-952411ad81,"Označ možnosť, v ktorej je správne uvedené rímske číslo.",A. LCDM|B. XVIII|C. MMDCIV X|D. MDCLXLVIIII,D,MDCLXLVIIII,M5,T9,VSP,bank,sk,true,VSJP8_Test_Cielene_C.3-it2iqc.pdf,VSJP8_Test_Cielene_C.3_Riesenie-6uuacr.pdf,49
bank-cielene-c3-t9-50-609b6576b9,Ktorá z nasledujúcich možností nepomenúva existujúce more ?,A. Írske more|B. Keltské more|C. Sever né more|D. Yor kshirské more SKVELÁ PRÁCA! NEZABUDNI SI TEST SKONTROLOVAŤ,D,Yor kshirské more,M5,T9,VSP,bank,sk,true,VSJP8_Test_Cielene_C.3-it2iqc.pdf,VSJP8_Test_Cielene_C.3_Riesenie-6uuacr.pdf,50
